mmsi,timestamp,lat,lon,sog,cog
200000001,2026-03-01 00:00:00+00:00,12.95914,44.050022,9.93,255.4
200000002,2026-03-01 00:00:00+00:00,12.863695,45.816052,14.0,256.5
200000003,2026-03-01 00:00:00+00:00,12.997662,44.748602,12.31,83.5
200000004,2026-03-01 00:00:00+00:00,12.478975,45.976047,10.04,278.6
200000005,2026-03-01 00:00:00+00:00,12.471727,45.922938,14.25,88.5
200000006,2026-03-01 00:00:00+00:00,13.080432,44.542516,10.26,80.7
200000007,2026-03-01 00:00:00+00:00,13.029477,45.276627,13.9,267.8
200000008,2026-03-01 00:00:00+00:00,13.122445,45.807093,15.52,252.9
200000009,2026-03-01 00:00:00+00:00,12.233576,44.021112,12.24,75.4
200000010,2026-03-01 00:00:00+00:00,12.268318,45.180631,9.7,91.8
200000011,2026-03-01 00:00:00+00:00,13.436693,44.172773,14.23,73.2
200000012,2026-03-01 00:00:00+00:00,12.720729,44.872137,12.13,262.7
200000013,2026-03-01 00:00:00+00:00,12.554457,45.368534,12.15,249.9
200000014,2026-03-01 00:00:00+00:00,13.142518,45.334441,11.2,91.7
200000015,2026-03-01 00:00:00+00:00,12.801736,44.376677,15.69,76.5
200000016,2026-03-01 00:00:00+00:00,12.328356,45.359962,10.02,83.4
200000017,2026-03-01 00:00:00+00:00,12.373512,45.646821,11.48,69.2
200000018,2026-03-01 00:00:00+00:00,12.622075,44.483109,8.93,248.0
200000019,2026-03-01 00:00:00+00:00,13.035889,45.728628,13.67,89.4
200000020,2026-03-01 00:00:00+00:00,12.715659,44.269211,12.94,86.7
200000021,2026-03-01 00:00:00+00:00,12.138618,44.710306,13.44,255.6
200000022,2026-03-01 00:00:00+00:00,12.878516,45.162541,15.23,251.1
200000023,2026-03-01 00:00:00+00:00,13.052399,44.864955,15.04,82.3
200000024,2026-03-01 00:00:00+00:00,12.626588,45.466899,12.15,269.7
200000025,2026-03-01 00:00:00+00:00,12.325209,44.047625,10.32,74.3
200000026,2026-03-01 00:00:00+00:00,12.310696,44.628424,14.07,253.9
200000027,2026-03-01 00:00:00+00:00,13.189965,44.172848,11.4,69.9
200000028,2026-03-01 00:00:00+00:00,12.83369,45.058579,13.79,72.5
200000029,2026-03-01 00:00:00+00:00,12.178492,44.956643,15.58,74.8
200000030,2026-03-01 00:00:00+00:00,12.080255,45.211675,11.58,71.3
200000031,2026-03-01 00:00:00+00:00,12.372829,45.951728,12.68,70.2
200000032,2026-03-01 00:00:00+00:00,12.861004,44.624517,10.63,265.1
200000033,2026-03-01 00:00:00+00:00,13.059609,44.731689,11.59,259.8
200000034,2026-03-01 00:00:00+00:00,12.204541,44.229597,11.52,253.9
200000035,2026-03-01 00:00:00+00:00,12.530853,45.658866,10.49,74.9
200000036,2026-03-01 00:00:00+00:00,12.820294,44.270738,10.16,69.2
200000037,2026-03-01 00:00:00+00:00,12.764082,45.694608,15.34,267.4
200000038,2026-03-01 00:00:00+00:00,12.431293,46.003688,20.51,308.1
200000039,2026-03-01 00:00:00+00:00,13.331293,44.903688,20.13,124.0
200000040,2026-03-01 00:00:00+00:00,13.097644,45.62073,9.82,12.7
200000001,2026-03-01 00:02:00+00:00,12.957785,44.044507,9.71,257.6
200000002,2026-03-01 00:02:00+00:00,12.861797,45.808312,14.01,254.6
200000003,2026-03-01 00:02:00+00:00,12.998256,44.7556,12.23,86.9
200000004,2026-03-01 00:02:00+00:00,12.479335,45.970417,9.82,275.7
200000005,2026-03-01 00:02:00+00:00,12.472327,45.930874,14.18,84.0
200000006,2026-03-01 00:02:00+00:00,13.081087,44.548085,9.89,84.3
200000007,2026-03-01 00:02:00+00:00,13.02906,45.268825,13.5,267.1
200000008,2026-03-01 00:02:00+00:00,13.119906,45.79874,15.53,251.3
200000009,2026-03-01 00:02:00+00:00,12.234804,44.027981,12.3,82.9
200000010,2026-03-01 00:02:00+00:00,12.268315,45.186107,9.73,89.9
200000011,2026-03-01 00:02:00+00:00,13.438702,44.180703,14.44,76.4
200000012,2026-03-01 00:02:00+00:00,12.719804,44.865178,12.19,263.4
200000013,2026-03-01 00:02:00+00:00,12.552446,45.361854,12.15,254.7
200000014,2026-03-01 00:02:00+00:00,13.142472,45.340875,11.47,89.0
200000015,2026-03-01 00:02:00+00:00,12.803988,44.385338,15.81,73.2
200000016,2026-03-01 00:02:00+00:00,12.3292,45.365595,9.96,78.3
200000017,2026-03-01 00:02:00+00:00,12.376004,45.652801,11.19,67.2
200000018,2026-03-01 00:02:00+00:00,12.620042,44.478314,9.2,247.5
200000019,2026-03-01 00:02:00+00:00,13.036456,45.736431,13.44,87.8
200000020,2026-03-01 00:02:00+00:00,12.716383,44.27665,13.06,86.3
200000021,2026-03-01 00:02:00+00:00,12.136597,44.702923,13.27,254.1
200000022,2026-03-01 00:02:00+00:00,12.875739,45.154378,15.33,253.4
200000023,2026-03-01 00:02:00+00:00,13.053438,44.873474,15.03,82.3
200000024,2026-03-01 00:02:00+00:00,12.626624,45.459928,12.29,270.1
200000025,2026-03-01 00:02:00+00:00,12.326943,44.053187,10.22,71.8
200000026,2026-03-01 00:02:00+00:00,12.308869,44.620683,14.19,254.8
200000027,2026-03-01 00:02:00+00:00,13.192169,44.178943,11.48,68.9
200000028,2026-03-01 00:02:00+00:00,12.835905,45.066305,14.27,75.2
200000029,2026-03-01 00:02:00+00:00,12.18032,44.96529,15.58,79.2
200000030,2026-03-01 00:02:00+00:00,12.082341,45.217957,11.55,71.9
200000031,2026-03-01 00:02:00+00:00,12.375375,45.958681,12.95,70.1
200000032,2026-03-01 00:02:00+00:00,12.860211,44.618538,10.74,259.5
200000033,2026-03-01 00:02:00+00:00,13.058207,44.725222,11.48,257.1
200000034,2026-03-01 00:02:00+00:00,12.202806,44.223156,11.96,252.2
200000035,2026-03-01 00:02:00+00:00,12.532423,45.664579,10.33,73.6
200000036,2026-03-01 00:02:00+00:00,12.822311,44.276046,10.04,68.8
200000037,2026-03-01 00:02:00+00:00,12.764263,45.685767,15.54,273.4
200000038,2026-03-01 00:02:00+00:00,12.438552,45.994817,20.12,307.0
200000039,2026-03-01 00:02:00+00:00,13.324035,44.912559,20.45,129.5
200000040,2026-03-01 00:02:00+00:00,13.102944,45.622001,10.66,10.8
200000001,2026-03-01 00:04:00+00:00,12.956569,44.038958,10.04,255.3
200000002,2026-03-01 00:04:00+00:00,12.86017,45.800508,13.81,254.8
200000003,2026-03-01 00:04:00+00:00,12.99881,44.762601,12.24,84.7
200000004,2026-03-01 00:04:00+00:00,12.479568,45.96478,9.97,272.7
200000005,2026-03-01 00:04:00+00:00,12.472879,45.938814,13.81,89.2
200000006,2026-03-01 00:04:00+00:00,13.081763,44.553652,9.73,85.6
200000007,2026-03-01 00:04:00+00:00,13.028626,45.261024,13.63,267.3
200000008,2026-03-01 00:04:00+00:00,13.117436,45.790365,15.43,250.4
200000009,2026-03-01 00:04:00+00:00,12.236011,44.034854,12.41,83.0
200000010,2026-03-01 00:04:00+00:00,12.268403,45.191582,9.78,91.3
200000011,2026-03-01 00:04:00+00:00,13.441,44.18855,14.76,76.1
200000012,2026-03-01 00:04:00+00:00,12.718849,44.858223,12.29,265.0
200000013,2026-03-01 00:04:00+00:00,12.550105,45.355288,12.31,246.1
200000014,2026-03-01 00:04:00+00:00,13.142351,45.347307,11.3,91.3
200000015,2026-03-01 00:04:00+00:00,12.806384,44.393959,15.62,77.7
200000016,2026-03-01 00:04:00+00:00,12.330175,45.371205,10.24,80.1
200000017,2026-03-01 00:04:00+00:00,12.378586,45.658742,11.32,69.4
200000018,2026-03-01 00:04:00+00:00,12.618068,44.473492,9.13,245.9
200000019,2026-03-01 00:04:00+00:00,13.037088,45.744228,13.81,88.2
200000020,2026-03-01 00:04:00+00:00,12.717011,44.284099,13.13,83.5
200000021,2026-03-01 00:04:00+00:00,12.134659,44.695516,13.51,254.9
200000022,2026-03-01 00:04:00+00:00,12.873313,45.146097,15.24,254.5
200000023,2026-03-01 00:04:00+00:00,13.054135,44.882031,14.94,80.6
200000024,2026-03-01 00:04:00+00:00,12.626521,45.452957,12.2,266.9
200000025,2026-03-01 00:04:00+00:00,12.328531,44.058794,10.39,73.1
200000026,2026-03-01 00:04:00+00:00,12.307197,44.612906,13.84,258.1
200000027,2026-03-01 00:04:00+00:00,13.194406,44.185026,11.13,71.3
200000028,2026-03-01 00:04:00+00:00,12.837844,45.074109,14.4,75.9
200000029,2026-03-01 00:04:00+00:00,12.181923,44.973985,15.47,80.4
200000030,2026-03-01 00:04:00+00:00,12.084144,45.224331,11.95,74.9
200000031,2026-03-01 00:04:00+00:00,12.377708,45.965712,12.96,66.3
200000032,2026-03-01 00:04:00+00:00,12.859252,44.612584,10.67,261.8
200000033,2026-03-01 00:04:00+00:00,13.05665,44.718792,11.72,256.3
200000034,2026-03-01 00:04:00+00:00,12.200913,44.216762,11.82,255.3
200000035,2026-03-01 00:04:00+00:00,12.534124,45.670253,10.45,75.8
200000036,2026-03-01 00:04:00+00:00,12.82445,44.281304,9.86,67.2
200000037,2026-03-01 00:04:00+00:00,12.763899,45.676933,15.6,267.1
200000038,2026-03-01 00:04:00+00:00,12.44581,45.985946,20.6,311.8
200000039,2026-03-01 00:04:00+00:00,13.316777,44.92143,20.27,128.7
200000040,2026-03-01 00:04:00+00:00,13.10926,45.623516,6.6,12.3
200000001,2026-03-01 00:06:00+00:00,12.955172,44.033454,9.96,256.0
200000002,2026-03-01 00:06:00+00:00,12.858682,45.792675,14.09,261.1
200000003,2026-03-01 00:06:00+00:00,12.999632,44.769575,12.1,86.3
200000004,2026-03-01 00:06:00+00:00,12.479936,45.959151,9.75,272.4
200000005,2026-03-01 00:06:00+00:00,12.473351,45.946758,14.36,87.0
200000006,2026-03-01 00:06:00+00:00,13.082481,44.559213,9.71,84.7
200000007,2026-03-01 00:06:00+00:00,13.028411,45.253213,13.65,268.2
200000008,2026-03-01 00:06:00+00:00,13.114873,45.78202,15.48,256.8
200000009,2026-03-01 00:06:00+00:00,12.237028,44.041759,12.36,83.1
200000010,2026-03-01 00:06:00+00:00,12.26831,45.197057,9.73,86.8
200000011,2026-03-01 00:06:00+00:00,13.44326,44.196409,14.32,77.7
200000012,2026-03-01 00:06:00+00:00,12.717809,44.85128,12.42,261.2
200000013,2026-03-01 00:06:00+00:00,12.54767,45.348757,12.34,249.7
200000014,2026-03-01 00:06:00+00:00,13.142461,45.353739,11.34,86.7
200000015,2026-03-01 00:06:00+00:00,12.808623,44.402624,15.61,77.0
200000016,2026-03-01 00:06:00+00:00,12.331371,45.376771,10.25,77.2
200000017,2026-03-01 00:06:00+00:00,12.380961,45.664773,11.66,73.0
200000018,2026-03-01 00:06:00+00:00,12.615868,44.468775,9.17,244.2
200000019,2026-03-01 00:06:00+00:00,13.037689,45.752028,13.44,83.9
200000020,2026-03-01 00:06:00+00:00,12.717843,44.291526,13.23,83.9
200000021,2026-03-01 00:06:00+00:00,12.132747,44.688102,13.57,253.1
200000022,2026-03-01 00:06:00+00:00,12.871006,45.137782,14.88,254.5
200000023,2026-03-01 00:06:00+00:00,13.054858,44.890585,15.2,86.8
200000024,2026-03-01 00:06:00+00:00,12.626642,45.445987,12.07,275.3
200000025,2026-03-01 00:06:00+00:00,12.330162,44.064389,10.14,71.2
200000026,2026-03-01 00:06:00+00:00,12.30541,44.605155,13.91,255.9
200000027,2026-03-01 00:06:00+00:00,13.196479,44.19117,11.29,70.6
200000028,2026-03-01 00:06:00+00:00,12.839849,45.081894,14.16,79.1
200000029,2026-03-01 00:06:00+00:00,12.183502,44.982684,15.77,81.3
200000030,2026-03-01 00:06:00+00:00,12.085725,45.230765,11.71,74.2
200000031,2026-03-01 00:06:00+00:00,12.380056,45.972737,13.37,72.9
200000032,2026-03-01 00:06:00+00:00,12.858079,44.606671,10.45,260.5
200000033,2026-03-01 00:06:00+00:00,13.054836,44.712434,11.8,254.2
200000034,2026-03-01 00:06:00+00:00,12.199221,44.210309,11.75,255.8
200000035,2026-03-01 00:06:00+00:00,12.535758,45.675947,10.08,72.6
200000036,2026-03-01 00:06:00+00:00,12.826522,44.28659,10.17,69.5
200000037,2026-03-01 00:06:00+00:00,12.763647,45.668094,15.5,268.9
200000038,2026-03-01 00:06:00+00:00,12.453068,45.977075,20.18,309.1
200000039,2026-03-01 00:06:00+00:00,13.309519,44.930301,20.46,130.8
200000040,2026-03-01 00:06:00+00:00,13.110072,45.623711,4.15,18.4
200000001,2026-03-01 00:08:00+00:00,12.953723,44.027964,10.13,255.7
200000002,2026-03-01 00:08:00+00:00,12.85713,45.784854,13.89,256.5
200000003,2026-03-01 00:08:00+00:00,13.000331,44.776562,12.39,83.0
200000004,2026-03-01 00:08:00+00:00,12.480235,45.953517,9.86,269.3
200000005,2026-03-01 00:08:00+00:00,12.473696,45.95471,14.08,89.2
200000006,2026-03-01 00:08:00+00:00,13.08317,44.564779,9.79,81.9
200000007,2026-03-01 00:08:00+00:00,13.027853,45.24542,13.67,263.6
200000008,2026-03-01 00:08:00+00:00,13.112428,45.773638,15.09,251.9
200000009,2026-03-01 00:08:00+00:00,12.238111,44.048654,12.22,79.5
200000010,2026-03-01 00:08:00+00:00,12.268237,45.202532,9.71,91.8
200000011,2026-03-01 00:08:00+00:00,13.445431,44.204294,14.01,72.2
200000012,2026-03-01 00:08:00+00:00,12.716539,44.844378,12.12,259.3
200000013,2026-03-01 00:08:00+00:00,12.545306,45.3422,12.24,246.4
200000014,2026-03-01 00:08:00+00:00,13.142671,45.360168,11.41,86.5
200000015,2026-03-01 00:08:00+00:00,12.810569,44.411363,15.8,78.0
200000016,2026-03-01 00:08:00+00:00,12.332623,45.382324,10.07,77.8
200000017,2026-03-01 00:08:00+00:00,12.383214,45.670852,11.37,68.3
200000018,2026-03-01 00:08:00+00:00,12.613473,44.464158,8.99,242.7
200000019,2026-03-01 00:08:00+00:00,13.038183,45.759836,13.72,89.1
200000020,2026-03-01 00:08:00+00:00,12.718662,44.298955,12.7,82.3
200000021,2026-03-01 00:08:00+00:00,12.13079,44.680701,13.5,257.6
200000022,2026-03-01 00:08:00+00:00,12.868916,45.129406,15.02,255.0
200000023,2026-03-01 00:08:00+00:00,13.055418,44.899153,15.22,84.7
200000024,2026-03-01 00:08:00+00:00,12.626911,45.439021,12.42,274.1
200000025,2026-03-01 00:08:00+00:00,12.332016,44.06991,10.33,67.9
200000026,2026-03-01 00:08:00+00:00,12.303988,44.597326,14.0,255.8
200000027,2026-03-01 00:08:00+00:00,13.198094,44.197457,11.51,74.3
200000028,2026-03-01 00:08:00+00:00,12.842069,45.089619,13.78,75.6
200000029,2026-03-01 00:08:00+00:00,12.185204,44.991359,15.72,76.2
200000030,2026-03-01 00:08:00+00:00,12.087085,45.237253,11.83,81.2
200000031,2026-03-01 00:08:00+00:00,12.382389,45.979768,13.03,68.7
200000032,2026-03-01 00:08:00+00:00,12.856751,44.600793,10.78,255.2
200000033,2026-03-01 00:08:00+00:00,13.053076,44.70606,11.46,254.6
200000034,2026-03-01 00:08:00+00:00,12.197415,44.203889,11.43,252.3
200000035,2026-03-01 00:08:00+00:00,12.537447,45.681625,10.66,72.8
200000036,2026-03-01 00:08:00+00:00,12.828446,44.291935,10.16,67.4
200000037,2026-03-01 00:08:00+00:00,12.763252,45.659261,15.46,268.8
200000038,2026-03-01 00:08:00+00:00,12.460326,45.968204,20.47,310.4
200000039,2026-03-01 00:08:00+00:00,13.302261,44.939172,20.44,132.5
200000040,2026-03-01 00:08:00+00:00,13.113596,45.624555,10.07,46.9
200000001,2026-03-01 00:10:00+00:00,12.952335,44.022458,9.93,257.0
200000002,2026-03-01 00:10:00+00:00,12.855512,45.777048,14.12,259.2
200000003,2026-03-01 00:10:00+00:00,13.001096,44.783543,12.44,82.0
200000004,2026-03-01 00:10:00+00:00,12.480682,45.947894,9.99,273.9
200000005,2026-03-01 00:10:00+00:00,12.473938,45.962666,14.15,89.0
200000006,2026-03-01 00:10:00+00:00,13.08369,44.570363,9.76,84.8
200000007,2026-03-01 00:10:00+00:00,13.027333,45.237624,13.8,267.4
200000008,2026-03-01 00:10:00+00:00,13.110255,45.765177,15.09,254.6
200000009,2026-03-01 00:10:00+00:00,12.239006,44.055577,12.46,83.2
200000010,2026-03-01 00:10:00+00:00,12.268246,45.208008,9.33,90.3
200000011,2026-03-01 00:10:00+00:00,13.447535,44.212198,14.34,74.3
200000012,2026-03-01 00:10:00+00:00,12.715251,44.83748,12.38,260.1
200000013,2026-03-01 00:10:00+00:00,12.542811,45.335694,12.4,247.8
200000014,2026-03-01 00:10:00+00:00,13.142817,45.3666,11.09,88.0
200000015,2026-03-01 00:10:00+00:00,12.812331,44.420143,15.5,82.6
200000016,2026-03-01 00:10:00+00:00,12.334058,45.38783,9.87,71.1
200000017,2026-03-01 00:10:00+00:00,12.385703,45.676835,11.71,67.6
200000018,2026-03-01 00:10:00+00:00,12.611055,44.459554,9.09,240.7
200000019,2026-03-01 00:10:00+00:00,13.038692,45.767643,13.8,87.0
200000020,2026-03-01 00:10:00+00:00,12.719461,44.306386,13.2,81.1
200000021,2026-03-01 00:10:00+00:00,12.128927,44.673274,13.35,254.9
200000022,2026-03-01 00:10:00+00:00,12.866935,45.121002,15.11,254.6
200000023,2026-03-01 00:10:00+00:00,13.056204,44.907701,15.04,82.2
200000024,2026-03-01 00:10:00+00:00,12.627341,45.432064,12.63,272.5
200000025,2026-03-01 00:10:00+00:00,12.334005,44.075382,10.35,67.0
200000026,2026-03-01 00:10:00+00:00,12.302213,44.589573,14.09,256.4
200000027,2026-03-01 00:10:00+00:00,13.199702,44.203745,11.25,75.4
200000028,2026-03-01 00:10:00+00:00,12.844355,45.097323,14.13,71.1
200000029,2026-03-01 00:10:00+00:00,12.186851,45.000045,15.55,79.2
200000030,2026-03-01 00:10:00+00:00,12.088385,45.243753,11.99,77.1
200000031,2026-03-01 00:10:00+00:00,12.384461,45.986884,12.98,73.1
200000032,2026-03-01 00:10:00+00:00,12.855403,44.594919,10.56,256.8
200000033,2026-03-01 00:10:00+00:00,13.051497,44.699636,11.52,252.6
200000034,2026-03-01 00:10:00+00:00,12.195702,44.197442,11.77,253.3
200000035,2026-03-01 00:10:00+00:00,12.539226,45.687274,10.52,75.1
200000036,2026-03-01 00:10:00+00:00,12.830435,44.297254,9.9,69.9
200000037,2026-03-01 00:10:00+00:00,12.763315,45.650419,15.55,270.8
200000038,2026-03-01 00:10:00+00:00,12.467584,45.959333,20.2,308.8
200000039,2026-03-01 00:10:00+00:00,13.295003,44.948043,20.3,131.6
200000040,2026-03-01 00:10:00+00:00,13.117247,45.632482,13.53,65.6
200000001,2026-03-01 00:12:00+00:00,12.950959,44.016949,9.7,258.1
200000002,2026-03-01 00:12:00+00:00,12.853949,45.76923,13.89,259.5
200000003,2026-03-01 00:12:00+00:00,13.001794,44.790531,12.26,85.8
200000004,2026-03-01 00:12:00+00:00,12.481116,45.94227,9.98,274.2
200000005,2026-03-01 00:12:00+00:00,12.474354,45.970614,13.96,86.4
200000006,2026-03-01 00:12:00+00:00,13.084073,44.575959,10.11,85.0
200000007,2026-03-01 00:12:00+00:00,13.026895,45.229823,13.49,267.9
200000008,2026-03-01 00:12:00+00:00,13.10808,45.756717,15.52,257.2
200000009,2026-03-01 00:12:00+00:00,12.239891,44.062502,12.18,83.1
200000010,2026-03-01 00:12:00+00:00,12.268261,45.213483,9.58,91.2
200000011,2026-03-01 00:12:00+00:00,13.449484,44.220145,14.27,76.6
200000012,2026-03-01 00:12:00+00:00,12.714022,44.830571,12.39,259.5
200000013,2026-03-01 00:12:00+00:00,12.540433,45.329142,12.5,249.5
200000014,2026-03-01 00:12:00+00:00,13.143125,45.373025,11.17,85.6
200000015,2026-03-01 00:12:00+00:00,12.813715,44.428994,15.7,81.1
200000016,2026-03-01 00:12:00+00:00,12.335648,45.393291,9.89,74.3
200000017,2026-03-01 00:12:00+00:00,12.388266,45.682784,11.46,68.4
200000018,2026-03-01 00:12:00+00:00,12.608608,44.454967,9.21,241.8
200000019,2026-03-01 00:12:00+00:00,13.039432,45.775431,13.83,86.0
200000020,2026-03-01 00:12:00+00:00,12.720497,44.313786,13.1,79.6
200000021,2026-03-01 00:12:00+00:00,12.126903,44.665892,13.63,252.8
200000022,2026-03-01 00:12:00+00:00,12.864726,45.112659,15.38,256.5
200000023,2026-03-01 00:12:00+00:00,13.057002,44.916248,15.3,87.4
200000024,2026-03-01 00:12:00+00:00,12.627778,45.425107,12.15,273.6
200000025,2026-03-01 00:12:00+00:00,12.335958,44.080867,10.29,72.3
200000026,2026-03-01 00:12:00+00:00,12.300339,44.581844,14.06,253.6
200000027,2026-03-01 00:12:00+00:00,13.201458,44.209992,11.6,74.0
200000028,2026-03-01 00:12:00+00:00,12.846532,45.105061,14.34,75.4
200000029,2026-03-01 00:12:00+00:00,12.188701,45.008688,15.53,76.3
200000030,2026-03-01 00:12:00+00:00,12.089596,45.250272,11.84,75.7
200000031,2026-03-01 00:12:00+00:00,12.386492,45.994012,13.37,71.8
200000032,2026-03-01 00:12:00+00:00,12.853957,44.58907,10.56,255.9
200000033,2026-03-01 00:12:00+00:00,13.049813,44.693241,11.59,256.7
200000034,2026-03-01 00:12:00+00:00,12.193859,44.191032,12.11,257.4
200000035,2026-03-01 00:12:00+00:00,12.54083,45.692977,10.15,76.5
200000036,2026-03-01 00:12:00+00:00,12.83227,44.302631,10.27,71.9
200000037,2026-03-01 00:12:00+00:00,12.763616,45.641582,15.33,273.6
200000038,2026-03-01 00:12:00+00:00,12.474842,45.950462,20.31,310.1
200000039,2026-03-01 00:12:00+00:00,13.287745,44.956914,20.27,127.8
200000040,2026-03-01 00:12:00+00:00,13.119952,45.638355,14.35,62.8
200000001,2026-03-01 00:14:00+00:00,12.949603,44.011434,10.1,256.5
200000002,2026-03-01 00:14:00+00:00,12.852002,45.761503,14.09,253.8
200000003,2026-03-01 00:14:00+00:00,13.002075,44.797549,12.61,91.0
200000004,2026-03-01 00:14:00+00:00,12.481658,45.936655,10.36,272.8
200000005,2026-03-01 00:14:00+00:00,12.474624,45.978569,14.04,86.2
200000006,2026-03-01 00:14:00+00:00,13.084413,44.581558,9.98,82.6
200000007,2026-03-01 00:14:00+00:00,13.026564,45.222017,13.84,267.6
200000008,2026-03-01 00:14:00+00:00,13.106012,45.748228,15.49,254.1
200000009,2026-03-01 00:14:00+00:00,12.24081,44.069422,12.3,81.2
200000010,2026-03-01 00:14:00+00:00,12.268337,45.218959,9.64,88.0
200000011,2026-03-01 00:14:00+00:00,13.451476,44.22808,14.37,77.6
200000012,2026-03-01 00:14:00+00:00,12.712706,44.823678,12.16,254.7
200000013,2026-03-01 00:14:00+00:00,12.538001,45.322611,12.12,249.6
200000014,2026-03-01 00:14:00+00:00,13.143308,45.379456,11.19,87.5
200000015,2026-03-01 00:14:00+00:00,12.81514,44.437838,15.75,82.4
200000016,2026-03-01 00:14:00+00:00,12.336837,45.398859,10.28,84.6
200000017,2026-03-01 00:14:00+00:00,12.391004,45.688652,11.38,64.7
200000018,2026-03-01 00:14:00+00:00,12.606226,44.450343,9.22,238.9
200000019,2026-03-01 00:14:00+00:00,13.040123,45.783223,13.66,87.7
200000020,2026-03-01 00:14:00+00:00,12.721689,44.321162,13.2,81.6
200000021,2026-03-01 00:14:00+00:00,12.124754,44.658547,13.76,252.0
200000022,2026-03-01 00:14:00+00:00,12.862605,45.104292,15.24,254.2
200000023,2026-03-01 00:14:00+00:00,13.057479,44.924821,15.23,87.8
200000024,2026-03-01 00:14:00+00:00,12.628496,45.418175,12.13,272.0
200000025,2026-03-01 00:14:00+00:00,12.337903,44.086356,10.31,70.1
200000026,2026-03-01 00:14:00+00:00,12.298231,44.574179,13.95,251.0
200000027,2026-03-01 00:14:00+00:00,13.2033,44.216213,11.53,76.4
200000028,2026-03-01 00:14:00+00:00,12.84881,45.112767,13.87,75.3
200000029,2026-03-01 00:14:00+00:00,12.190274,45.017388,15.59,81.9
200000030,2026-03-01 00:14:00+00:00,12.09079,45.256793,11.6,79.2
200000031,2026-03-01 00:14:00+00:00,12.388818,46.001046,13.15,70.5
200000032,2026-03-01 00:14:00+00:00,12.852476,44.583231,10.44,257.1
200000033,2026-03-01 00:14:00+00:00,13.048111,44.68685,11.62,252.3
200000034,2026-03-01 00:14:00+00:00,12.192229,44.184563,11.88,257.0
200000035,2026-03-01 00:14:00+00:00,12.542532,45.698651,10.51,69.7
200000036,2026-03-01 00:14:00+00:00,12.833987,44.30805,9.86,75.8
200000037,2026-03-01 00:14:00+00:00,12.764257,45.632764,15.36,273.7
200000038,2026-03-01 00:14:00+00:00,12.4821,45.941591,20.33,311.0
200000039,2026-03-01 00:14:00+00:00,13.280487,44.965785,20.23,130.5
200000040,2026-03-01 00:14:00+00:00,13.124114,45.64739,16.75,63.5
200000001,2026-03-01 00:16:00+00:00,12.948439,44.005874,9.97,259.6
200000002,2026-03-01 00:16:00+00:00,12.849975,45.753798,13.96,253.1
200000003,2026-03-01 00:16:00+00:00,13.002191,44.804573,12.27,88.5
200000004,2026-03-01 00:16:00+00:00,12.482297,45.931052,9.78,278.4
200000005,2026-03-01 00:16:00+00:00,12.475006,45.986519,13.87,89.9
200000006,2026-03-01 00:16:00+00:00,13.084549,44.587167,9.74,87.2
200000007,2026-03-01 00:16:00+00:00,13.026343,45.214206,13.73,267.3
200000008,2026-03-01 00:16:00+00:00,13.103811,45.739775,15.69,254.2
200000009,2026-03-01 00:16:00+00:00,12.241606,44.076357,12.62,84.9
200000010,2026-03-01 00:16:00+00:00,12.268467,45.224433,9.81,87.3
200000011,2026-03-01 00:16:00+00:00,13.453536,44.235997,14.57,74.7
200000012,2026-03-01 00:16:00+00:00,12.711535,44.816758,12.16,262.4
200000013,2026-03-01 00:16:00+00:00,12.535533,45.316094,12.15,251.7
200000014,2026-03-01 00:16:00+00:00,13.143158,45.385887,11.35,91.4
200000015,2026-03-01 00:16:00+00:00,12.816598,44.446676,15.65,77.6
200000016,2026-03-01 00:16:00+00:00,12.337679,45.404492,9.98,83.3
200000017,2026-03-01 00:16:00+00:00,12.393628,45.694574,11.46,67.4
200000018,2026-03-01 00:16:00+00:00,12.603733,44.445782,9.35,240.5
200000019,2026-03-01 00:16:00+00:00,13.04052,45.791037,13.75,87.3
200000020,2026-03-01 00:16:00+00:00,12.723039,44.328509,12.96,80.8
200000021,2026-03-01 00:16:00+00:00,12.122574,44.651211,13.47,252.7
200000022,2026-03-01 00:16:00+00:00,12.860714,45.095866,15.54,253.5
200000023,2026-03-01 00:16:00+00:00,13.058488,44.933345,15.15,79.0
200000024,2026-03-01 00:16:00+00:00,12.628821,45.411212,12.32,272.4
200000025,2026-03-01 00:16:00+00:00,12.34016,44.091717,10.29,68.7
200000026,2026-03-01 00:16:00+00:00,12.29608,44.566526,13.95,252.9
200000027,2026-03-01 00:16:00+00:00,13.205008,44.222474,11.18,73.1
200000028,2026-03-01 00:16:00+00:00,12.85098,45.120507,14.46,73.3
200000029,2026-03-01 00:16:00+00:00,12.191844,45.026089,15.62,80.0
200000030,2026-03-01 00:16:00+00:00,12.092134,45.263284,11.64,79.6
200000031,2026-03-01 00:16:00+00:00,12.391287,46.008028,13.09,72.2
200000032,2026-03-01 00:16:00+00:00,12.85108,44.577369,10.61,255.6
200000033,2026-03-01 00:16:00+00:00,13.046556,44.68042,11.65,258.1
200000034,2026-03-01 00:16:00+00:00,12.190587,44.178097,11.64,255.3
200000035,2026-03-01 00:16:00+00:00,12.544412,45.704265,10.56,76.2
200000036,2026-03-01 00:16:00+00:00,12.835772,44.313445,10.03,67.3
200000037,2026-03-01 00:16:00+00:00,12.764576,45.623927,15.51,272.1
200000038,2026-03-01 00:16:00+00:00,12.489358,45.93272,20.4,309.6
200000039,2026-03-01 00:16:00+00:00,13.273229,44.974656,20.09,130.1
200000040,2026-03-01 00:16:00+00:00,13.127874,45.655552,10.32,126.9
200000001,2026-03-01 00:18:00+00:00,12.947066,44.000364,10.12,255.4
200000002,2026-03-01 00:18:00+00:00,12.847889,45.74611,14.26,254.5
200000003,2026-03-01 00:18:00+00:00,13.002555,44.811587,12.37,84.2
200000004,2026-03-01 00:18:00+00:00,12.483004,45.925456,10.27,274.6
200000005,2026-03-01 00:18:00+00:00,12.475383,45.994469,14.03,87.7
200000006,2026-03-01 00:18:00+00:00,13.084885,44.592766,9.89,86.7
200000007,2026-03-01 00:18:00+00:00,13.026244,45.206393,13.44,269.1
200000008,2026-03-01 00:18:00+00:00,13.101366,45.731394,15.27,252.6
200000009,2026-03-01 00:18:00+00:00,12.242229,44.083312,12.27,84.4
200000010,2026-03-01 00:18:00+00:00,12.268788,45.229899,9.73,87.5
200000011,2026-03-01 00:18:00+00:00,13.456219,44.243714,14.25,73.5
200000012,2026-03-01 00:18:00+00:00,12.71042,44.809828,12.45,263.2
200000013,2026-03-01 00:18:00+00:00,12.533013,45.309598,12.15,248.4
200000014,2026-03-01 00:18:00+00:00,13.143098,45.39232,11.38,91.1
200000015,2026-03-01 00:18:00+00:00,12.817899,44.455541,15.71,79.9
200000016,2026-03-01 00:18:00+00:00,12.338177,45.410168,9.97,84.2
200000017,2026-03-01 00:18:00+00:00,12.396276,45.700484,11.4,64.7
200000018,2026-03-01 00:18:00+00:00,12.601186,44.441252,9.45,243.2
200000019,2026-03-01 00:18:00+00:00,13.040816,45.798856,13.86,87.4
200000020,2026-03-01 00:18:00+00:00,12.724342,44.335865,13.13,80.6
200000021,2026-03-01 00:18:00+00:00,12.120342,44.643892,13.51,250.7
200000022,2026-03-01 00:18:00+00:00,12.858993,45.087403,15.25,259.2
200000023,2026-03-01 00:18:00+00:00,13.059411,44.941879,14.9,83.4
200000024,2026-03-01 00:18:00+00:00,12.628965,45.404242,12.54,268.8
200000025,2026-03-01 00:18:00+00:00,12.342599,44.096995,10.31,66.1
200000026,2026-03-01 00:18:00+00:00,12.293872,44.558891,14.01,252.2
200000027,2026-03-01 00:18:00+00:00,13.206713,44.228736,11.25,76.1
200000028,2026-03-01 00:18:00+00:00,12.852853,45.128328,14.17,76.1
200000029,2026-03-01 00:18:00+00:00,12.193044,45.034852,15.38,82.7
200000030,2026-03-01 00:18:00+00:00,12.09325,45.26982,11.68,80.4
200000031,2026-03-01 00:18:00+00:00,12.393898,46.014955,12.94,70.2
200000032,2026-03-01 00:18:00+00:00,12.849578,44.571535,10.78,255.0
200000033,2026-03-01 00:18:00+00:00,13.044792,44.674048,11.44,254.7
200000034,2026-03-01 00:18:00+00:00,12.188947,44.17163,11.62,259.8
200000035,2026-03-01 00:18:00+00:00,12.546136,45.709932,10.31,75.6
200000036,2026-03-01 00:18:00+00:00,12.837692,44.318791,10.14,61.7
200000037,2026-03-01 00:18:00+00:00,12.764657,45.615085,15.62,271.9
200000038,2026-03-01 00:18:00+00:00,12.496616,45.923849,20.12,309.2
200000039,2026-03-01 00:18:00+00:00,13.265971,44.983527,20.35,132.5
200000040,2026-03-01 00:18:00+00:00,13.117613,45.656683,18.35,174.2
200000001,2026-03-01 00:20:00+00:00,12.94561,43.994876,10.13,250.6
200000002,2026-03-01 00:20:00+00:00,12.846147,45.738332,13.85,256.2
200000003,2026-03-01 00:20:00+00:00,13.003018,44.818596,12.03,83.7
200000004,2026-03-01 00:20:00+00:00,12.483563,45.919844,10.19,274.7
200000005,2026-03-01 00:20:00+00:00,12.475871,46.002413,14.18,85.2
200000006,2026-03-01 00:20:00+00:00,13.085203,44.598367,9.81,85.8
200000007,2026-03-01 00:20:00+00:00,13.02583,45.19859,13.69,268.2
200000008,2026-03-01 00:20:00+00:00,13.099258,45.722916,15.07,258.0
200000009,2026-03-01 00:20:00+00:00,12.242845,44.090267,12.1,84.9
200000010,2026-03-01 00:20:00+00:00,12.26892,45.235373,9.78,89.6
200000011,2026-03-01 00:20:00+00:00,13.458716,44.251497,14.63,73.7
200000012,2026-03-01 00:20:00+00:00,12.709373,44.802887,12.38,261.4
200000013,2026-03-01 00:20:00+00:00,12.530474,45.30311,12.34,250.5
200000014,2026-03-01 00:20:00+00:00,13.143059,45.398753,11.18,88.7
200000015,2026-03-01 00:20:00+00:00,12.818725,44.464465,15.73,84.6
200000016,2026-03-01 00:20:00+00:00,12.338719,45.41584,10.07,84.3
200000017,2026-03-01 00:20:00+00:00,12.398878,45.706417,11.22,69.8
200000018,2026-03-01 00:20:00+00:00,12.598531,44.436788,9.36,239.0
200000019,2026-03-01 00:20:00+00:00,13.041246,45.806668,13.64,82.8
200000020,2026-03-01 00:20:00+00:00,12.72551,44.343245,13.27,79.1
200000021,2026-03-01 00:20:00+00:00,12.117946,44.636627,13.68,250.3
200000022,2026-03-01 00:20:00+00:00,12.857123,45.078973,15.25,259.2
200000023,2026-03-01 00:20:00+00:00,13.060283,44.950419,14.82,81.1
200000024,2026-03-01 00:20:00+00:00,12.62907,45.397272,12.34,272.5
200000025,2026-03-01 00:20:00+00:00,12.345016,44.102283,10.15,64.4
200000026,2026-03-01 00:20:00+00:00,12.291655,44.551258,13.92,252.2
200000027,2026-03-01 00:20:00+00:00,13.208492,44.234977,11.34,72.3
200000028,2026-03-01 00:20:00+00:00,12.854616,45.136176,14.24,76.8
200000029,2026-03-01 00:20:00+00:00,12.194026,45.043642,15.61,84.7
200000030,2026-03-01 00:20:00+00:00,12.094542,45.276323,11.7,78.1
200000031,2026-03-01 00:20:00+00:00,12.396054,46.022046,13.0,76.4
200000032,2026-03-01 00:20:00+00:00,12.847976,44.565729,10.9,252.3
200000033,2026-03-01 00:20:00+00:00,13.04309,44.667657,11.51,256.1
200000034,2026-03-01 00:20:00+00:00,12.187719,44.165068,11.46,260.7
200000035,2026-03-01 00:20:00+00:00,12.547851,45.715601,10.53,68.2
200000036,2026-03-01 00:20:00+00:00,12.839787,44.324067,10.07,68.4
200000037,2026-03-01 00:20:00+00:00,12.764892,45.606246,15.45,270.3
200000038,2026-03-01 00:20:00+00:00,12.503874,45.914978,20.27,311.2
200000039,2026-03-01 00:20:00+00:00,13.258713,44.992398,20.55,128.6
200000040,2026-03-01 00:20:00+00:00,13.107742,45.657771,16.07,175.1
200000001,2026-03-01 00:22:00+00:00,12.94411,43.989401,10.01,254.5
200000002,2026-03-01 00:22:00+00:00,12.844369,45.730563,13.95,258.0
200000003,2026-03-01 00:22:00+00:00,13.003789,44.825575,12.52,83.8
200000004,2026-03-01 00:22:00+00:00,12.484254,45.914246,10.11,277.4
200000005,2026-03-01 00:22:00+00:00,12.476035,46.01037,14.14,89.6
200000006,2026-03-01 00:22:00+00:00,13.085642,44.603958,9.7,86.3
200000007,2026-03-01 00:22:00+00:00,13.025538,45.190782,13.67,268.3
200000008,2026-03-01 00:22:00+00:00,13.097272,45.714407,15.29,255.5
200000009,2026-03-01 00:22:00+00:00,12.243654,44.097201,12.45,83.7
200000010,2026-03-01 00:22:00+00:00,12.26894,45.240848,9.68,88.7
200000011,2026-03-01 00:22:00+00:00,13.461177,44.259292,14.39,71.3
200000012,2026-03-01 00:22:00+00:00,12.70826,44.795957,12.33,257.5
200000013,2026-03-01 00:22:00+00:00,12.528106,45.296554,12.27,248.4
200000014,2026-03-01 00:22:00+00:00,13.143256,45.405183,11.02,88.5
200000015,2026-03-01 00:22:00+00:00,12.819668,44.473377,15.74,84.2
200000016,2026-03-01 00:22:00+00:00,12.339421,45.421493,9.97,83.0
200000017,2026-03-01 00:22:00+00:00,12.401365,45.7124,11.56,66.0
200000018,2026-03-01 00:22:00+00:00,12.595837,44.432348,9.05,237.3
200000019,2026-03-01 00:22:00+00:00,13.0419,45.814463,13.64,89.8
200000020,2026-03-01 00:22:00+00:00,12.726408,44.350664,12.95,82.3
200000021,2026-03-01 00:22:00+00:00,12.115675,44.629321,13.41,254.3
200000022,2026-03-01 00:22:00+00:00,12.855148,45.070568,14.92,258.2
200000023,2026-03-01 00:22:00+00:00,13.0611,44.958964,15.07,89.4
200000024,2026-03-01 00:22:00+00:00,12.628865,45.390304,12.38,268.9
200000025,2026-03-01 00:22:00+00:00,12.347377,44.107598,10.25,63.4
200000026,2026-03-01 00:22:00+00:00,12.289398,44.543638,14.01,253.1
200000027,2026-03-01 00:22:00+00:00,13.210559,44.241123,11.55,72.7
200000028,2026-03-01 00:22:00+00:00,12.856111,45.144082,13.97,80.2
200000029,2026-03-01 00:22:00+00:00,12.194874,45.052448,15.48,84.7
200000030,2026-03-01 00:22:00+00:00,12.095866,45.282818,11.79,78.8
200000031,2026-03-01 00:22:00+00:00,12.39821,46.029136,13.18,70.7
200000032,2026-03-01 00:22:00+00:00,12.846307,44.559944,10.53,252.9
200000033,2026-03-01 00:22:00+00:00,13.04162,44.661207,11.77,250.7
200000034,2026-03-01 00:22:00+00:00,12.186327,44.158541,11.58,256.6
200000035,2026-03-01 00:22:00+00:00,12.549589,45.721263,10.49,71.1
200000036,2026-03-01 00:22:00+00:00,12.841915,44.329331,10.13,61.5
200000037,2026-03-01 00:22:00+00:00,12.764692,45.597406,15.42,267.6
200000038,2026-03-01 00:22:00+00:00,12.511132,45.906107,20.25,310.9
200000039,2026-03-01 00:22:00+00:00,13.251455,45.001269,20.08,127.6
200000040,2026-03-01 00:22:00+00:00,13.099844,45.658641,12.51,176.1
200000001,2026-03-01 00:24:00+00:00,12.942472,43.983968,9.92,254.2
200000002,2026-03-01 00:24:00+00:00,12.842471,45.722824,14.15,256.2
200000003,2026-03-01 00:24:00+00:00,13.004368,44.832575,12.25,85.7
200000004,2026-03-01 00:24:00+00:00,12.484948,45.908649,10.25,282.3
200000005,2026-03-01 00:24:00+00:00,12.476222,46.018328,14.22,86.9
200000006,2026-03-01 00:24:00+00:00,13.085947,44.60956,9.63,84.9
200000007,2026-03-01 00:24:00+00:00,13.02552,45.182968,13.73,269.6
200000008,2026-03-01 00:24:00+00:00,13.095559,45.705836,15.5,257.5
200000009,2026-03-01 00:24:00+00:00,12.244344,44.104149,12.49,85.3
200000010,2026-03-01 00:24:00+00:00,12.269015,45.246324,9.61,87.7
200000011,2026-03-01 00:24:00+00:00,13.463938,44.266981,14.46,66.0
200000012,2026-03-01 00:24:00+00:00,12.707221,44.789015,12.36,260.5
200000013,2026-03-01 00:24:00+00:00,12.525659,45.290029,12.14,250.4
200000014,2026-03-01 00:24:00+00:00,13.143281,45.411617,11.36,91.7
200000015,2026-03-01 00:24:00+00:00,12.820509,44.482299,15.66,84.4
200000016,2026-03-01 00:24:00+00:00,12.340042,45.427157,9.93,81.4
200000017,2026-03-01 00:24:00+00:00,12.404111,45.718264,11.4,64.2
200000018,2026-03-01 00:24:00+00:00,12.593059,44.427963,9.35,236.7
200000019,2026-03-01 00:24:00+00:00,13.041998,45.822287,13.62,91.2
200000020,2026-03-01 00:24:00+00:00,12.727365,44.358076,13.13,83.2
200000021,2026-03-01 00:24:00+00:00,12.113096,44.622122,13.55,250.2
200000022,2026-03-01 00:24:00+00:00,12.853401,45.062111,15.15,253.2
200000023,2026-03-01 00:24:00+00:00,13.062069,44.967493,14.9,82.8
200000024,2026-03-01 00:24:00+00:00,12.62853,45.383341,12.2,266.5
200000025,2026-03-01 00:24:00+00:00,12.349929,44.11282,10.07,60.5
200000026,2026-03-01 00:24:00+00:00,12.286975,44.536071,14.08,251.6
200000027,2026-03-01 00:24:00+00:00,13.212648,44.247261,11.61,72.5
200000028,2026-03-01 00:24:00+00:00,12.857727,45.151963,14.24,75.4
200000029,2026-03-01 00:24:00+00:00,12.195435,45.061278,15.69,84.4
200000030,2026-03-01 00:24:00+00:00,12.097187,45.289314,11.61,80.4
200000031,2026-03-01 00:24:00+00:00,12.40031,46.036244,13.11,74.8
200000032,2026-03-01 00:24:00+00:00,12.844565,44.55418,10.47,254.3
200000033,2026-03-01 00:24:00+00:00,13.03997,44.654802,11.6,254.2
200000034,2026-03-01 00:24:00+00:00,12.185128,44.151974,12.0,257.2
200000035,2026-03-01 00:24:00+00:00,12.551253,45.726949,10.27,72.3
200000036,2026-03-01 00:24:00+00:00,12.84424,44.334505,9.98,64.6
200000037,2026-03-01 00:24:00+00:00,12.764464,45.588566,15.58,269.6
200000038,2026-03-01 00:24:00+00:00,12.51839,45.897236,20.48,308.7
200000039,2026-03-01 00:24:00+00:00,13.244197,45.01014,20.34,128.0
200000040,2026-03-01 00:24:00+00:00,13.094208,45.659262,11.56,209.1
200000001,2026-03-01 00:26:00+00:00,12.940728,43.97857,9.98,255.0
200000002,2026-03-01 00:26:00+00:00,12.840744,45.715043,13.56,256.0
200000003,2026-03-01 00:26:00+00:00,13.004771,44.839587,12.26,83.7
200000004,2026-03-01 00:26:00+00:00,12.485928,45.903097,9.82,286.5
200000005,2026-03-01 00:26:00+00:00,12.476958,46.026252,13.94,87.8
200000006,2026-03-01 00:26:00+00:00,13.08617,44.615165,9.78,88.3
200000007,2026-03-01 00:26:00+00:00,13.025459,45.175155,13.83,269.0
200000008,2026-03-01 00:26:00+00:00,13.09383,45.697269,15.36,256.3
200000009,2026-03-01 00:26:00+00:00,12.245117,44.111087,12.51,83.0
200000010,2026-03-01 00:26:00+00:00,12.269467,45.25178,9.81,81.5
200000011,2026-03-01 00:26:00+00:00,13.466864,44.274604,14.13,66.4
200000012,2026-03-01 00:26:00+00:00,12.706302,44.782055,12.24,258.9
200000013,2026-03-01 00:26:00+00:00,12.523074,45.283561,12.3,251.5
200000014,2026-03-01 00:26:00+00:00,13.143498,45.418046,11.5,86.7
200000015,2026-03-01 00:26:00+00:00,12.821421,44.491215,15.89,84.9
200000016,2026-03-01 00:26:00+00:00,12.340812,45.432801,9.96,83.2
200000017,2026-03-01 00:26:00+00:00,12.406782,45.724164,11.47,69.3
200000018,2026-03-01 00:26:00+00:00,12.590207,44.423628,9.25,235.8
200000019,2026-03-01 00:26:00+00:00,13.041867,45.830111,13.64,95.4
200000020,2026-03-01 00:26:00+00:00,12.728001,44.365524,13.12,85.5
200000021,2026-03-01 00:26:00+00:00,12.110592,44.614896,13.55,254.3
200000022,2026-03-01 00:26:00+00:00,12.851667,45.05365,15.29,257.8
200000023,2026-03-01 00:26:00+00:00,13.063328,44.975982,15.22,78.5
200000024,2026-03-01 00:26:00+00:00,12.628346,45.376372,12.21,267.4
200000025,2026-03-01 00:26:00+00:00,12.352432,44.118066,10.59,63.4
200000026,2026-03-01 00:26:00+00:00,12.284474,44.528531,13.92,252.7
200000027,2026-03-01 00:26:00+00:00,13.214714,44.253407,11.18,70.1
200000028,2026-03-01 00:26:00+00:00,12.859254,45.159863,13.96,80.6
200000029,2026-03-01 00:26:00+00:00,12.196057,45.070103,15.61,85.8
200000030,2026-03-01 00:26:00+00:00,12.098127,45.295879,11.88,81.0
200000031,2026-03-01 00:26:00+00:00,12.401823,46.043506,13.05,71.3
200000032,2026-03-01 00:26:00+00:00,12.842837,44.548413,10.57,256.5
200000033,2026-03-01 00:26:00+00:00,13.038288,44.648406,11.63,261.4
200000034,2026-03-01 00:26:00+00:00,12.184033,44.145388,11.71,260.6
200000035,2026-03-01 00:26:00+00:00,12.552896,45.732641,10.45,73.7
200000036,2026-03-01 00:26:00+00:00,12.846694,44.339617,9.99,66.2
200000037,2026-03-01 00:26:00+00:00,12.764282,45.579726,15.51,265.1
200000038,2026-03-01 00:26:00+00:00,12.525648,45.888365,20.28,310.1
200000039,2026-03-01 00:26:00+00:00,13.236939,45.019011,20.4,131.8
200000040,2026-03-01 00:26:00+00:00,13.088494,45.652644,9.19,228.5
200000001,2026-03-01 00:28:00+00:00,12.939019,43.97316,9.86,252.2
200000002,2026-03-01 00:28:00+00:00,12.838856,45.707301,13.9,254.5
200000003,2026-03-01 00:28:00+00:00,13.005243,44.846595,12.24,85.8
200000004,2026-03-01 00:28:00+00:00,12.486975,45.897558,9.75,280.9
200000005,2026-03-01 00:28:00+00:00,12.477697,46.034175,14.17,86.0
200000006,2026-03-01 00:28:00+00:00,13.086473,44.620766,9.93,83.5
200000007,2026-03-01 00:28:00+00:00,13.025471,45.167341,13.49,269.6
200000008,2026-03-01 00:28:00+00:00,13.092048,45.688713,15.45,253.6
200000009,2026-03-01 00:28:00+00:00,12.245825,44.118033,12.32,82.8
200000010,2026-03-01 00:28:00+00:00,12.269981,45.25723,9.47,87.8
200000011,2026-03-01 00:28:00+00:00,13.470077,44.282105,14.37,68.5
200000012,2026-03-01 00:28:00+00:00,12.705042,44.775152,12.32,262.0
200000013,2026-03-01 00:28:00+00:00,12.520669,45.27702,12.3,246.7
200000014,2026-03-01 00:28:00+00:00,13.143978,45.42446,11.16,84.7
200000015,2026-03-01 00:28:00+00:00,12.822065,44.500155,15.79,86.6
200000016,2026-03-01 00:28:00+00:00,12.341623,45.438439,10.09,79.9
200000017,2026-03-01 00:28:00+00:00,12.409063,45.730233,11.52,70.3
200000018,2026-03-01 00:28:00+00:00,12.587602,44.419133,9.14,241.5
200000019,2026-03-01 00:28:00+00:00,13.041726,45.837934,13.88,93.5
200000020,2026-03-01 00:28:00+00:00,12.728612,44.372974,12.97,83.8
200000021,2026-03-01 00:28:00+00:00,12.108368,44.607574,13.62,249.9
200000022,2026-03-01 00:28:00+00:00,12.850219,45.045134,15.11,262.1
200000023,2026-03-01 00:28:00+00:00,13.064578,44.984472,15.0,80.0
200000024,2026-03-01 00:28:00+00:00,12.628366,45.369401,12.17,268.2
200000025,2026-03-01 00:28:00+00:00,12.354955,44.123302,10.27,66.0
200000026,2026-03-01 00:28:00+00:00,12.282178,44.520923,14.1,249.0
200000027,2026-03-01 00:28:00+00:00,13.21668,44.259588,11.38,72.3
200000028,2026-03-01 00:28:00+00:00,12.860834,45.167752,14.45,80.1
200000029,2026-03-01 00:28:00+00:00,12.196563,45.078936,15.63,87.5
200000030,2026-03-01 00:28:00+00:00,12.099069,45.302444,11.73,81.2
200000031,2026-03-01 00:28:00+00:00,12.403658,46.05069,13.26,74.8
200000032,2026-03-01 00:28:00+00:00,12.841141,44.542635,10.98,248.9
200000033,2026-03-01 00:28:00+00:00,13.036886,44.64194,11.74,259.6
200000034,2026-03-01 00:28:00+00:00,12.18295,44.138799,11.81,259.3
200000035,2026-03-01 00:28:00+00:00,12.554563,45.738326,10.24,71.7
200000036,2026-03-01 00:28:00+00:00,12.848993,44.344803,10.39,66.9
200000037,2026-03-01 00:28:00+00:00,12.763918,45.570891,15.39,265.1
200000038,2026-03-01 00:28:00+00:00,12.532906,45.879494,20.36,310.7
200000039,2026-03-01 00:28:00+00:00,13.229681,45.027881,20.24,128.0
200000040,2026-03-01 00:28:00+00:00,13.087455,45.651441,6.53,225.6
200000001,2026-03-01 00:30:00+00:00,12.937469,43.9677,10.2,252.4
200000002,2026-03-01 00:30:00+00:00,12.837139,45.699518,13.92,257.1
200000003,2026-03-01 00:30:00+00:00,13.005664,44.853606,12.39,84.9
200000004,2026-03-01 00:30:00+00:00,12.488129,45.892041,10.19,280.0
200000005,2026-03-01 00:30:00+00:00,12.478231,46.042116,14.11,84.8
200000006,2026-03-01 00:30:00+00:00,13.08669,44.626372,9.91,88.4
200000007,2026-03-01 00:30:00+00:00,13.025281,45.15953,13.51,264.5
200000008,2026-03-01 00:30:00+00:00,13.090199,45.680172,15.44,255.0
200000009,2026-03-01 00:30:00+00:00,12.246547,44.124977,12.18,80.3
200000010,2026-03-01 00:30:00+00:00,12.270549,45.262675,9.84,85.8
200000011,2026-03-01 00:30:00+00:00,13.473305,44.289598,14.4,67.7
200000012,2026-03-01 00:30:00+00:00,12.703971,44.768215,12.45,258.7
200000013,2026-03-01 00:30:00+00:00,12.518121,45.270536,12.32,245.1
200000014,2026-03-01 00:30:00+00:00,13.144585,45.430863,11.12,83.4
200000015,2026-03-01 00:30:00+00:00,12.822918,44.509077,15.87,85.2
200000016,2026-03-01 00:30:00+00:00,12.342567,45.444056,10.17,81.0
200000017,2026-03-01 00:30:00+00:00,12.41116,45.736371,11.35,73.9
200000018,2026-03-01 00:30:00+00:00,12.585084,44.414587,9.15,239.5
200000019,2026-03-01 00:30:00+00:00,13.041622,45.845758,13.59,90.5
200000020,2026-03-01 00:30:00+00:00,12.729003,44.38044,13.37,88.5
200000021,2026-03-01 00:30:00+00:00,12.105793,44.600374,13.37,249.1
200000022,2026-03-01 00:30:00+00:00,12.848577,45.036654,15.15,257.9
200000023,2026-03-01 00:30:00+00:00,13.065879,44.992955,15.23,84.2
200000024,2026-03-01 00:30:00+00:00,12.628146,45.362434,12.34,264.8
200000025,2026-03-01 00:30:00+00:00,12.357476,44.12854,10.31,65.7
200000026,2026-03-01 00:30:00+00:00,12.279908,44.513306,13.83,253.4
200000027,2026-03-01 00:30:00+00:00,13.218822,44.265707,11.47,69.0
200000028,2026-03-01 00:30:00+00:00,12.862511,45.17562,14.22,81.6
200000029,2026-03-01 00:30:00+00:00,12.196727,45.087783,15.43,91.6
200000030,2026-03-01 00:30:00+00:00,12.100128,45.30899,11.8,81.9
200000031,2026-03-01 00:30:00+00:00,12.405554,46.057858,13.17,73.4
200000032,2026-03-01 00:30:00+00:00,12.839391,44.536874,10.36,251.8
200000033,2026-03-01 00:30:00+00:00,13.035676,44.635432,11.64,255.8
200000034,2026-03-01 00:30:00+00:00,12.18193,44.132201,11.96,261.4
200000035,2026-03-01 00:30:00+00:00,12.556249,45.744005,10.4,72.9
200000036,2026-03-01 00:30:00+00:00,12.851369,44.349953,10.11,61.5
200000037,2026-03-01 00:30:00+00:00,12.763464,45.562061,15.67,265.7
200000038,2026-03-01 00:30:00+00:00,12.540164,45.870623,20.26,312.3
200000039,2026-03-01 00:30:00+00:00,13.222423,45.036752,20.46,128.5
200000040,2026-03-01 00:30:00+00:00,13.08369,45.64708,6.26,227.9
200000001,2026-03-01 00:32:00+00:00,12.935748,43.962294,9.72,251.1
200000002,2026-03-01 00:32:00+00:00,12.835213,45.691786,13.84,259.5
200000003,2026-03-01 00:32:00+00:00,13.006115,44.860615,11.97,90.5
200000004,2026-03-01 00:32:00+00:00,12.489174,45.886502,9.82,280.9
200000005,2026-03-01 00:32:00+00:00,12.478694,46.050062,14.02,88.5
200000006,2026-03-01 00:32:00+00:00,13.086856,44.631979,9.81,86.0
200000007,2026-03-01 00:32:00+00:00,13.025351,45.151716,13.54,269.2
200000008,2026-03-01 00:32:00+00:00,13.088272,45.671649,15.24,257.1
200000009,2026-03-01 00:32:00+00:00,12.247445,44.1319,12.34,82.9
200000010,2026-03-01 00:32:00+00:00,12.271156,45.268116,9.63,83.0
200000011,2026-03-01 00:32:00+00:00,13.476199,44.297235,14.38,67.9
200000012,2026-03-01 00:32:00+00:00,12.70281,44.761293,12.37,260.6
200000013,2026-03-01 00:32:00+00:00,12.515312,45.264165,12.07,245.1
200000014,2026-03-01 00:32:00+00:00,13.145247,45.437261,11.47,81.9
200000015,2026-03-01 00:32:00+00:00,12.82371,44.518004,15.87,84.5
200000016,2026-03-01 00:32:00+00:00,12.343382,45.449693,10.16,81.1
200000017,2026-03-01 00:32:00+00:00,12.412877,45.742632,11.65,72.3
200000018,2026-03-01 00:32:00+00:00,12.58232,44.410192,9.21,235.7
200000019,2026-03-01 00:32:00+00:00,13.04161,45.853582,13.68,96.0
200000020,2026-03-01 00:32:00+00:00,12.729174,44.387914,13.18,87.1
200000021,2026-03-01 00:32:00+00:00,12.10321,44.593177,13.89,249.4
200000022,2026-03-01 00:32:00+00:00,12.846646,45.028239,15.13,258.2
200000023,2026-03-01 00:32:00+00:00,13.067268,45.001422,14.8,82.2
200000024,2026-03-01 00:32:00+00:00,12.627819,45.35547,12.01,267.8
200000025,2026-03-01 00:32:00+00:00,12.359995,44.133779,10.17,63.2
200000026,2026-03-01 00:32:00+00:00,12.277447,44.505753,14.11,251.7
200000027,2026-03-01 00:32:00+00:00,13.221167,44.271748,11.49,68.5
200000028,2026-03-01 00:32:00+00:00,12.864433,45.183428,14.14,75.0
200000029,2026-03-01 00:32:00+00:00,12.196909,45.096629,15.39,84.9
200000030,2026-03-01 00:32:00+00:00,12.101216,45.315532,11.51,81.0
200000031,2026-03-01 00:32:00+00:00,12.407582,46.064988,12.93,74.9
200000032,2026-03-01 00:32:00+00:00,12.837475,44.53117,10.81,253.1
200000033,2026-03-01 00:32:00+00:00,13.034329,44.628954,11.45,260.3
200000034,2026-03-01 00:32:00+00:00,12.180852,44.125612,11.77,260.7
200000035,2026-03-01 00:32:00+00:00,12.55777,45.749733,10.54,73.7
200000036,2026-03-01 00:32:00+00:00,12.85378,44.355086,9.93,67.6
200000037,2026-03-01 00:32:00+00:00,12.763028,45.55323,15.62,265.3
200000038,2026-03-01 00:32:00+00:00,12.547423,45.861752,20.63,312.2
200000039,2026-03-01 00:32:00+00:00,13.215164,45.045623,20.11,128.4
200000040,2026-03-01 00:32:00+00:00,13.082904,45.64617,7.79,276.5
200000001,2026-03-01 00:34:00+00:00,12.934104,43.956863,9.83,253.9
200000002,2026-03-01 00:34:00+00:00,12.833611,45.683977,13.83,255.9
200000003,2026-03-01 00:34:00+00:00,13.006602,44.867622,12.31,89.0
200000004,2026-03-01 00:34:00+00:00,12.490162,45.880951,9.98,281.2
200000005,2026-03-01 00:34:00+00:00,12.479057,46.058012,13.85,85.0
200000006,2026-03-01 00:34:00+00:00,13.087251,44.637575,9.98,87.5
200000007,2026-03-01 00:34:00+00:00,13.025298,45.143902,13.58,267.8
200000008,2026-03-01 00:34:00+00:00,13.0862,45.663163,15.37,251.9
200000009,2026-03-01 00:34:00+00:00,12.248443,44.138809,12.22,82.9
200000010,2026-03-01 00:34:00+00:00,12.271776,45.273554,9.64,80.8
200000011,2026-03-01 00:34:00+00:00,13.479104,44.304868,14.34,69.1
200000012,2026-03-01 00:34:00+00:00,12.701763,44.754352,12.03,261.4
200000013,2026-03-01 00:34:00+00:00,12.51243,45.25783,12.15,244.8
200000014,2026-03-01 00:34:00+00:00,13.146111,45.443632,11.32,82.5
200000015,2026-03-01 00:34:00+00:00,12.8243,44.526948,15.65,85.3
200000016,2026-03-01 00:34:00+00:00,12.344213,45.455328,10.29,84.5
200000017,2026-03-01 00:34:00+00:00,12.415022,45.748754,11.2,69.1
200000018,2026-03-01 00:34:00+00:00,12.579673,44.405723,9.3,238.3
200000019,2026-03-01 00:34:00+00:00,13.041326,45.861401,13.68,89.9
200000020,2026-03-01 00:34:00+00:00,12.729275,44.39539,12.9,90.5
200000021,2026-03-01 00:34:00+00:00,12.10065,44.585972,13.39,251.4
200000022,2026-03-01 00:34:00+00:00,12.844823,45.019799,15.29,254.5
200000023,2026-03-01 00:34:00+00:00,13.068591,45.009901,15.2,79.0
200000024,2026-03-01 00:34:00+00:00,12.6276,45.348503,12.01,268.1
200000025,2026-03-01 00:34:00+00:00,12.362472,44.139038,10.25,63.8
200000026,2026-03-01 00:34:00+00:00,12.275055,44.498176,14.09,251.4
200000027,2026-03-01 00:34:00+00:00,13.223513,44.277788,11.23,68.0
200000028,2026-03-01 00:34:00+00:00,12.866177,45.191281,14.11,77.6
200000029,2026-03-01 00:34:00+00:00,12.197112,45.105475,15.61,87.1
200000030,2026-03-01 00:34:00+00:00,12.102199,45.32209,11.71,80.6
200000031,2026-03-01 00:34:00+00:00,12.409312,46.0722,13.1,71.7
200000032,2026-03-01 00:34:00+00:00,12.835396,44.525525,10.6,252.4
200000033,2026-03-01 00:34:00+00:00,13.03313,44.622444,11.74,261.2
200000034,2026-03-01 00:34:00+00:00,12.179568,44.119061,12.07,262.3
200000035,2026-03-01 00:34:00+00:00,12.559277,45.755464,10.26,75.4
200000036,2026-03-01 00:34:00+00:00,12.85621,44.36021,10.08,62.7
200000037,2026-03-01 00:34:00+00:00,12.762636,45.544396,15.56,265.7
200000038,2026-03-01 00:34:00+00:00,12.554681,45.852881,20.44,310.1
200000039,2026-03-01 00:34:00+00:00,13.207906,45.054494,20.49,127.1
200000040,2026-03-01 00:34:00+00:00,13.084812,45.638218,16.82,282.2
200000001,2026-03-01 00:36:00+00:00,12.932584,43.951394,10.07,257.0
200000002,2026-03-01 00:36:00+00:00,12.832051,45.676159,14.06,260.5
200000003,2026-03-01 00:36:00+00:00,13.006938,44.874638,12.44,87.5
200000004,2026-03-01 00:36:00+00:00,12.491164,45.875403,9.8,280.0
200000005,2026-03-01 00:36:00+00:00,12.479579,46.065954,13.83,84.3
200000006,2026-03-01 00:36:00+00:00,13.087639,44.643171,9.8,87.2
200000007,2026-03-01 00:36:00+00:00,13.025573,45.136094,13.67,274.2
200000008,2026-03-01 00:36:00+00:00,13.084221,45.654653,15.51,258.9
200000009,2026-03-01 00:36:00+00:00,12.249346,44.145731,12.42,81.3
200000010,2026-03-01 00:36:00+00:00,12.272337,45.279,9.66,85.9
200000011,2026-03-01 00:36:00+00:00,13.48194,44.312528,14.5,65.4
200000012,2026-03-01 00:36:00+00:00,12.70031,44.747489,12.24,258.6
200000013,2026-03-01 00:36:00+00:00,12.509265,45.251638,12.09,241.4
200000014,2026-03-01 00:36:00+00:00,13.146826,45.450024,11.42,83.3
200000015,2026-03-01 00:36:00+00:00,12.824875,44.535893,15.29,83.0
200000016,2026-03-01 00:36:00+00:00,12.344998,45.460971,10.13,84.3
200000017,2026-03-01 00:36:00+00:00,12.417268,45.754837,11.58,67.7
200000018,2026-03-01 00:36:00+00:00,12.576885,44.401345,9.36,237.4
200000019,2026-03-01 00:36:00+00:00,13.041042,45.86922,13.6,94.6
200000020,2026-03-01 00:36:00+00:00,12.729602,44.402859,13.34,84.5
200000021,2026-03-01 00:36:00+00:00,12.098012,44.578796,13.24,249.2
200000022,2026-03-01 00:36:00+00:00,12.842742,45.011422,15.19,252.7
200000023,2026-03-01 00:36:00+00:00,13.070246,45.018318,14.93,80.0
200000024,2026-03-01 00:36:00+00:00,12.627224,45.341542,11.99,265.2
200000025,2026-03-01 00:36:00+00:00,12.36494,44.144302,10.03,66.9
200000026,2026-03-01 00:36:00+00:00,12.272497,44.490656,14.24,251.8
200000027,2026-03-01 00:36:00+00:00,13.225915,44.283804,11.34,66.6
200000028,2026-03-01 00:36:00+00:00,12.867959,45.199125,13.96,77.1
200000029,2026-03-01 00:36:00+00:00,12.197347,45.11432,15.55,83.8
200000030,2026-03-01 00:36:00+00:00,12.103266,45.328635,11.68,79.3
200000031,2026-03-01 00:36:00+00:00,12.41125,46.079356,13.0,76.1
200000032,2026-03-01 00:36:00+00:00,12.833676,44.519756,10.66,250.7
200000033,2026-03-01 00:36:00+00:00,13.03188,44.615945,11.86,258.2
200000034,2026-03-01 00:36:00+00:00,12.178381,44.112492,11.58,258.5
200000035,2026-03-01 00:36:00+00:00,12.560934,45.761152,10.6,70.2
200000036,2026-03-01 00:36:00+00:00,12.85874,44.365282,10.13,65.2
200000037,2026-03-01 00:36:00+00:00,12.76231,45.53556,15.55,265.0
200000038,2026-03-01 00:36:00+00:00,12.561939,45.844011,20.36,313.1
200000039,2026-03-01 00:36:00+00:00,13.200648,45.063365,20.19,130.6
200000040,2026-03-01 00:36:00+00:00,13.087373,45.627541,11.99,283.2
200000001,2026-03-01 00:38:00+00:00,12.931047,43.94593,10.06,256.0
200000002,2026-03-01 00:38:00+00:00,12.830406,45.668359,14.15,257.9
200000003,2026-03-01 00:38:00+00:00,13.007105,44.881661,12.32,87.4
200000004,2026-03-01 00:38:00+00:00,12.491999,45.869826,10.01,280.9
200000005,2026-03-01 00:38:00+00:00,12.48004,46.0739,13.85,82.5
200000006,2026-03-01 00:38:00+00:00,13.087891,44.648775,9.76,87.1
200000007,2026-03-01 00:38:00+00:00,13.025773,45.128282,13.83,272.0
200000008,2026-03-01 00:38:00+00:00,13.082513,45.646082,15.23,258.7
200000009,2026-03-01 00:38:00+00:00,12.250363,44.152637,12.36,83.8
200000010,2026-03-01 00:38:00+00:00,12.272786,45.284457,9.59,88.6
200000011,2026-03-01 00:38:00+00:00,13.485265,44.319977,14.27,66.9
200000012,2026-03-01 00:38:00+00:00,12.698781,44.740643,12.21,257.4
200000013,2026-03-01 00:38:00+00:00,12.506289,45.245349,11.92,242.5
200000014,2026-03-01 00:38:00+00:00,13.147395,45.45643,11.4,85.1
200000015,2026-03-01 00:38:00+00:00,12.825259,44.544849,15.84,88.2
200000016,2026-03-01 00:38:00+00:00,12.345869,45.466599,9.92,84.3
200000017,2026-03-01 00:38:00+00:00,12.419466,45.760938,11.65,67.9
200000018,2026-03-01 00:38:00+00:00,12.574212,44.396892,8.98,234.5
200000019,2026-03-01 00:38:00+00:00,13.040693,45.877037,13.81,94.4
200000020,2026-03-01 00:38:00+00:00,12.729964,44.410326,13.28,88.8
200000021,2026-03-01 00:38:00+00:00,12.095395,44.571612,13.31,248.2
200000022,2026-03-01 00:38:00+00:00,12.8405,45.003088,15.11,253.6
200000023,2026-03-01 00:38:00+00:00,13.072278,45.026648,15.06,75.0
200000024,2026-03-01 00:38:00+00:00,12.626972,45.334576,12.08,267.9
200000025,2026-03-01 00:38:00+00:00,12.3673,44.149618,10.19,65.6
200000026,2026-03-01 00:38:00+00:00,12.270008,44.483113,14.03,249.8
200000027,2026-03-01 00:38:00+00:00,13.228208,44.289865,11.43,69.0
200000028,2026-03-01 00:38:00+00:00,12.869979,45.206908,14.07,74.8
200000029,2026-03-01 00:38:00+00:00,12.197928,45.123148,15.69,92.9
200000030,2026-03-01 00:38:00+00:00,12.104254,45.335193,11.7,85.1
200000031,2026-03-01 00:38:00+00:00,12.413336,46.086469,12.9,70.0
200000032,2026-03-01 00:38:00+00:00,12.831773,44.514046,10.45,245.8
200000033,2026-03-01 00:38:00+00:00,13.03064,44.609444,11.66,258.5
200000034,2026-03-01 00:38:00+00:00,12.177435,44.105882,11.81,262.8
200000035,2026-03-01 00:38:00+00:00,12.563004,45.766696,10.64,65.9
200000036,2026-03-01 00:38:00+00:00,12.861268,44.370356,10.14,63.2
200000037,2026-03-01 00:38:00+00:00,12.761995,45.526724,15.6,270.6
200000038,2026-03-01 00:38:00+00:00,12.569197,45.83514,20.36,308.9
200000039,2026-03-01 00:38:00+00:00,13.19339,45.072236,20.28,127.2
200000040,2026-03-01 00:38:00+00:00,13.087982,45.625005,8.04,284.9
200000001,2026-03-01 00:40:00+00:00,12.929606,43.940439,10.03,257.1
200000002,2026-03-01 00:40:00+00:00,12.829036,45.660504,13.98,258.6
200000003,2026-03-01 00:40:00+00:00,13.007142,44.888685,12.66,88.3
200000004,2026-03-01 00:40:00+00:00,12.492667,45.864226,9.96,274.4
200000005,2026-03-01 00:40:00+00:00,12.481002,46.081798,14.22,79.1
200000006,2026-03-01 00:40:00+00:00,13.08765,44.654379,9.72,91.1
200000007,2026-03-01 00:40:00+00:00,13.026107,45.120476,13.84,271.2
200000008,2026-03-01 00:40:00+00:00,13.081001,45.637471,15.59,259.7
200000009,2026-03-01 00:40:00+00:00,12.25132,44.159551,12.28,81.1
200000010,2026-03-01 00:40:00+00:00,12.273043,45.289926,9.66,83.2
200000011,2026-03-01 00:40:00+00:00,13.488179,44.327606,14.03,68.6
200000012,2026-03-01 00:40:00+00:00,12.696957,44.733874,12.52,255.0
200000013,2026-03-01 00:40:00+00:00,12.503319,45.239056,12.04,243.6
200000014,2026-03-01 00:40:00+00:00,13.147884,45.462844,11.2,84.5
200000015,2026-03-01 00:40:00+00:00,12.825764,44.553799,15.83,87.2
200000016,2026-03-01 00:40:00+00:00,12.34677,45.472223,9.83,79.5
200000017,2026-03-01 00:40:00+00:00,12.421929,45.766933,11.31,70.5
200000018,2026-03-01 00:40:00+00:00,12.571458,44.392492,9.38,233.8
200000019,2026-03-01 00:40:00+00:00,13.040282,45.88485,13.68,93.9
200000020,2026-03-01 00:40:00+00:00,12.730185,44.417799,13.06,84.9
200000021,2026-03-01 00:40:00+00:00,12.092638,44.564483,13.51,247.4
200000022,2026-03-01 00:40:00+00:00,12.838281,44.994748,15.31,248.3
200000023,2026-03-01 00:40:00+00:00,13.074462,45.034937,14.92,78.2
200000024,2026-03-01 00:40:00+00:00,12.626533,45.327619,12.6,268.7
200000025,2026-03-01 00:40:00+00:00,12.369653,44.154937,10.15,67.0
200000026,2026-03-01 00:40:00+00:00,12.267467,44.475587,14.08,252.0
200000027,2026-03-01 00:40:00+00:00,13.230505,44.295925,11.49,70.3
200000028,2026-03-01 00:40:00+00:00,12.87218,45.214639,14.01,71.2
200000029,2026-03-01 00:40:00+00:00,12.197925,45.131996,15.67,90.7
200000030,2026-03-01 00:40:00+00:00,12.105137,45.341767,11.41,81.0
200000031,2026-03-01 00:40:00+00:00,12.415547,46.093541,13.09,68.3
200000032,2026-03-01 00:40:00+00:00,12.829909,44.508324,10.61,251.8
200000033,2026-03-01 00:40:00+00:00,13.02956,44.602913,11.62,261.2
200000034,2026-03-01 00:40:00+00:00,12.176395,44.099287,11.95,258.9
200000035,2026-03-01 00:40:00+00:00,12.565331,45.772133,10.62,66.3
200000036,2026-03-01 00:40:00+00:00,12.863784,44.375436,10.04,64.0
200000037,2026-03-01 00:40:00+00:00,12.761717,45.517886,15.6,268.6
200000038,2026-03-01 00:40:00+00:00,12.576455,45.826269,20.38,309.8
200000039,2026-03-01 00:40:00+00:00,13.186132,45.081107,20.51,132.0
200000040,2026-03-01 00:40:00+00:00,13.089504,45.61866,8.76,307.3
200000001,2026-03-01 00:42:00+00:00,12.92817,43.934946,10.03,256.8
200000002,2026-03-01 00:42:00+00:00,12.827597,45.652662,14.21,259.4
200000003,2026-03-01 00:42:00+00:00,13.007064,44.89571,12.53,94.7
200000004,2026-03-01 00:42:00+00:00,12.493319,45.858623,9.92,275.5
200000005,2026-03-01 00:42:00+00:00,12.48224,46.089657,13.8,81.2
200000006,2026-03-01 00:42:00+00:00,13.087498,44.659987,9.66,96.7
200000007,2026-03-01 00:42:00+00:00,13.026336,45.112666,13.57,274.5
200000008,2026-03-01 00:42:00+00:00,13.079428,45.628873,15.52,259.2
200000009,2026-03-01 00:42:00+00:00,12.252241,44.166471,12.38,82.4
200000010,2026-03-01 00:42:00+00:00,12.273502,45.295382,9.62,86.5
200000011,2026-03-01 00:42:00+00:00,13.491111,44.335228,14.41,70.0
200000012,2026-03-01 00:42:00+00:00,12.695107,44.727112,12.41,253.2
200000013,2026-03-01 00:42:00+00:00,12.500029,45.232933,12.32,243.9
200000014,2026-03-01 00:42:00+00:00,13.14816,45.469271,11.11,89.8
200000015,2026-03-01 00:42:00+00:00,12.82615,44.562754,15.69,88.0
200000016,2026-03-01 00:42:00+00:00,12.34793,45.477797,9.93,74.1
200000017,2026-03-01 00:42:00+00:00,12.424192,45.77301,11.69,73.2
200000018,2026-03-01 00:42:00+00:00,12.568761,44.388055,9.27,239.2
200000019,2026-03-01 00:42:00+00:00,13.039807,45.892659,13.73,91.5
200000020,2026-03-01 00:42:00+00:00,12.730475,44.42527,13.37,87.2
200000021,2026-03-01 00:42:00+00:00,12.089836,44.557373,13.55,250.9
200000022,2026-03-01 00:42:00+00:00,12.835408,44.986621,15.36,248.1
200000023,2026-03-01 00:42:00+00:00,13.076826,45.043174,15.34,72.4
200000024,2026-03-01 00:42:00+00:00,12.626042,45.320666,12.21,271.5
200000025,2026-03-01 00:42:00+00:00,12.371857,44.160322,10.26,66.0
200000026,2026-03-01 00:42:00+00:00,12.265352,44.467925,13.97,253.3
200000027,2026-03-01 00:42:00+00:00,13.23299,44.301906,11.17,67.1
200000028,2026-03-01 00:42:00+00:00,12.87461,45.222297,14.15,68.9
200000029,2026-03-01 00:42:00+00:00,12.197604,45.140839,15.86,90.8
200000030,2026-03-01 00:42:00+00:00,12.106011,45.348342,11.46,80.4
200000031,2026-03-01 00:42:00+00:00,12.417894,46.100568,13.14,73.7
200000032,2026-03-01 00:42:00+00:00,12.828164,44.502562,10.46,253.6
200000033,2026-03-01 00:42:00+00:00,13.028157,44.596447,11.74,263.1
200000034,2026-03-01 00:42:00+00:00,12.175426,44.09268,11.66,263.1
200000035,2026-03-01 00:42:00+00:00,12.56752,45.777629,10.57,69.9
200000036,2026-03-01 00:42:00+00:00,12.866585,44.380357,10.0,59.3
200000037,2026-03-01 00:42:00+00:00,12.760993,45.509075,15.65,270.7
200000038,2026-03-01 00:42:00+00:00,12.583713,45.817398,20.3,309.9
200000039,2026-03-01 00:42:00+00:00,13.178874,45.089978,20.17,129.9
200000040,2026-03-01 00:42:00+00:00,13.093643,45.616989,6.59,337.5
200000001,2026-03-01 00:44:00+00:00,12.926669,43.929472,9.89,256.0
200000002,2026-03-01 00:44:00+00:00,12.826307,45.644793,14.01,260.6
200000003,2026-03-01 00:44:00+00:00,13.006816,44.90273,12.97,93.4
200000004,2026-03-01 00:44:00+00:00,12.49396,45.85302,10.11,273.5
200000005,2026-03-01 00:44:00+00:00,12.483269,46.097546,13.87,82.4
200000006,2026-03-01 00:44:00+00:00,13.087308,44.665594,9.82,88.7
200000007,2026-03-01 00:44:00+00:00,13.026938,45.104876,13.54,273.7
200000008,2026-03-01 00:44:00+00:00,13.077779,45.620289,15.19,258.1
200000009,2026-03-01 00:44:00+00:00,12.253547,44.173326,12.28,77.0
200000010,2026-03-01 00:44:00+00:00,12.27392,45.300841,9.92,89.2
200000011,2026-03-01 00:44:00+00:00,13.493686,44.342985,14.46,70.1
200000012,2026-03-01 00:44:00+00:00,12.693288,44.720341,12.28,252.7
200000013,2026-03-01 00:44:00+00:00,12.497036,45.226652,12.54,243.4
200000014,2026-03-01 00:44:00+00:00,13.148484,45.475696,11.36,86.0
200000015,2026-03-01 00:44:00+00:00,12.826544,44.57171,15.58,87.6
200000016,2026-03-01 00:44:00+00:00,12.349104,45.483368,9.83,76.7
200000017,2026-03-01 00:44:00+00:00,12.426294,45.779147,11.48,69.6
200000018,2026-03-01 00:44:00+00:00,12.566108,44.383589,9.22,238.2
200000019,2026-03-01 00:44:00+00:00,13.039116,45.900451,13.71,94.1
200000020,2026-03-01 00:44:00+00:00,12.731005,44.432727,12.8,85.5
200000021,2026-03-01 00:44:00+00:00,12.087043,44.550259,13.46,250.4
200000022,2026-03-01 00:44:00+00:00,12.832532,44.978496,15.08,250.2
200000023,2026-03-01 00:44:00+00:00,13.079011,45.051463,14.93,75.1
200000024,2026-03-01 00:44:00+00:00,12.625918,45.313696,12.16,267.3
200000025,2026-03-01 00:44:00+00:00,12.374061,44.165708,10.51,67.9
200000026,2026-03-01 00:44:00+00:00,12.26323,44.460265,13.87,251.4
200000027,2026-03-01 00:44:00+00:00,13.235752,44.307757,11.36,60.7
200000028,2026-03-01 00:44:00+00:00,12.877099,45.229936,14.2,73.2
200000029,2026-03-01 00:44:00+00:00,12.197416,45.149685,15.36,94.7
200000030,2026-03-01 00:44:00+00:00,12.107031,45.354895,11.62,77.1
200000031,2026-03-01 00:44:00+00:00,12.420156,46.107624,13.19,68.9
200000032,2026-03-01 00:44:00+00:00,12.826322,44.496832,10.61,247.8
200000033,2026-03-01 00:44:00+00:00,13.026812,44.589968,11.49,257.5
200000034,2026-03-01 00:44:00+00:00,12.174814,44.086029,11.86,267.2
200000035,2026-03-01 00:44:00+00:00,12.56965,45.783149,10.41,67.2
200000036,2026-03-01 00:44:00+00:00,12.869273,44.385343,9.96,55.6
200000037,2026-03-01 00:44:00+00:00,12.760541,45.500244,15.49,265.7
200000038,2026-03-01 00:44:00+00:00,12.590971,45.808527,20.34,313.7
200000039,2026-03-01 00:44:00+00:00,13.171616,45.098849,20.23,131.4
200000040,2026-03-01 00:44:00+00:00,13.096261,45.615933,5.79,338.2
200000001,2026-03-01 00:46:00+00:00,12.925073,43.924026,10.04,254.2
200000002,2026-03-01 00:46:00+00:00,12.824741,45.636976,13.82,256.5
200000003,2026-03-01 00:46:00+00:00,13.006473,44.909745,12.42,92.9
200000004,2026-03-01 00:46:00+00:00,12.49463,45.847419,10.0,275.7
200000005,2026-03-01 00:46:00+00:00,12.484139,46.105456,13.95,84.4
200000006,2026-03-01 00:46:00+00:00,13.087347,44.671204,9.72,86.5
200000007,2026-03-01 00:46:00+00:00,13.027147,45.097065,13.7,271.1
200000008,2026-03-01 00:46:00+00:00,13.075989,45.611736,15.41,261.3
200000009,2026-03-01 00:46:00+00:00,12.254758,44.180199,12.47,75.8
200000010,2026-03-01 00:46:00+00:00,12.274271,45.306305,9.57,85.9
200000011,2026-03-01 00:46:00+00:00,13.496228,44.350754,14.4,72.3
200000012,2026-03-01 00:46:00+00:00,12.69154,44.71355,12.49,257.6
200000013,2026-03-01 00:46:00+00:00,12.494003,45.220391,12.19,245.5
200000014,2026-03-01 00:46:00+00:00,13.148833,45.48212,11.25,88.4
200000015,2026-03-01 00:46:00+00:00,12.827265,44.580644,15.5,86.3
200000016,2026-03-01 00:46:00+00:00,12.350323,45.488929,10.09,76.9
200000017,2026-03-01 00:46:00+00:00,12.428564,45.785221,11.43,71.3
200000018,2026-03-01 00:46:00+00:00,12.563525,44.379081,9.48,239.3
200000019,2026-03-01 00:46:00+00:00,13.038318,45.908233,13.77,98.4
200000020,2026-03-01 00:46:00+00:00,12.73132,44.440196,13.29,89.2
200000021,2026-03-01 00:46:00+00:00,12.084451,44.543066,13.39,251.3
200000022,2026-03-01 00:46:00+00:00,12.829869,44.970294,15.25,252.8
200000023,2026-03-01 00:46:00+00:00,13.08101,45.059802,14.81,75.9
200000024,2026-03-01 00:46:00+00:00,12.625543,45.306736,12.42,269.8
200000025,2026-03-01 00:46:00+00:00,12.376312,44.171073,10.18,64.6
200000026,2026-03-01 00:46:00+00:00,12.261222,44.452572,13.87,257.9
200000027,2026-03-01 00:46:00+00:00,13.238767,44.313475,11.41,63.9
200000028,2026-03-01 00:46:00+00:00,12.879434,45.237626,14.01,74.0
200000029,2026-03-01 00:46:00+00:00,12.197334,45.158533,15.8,90.9
200000030,2026-03-01 00:46:00+00:00,12.108251,45.361411,11.56,78.1
200000031,2026-03-01 00:46:00+00:00,12.422516,46.114647,12.79,70.9
200000032,2026-03-01 00:46:00+00:00,12.824455,44.491111,10.58,251.9
200000033,2026-03-01 00:46:00+00:00,13.025168,44.583562,11.99,255.1
200000034,2026-03-01 00:46:00+00:00,12.174376,44.079364,11.67,266.9
200000035,2026-03-01 00:46:00+00:00,12.5719,45.78862,10.47,68.2
200000036,2026-03-01 00:46:00+00:00,12.872097,44.39025,9.97,56.8
200000037,2026-03-01 00:46:00+00:00,12.760156,45.491411,15.19,267.7
200000038,2026-03-01 00:46:00+00:00,12.598229,45.799656,20.18,310.3
200000039,2026-03-01 00:46:00+00:00,13.164358,45.10772,20.16,129.4
200000040,2026-03-01 00:46:00+00:00,13.099483,45.614633,9.7,341.7
200000001,2026-03-01 00:48:00+00:00,12.923567,43.918553,9.93,257.5
200000002,2026-03-01 00:48:00+00:00,12.822878,45.629229,14.39,260.1
200000003,2026-03-01 00:48:00+00:00,13.006265,44.916767,12.15,88.2
200000004,2026-03-01 00:48:00+00:00,12.49546,45.841842,10.11,279.9
200000005,2026-03-01 00:48:00+00:00,12.484979,46.113369,14.04,84.2
200000006,2026-03-01 00:48:00+00:00,13.08763,44.676806,9.74,89.5
200000007,2026-03-01 00:48:00+00:00,13.02743,45.089257,13.63,272.8
200000008,2026-03-01 00:48:00+00:00,13.074181,45.603186,15.28,258.5
200000009,2026-03-01 00:48:00+00:00,12.256219,44.187021,12.39,75.4
200000010,2026-03-01 00:48:00+00:00,12.274617,45.311769,9.45,85.4
200000011,2026-03-01 00:48:00+00:00,13.498702,44.358546,14.31,71.8
200000012,2026-03-01 00:48:00+00:00,12.689795,44.706759,12.26,254.4
200000013,2026-03-01 00:48:00+00:00,12.490895,45.21417,12.31,244.0
200000014,2026-03-01 00:48:00+00:00,13.149277,45.488537,11.26,85.8
200000015,2026-03-01 00:48:00+00:00,12.827802,44.589591,15.97,84.5
200000016,2026-03-01 00:48:00+00:00,12.351482,45.494503,10.16,77.0
200000017,2026-03-01 00:48:00+00:00,12.430681,45.791352,11.23,73.1
200000018,2026-03-01 00:48:00+00:00,12.560928,44.374582,9.17,237.6
200000019,2026-03-01 00:48:00+00:00,13.037706,45.916032,13.4,95.6
200000020,2026-03-01 00:48:00+00:00,12.731583,44.447668,12.91,90.3
200000021,2026-03-01 00:48:00+00:00,12.082038,44.535808,13.49,254.4
200000022,2026-03-01 00:48:00+00:00,12.827168,44.962105,15.32,253.8
200000023,2026-03-01 00:48:00+00:00,13.083104,45.068116,15.26,74.8
200000024,2026-03-01 00:48:00+00:00,12.625294,45.299769,12.35,270.9
200000025,2026-03-01 00:48:00+00:00,12.378904,44.176275,10.28,66.3
200000026,2026-03-01 00:48:00+00:00,12.259265,44.444866,13.89,258.0
200000027,2026-03-01 00:48:00+00:00,13.241774,44.319198,11.59,59.6
200000028,2026-03-01 00:48:00+00:00,12.881365,45.245433,14.13,75.4
200000029,2026-03-01 00:48:00+00:00,12.19718,45.167379,15.53,90.7
200000030,2026-03-01 00:48:00+00:00,12.109536,45.367916,11.56,76.7
200000031,2026-03-01 00:48:00+00:00,12.424833,46.121684,12.92,71.5
200000032,2026-03-01 00:48:00+00:00,12.82262,44.485378,10.66,252.1
200000033,2026-03-01 00:48:00+00:00,13.023761,44.577097,11.43,257.0
200000034,2026-03-01 00:48:00+00:00,12.173888,44.072702,11.78,267.8
200000035,2026-03-01 00:48:00+00:00,12.574258,45.794042,10.48,68.8
200000036,2026-03-01 00:48:00+00:00,12.874925,44.395155,9.9,62.8
200000037,2026-03-01 00:48:00+00:00,12.75959,45.482587,15.49,265.0
200000038,2026-03-01 00:48:00+00:00,12.605487,45.790785,20.29,308.1
200000039,2026-03-01 00:48:00+00:00,13.1571,45.116591,20.4,129.5
200000040,2026-03-01 00:48:00+00:00,13.106046,45.611984,7.84,307.5
200000001,2026-03-01 00:50:00+00:00,12.921999,43.913099,10.1,250.1
200000002,2026-03-01 00:50:00+00:00,12.821142,45.62145,14.15,256.5
200000003,2026-03-01 00:50:00+00:00,13.006141,44.92379,12.26,88.0
200000004,2026-03-01 00:50:00+00:00,12.496233,45.836255,9.95,279.6
200000005,2026-03-01 00:50:00+00:00,12.485584,46.121305,14.08,84.7
200000006,2026-03-01 00:50:00+00:00,13.087987,44.682404,9.54,85.7
200000007,2026-03-01 00:50:00+00:00,13.027299,45.081444,13.46,268.6
200000008,2026-03-01 00:50:00+00:00,13.072454,45.594619,15.16,259.8
200000009,2026-03-01 00:50:00+00:00,12.257742,44.193828,12.16,79.1
200000010,2026-03-01 00:50:00+00:00,12.275008,45.317231,9.58,90.1
200000011,2026-03-01 00:50:00+00:00,13.501044,44.366381,14.32,71.6
200000012,2026-03-01 00:50:00+00:00,12.687834,44.70003,12.23,251.7
200000013,2026-03-01 00:50:00+00:00,12.487823,45.207929,12.37,245.3
200000014,2026-03-01 00:50:00+00:00,13.149767,45.49495,11.29,84.7
200000015,2026-03-01 00:50:00+00:00,12.828717,44.598507,15.82,89.2
200000016,2026-03-01 00:50:00+00:00,12.352709,45.500062,9.88,79.2
200000017,2026-03-01 00:50:00+00:00,12.432644,45.797537,11.3,73.4
200000018,2026-03-01 00:50:00+00:00,12.558273,44.370119,9.39,241.0
200000019,2026-03-01 00:50:00+00:00,13.037,45.923823,13.73,96.0
200000020,2026-03-01 00:50:00+00:00,12.731861,44.455139,13.29,86.6
200000021,2026-03-01 00:50:00+00:00,12.079666,44.528536,13.38,251.6
200000022,2026-03-01 00:50:00+00:00,12.824761,44.953821,15.21,252.8
200000023,2026-03-01 00:50:00+00:00,13.085424,45.076366,14.96,74.5
200000024,2026-03-01 00:50:00+00:00,12.624911,45.292809,12.25,265.6
200000025,2026-03-01 00:50:00+00:00,12.381391,44.18153,10.48,65.5
200000026,2026-03-01 00:50:00+00:00,12.257566,44.437097,14.19,255.8
200000027,2026-03-01 00:50:00+00:00,13.244938,44.324831,11.28,63.2
200000028,2026-03-01 00:50:00+00:00,12.883244,45.253253,14.15,80.4
200000029,2026-03-01 00:50:00+00:00,12.196731,45.176216,15.7,89.8
200000030,2026-03-01 00:50:00+00:00,12.110628,45.374456,11.64,82.2
200000031,2026-03-01 00:50:00+00:00,12.426973,46.12878,12.99,66.3
200000032,2026-03-01 00:50:00+00:00,12.820537,44.479736,10.76,250.1
200000033,2026-03-01 00:50:00+00:00,13.022193,44.570671,11.68,257.3
200000034,2026-03-01 00:50:00+00:00,12.173382,44.066042,11.83,267.6
200000035,2026-03-01 00:50:00+00:00,12.576777,45.799388,10.52,65.5
200000036,2026-03-01 00:50:00+00:00,12.877763,44.400053,10.05,57.5
200000037,2026-03-01 00:50:00+00:00,12.758373,45.473834,15.55,259.5
200000038,2026-03-01 00:50:00+00:00,12.612745,45.781914,20.26,310.9
200000039,2026-03-01 00:50:00+00:00,13.149842,45.125462,20.32,125.4
200000040,2026-03-01 00:50:00+00:00,13.104892,45.607548,4.84,256.2
200000001,2026-03-01 00:52:00+00:00,12.920523,43.907617,10.18,253.0
200000002,2026-03-01 00:52:00+00:00,12.81956,45.613637,14.21,260.7
200000003,2026-03-01 00:52:00+00:00,13.006048,44.930814,12.28,92.7
200000004,2026-03-01 00:52:00+00:00,12.497103,45.830684,9.86,280.3
200000005,2026-03-01 00:52:00+00:00,12.4862,46.12924,13.82,83.4
200000006,2026-03-01 00:52:00+00:00,13.088149,44.688012,9.73,88.5
200000007,2026-03-01 00:52:00+00:00,13.026928,45.073639,13.66,267.1
200000008,2026-03-01 00:52:00+00:00,13.070815,45.586034,15.32,262.2
200000009,2026-03-01 00:52:00+00:00,12.258983,44.200696,12.53,81.2
200000010,2026-03-01 00:52:00+00:00,12.275479,45.322685,9.69,83.6
200000011,2026-03-01 00:52:00+00:00,13.503404,44.374211,14.39,71.0
200000012,2026-03-01 00:52:00+00:00,12.686098,44.693236,12.25,251.9
200000013,2026-03-01 00:52:00+00:00,12.484721,45.201704,12.03,242.3
200000014,2026-03-01 00:52:00+00:00,13.150601,45.501327,11.25,82.4
200000015,2026-03-01 00:52:00+00:00,12.829316,44.60745,15.84,90.1
200000016,2026-03-01 00:52:00+00:00,12.354076,45.505587,10.2,75.3
200000017,2026-03-01 00:52:00+00:00,12.434771,45.803666,11.13,66.0
200000018,2026-03-01 00:52:00+00:00,12.555728,44.365588,9.29,237.3
200000019,2026-03-01 00:52:00+00:00,13.036259,45.93161,13.44,89.9
200000020,2026-03-01 00:52:00+00:00,12.731768,44.462615,12.91,91.7
200000021,2026-03-01 00:52:00+00:00,12.077388,44.521233,13.51,253.2
200000022,2026-03-01 00:52:00+00:00,12.822239,44.945573,15.27,254.7
200000023,2026-03-01 00:52:00+00:00,13.087912,45.084565,15.25,72.2
200000024,2026-03-01 00:52:00+00:00,12.624579,45.285846,12.02,270.2
200000025,2026-03-01 00:52:00+00:00,12.383804,44.186821,9.92,61.5
200000026,2026-03-01 00:52:00+00:00,12.255625,44.429387,13.7,254.2
200000027,2026-03-01 00:52:00+00:00,13.247967,44.330542,11.38,60.8
200000028,2026-03-01 00:52:00+00:00,12.885117,45.261075,14.32,75.9
200000029,2026-03-01 00:52:00+00:00,12.196137,45.185043,15.32,96.1
200000030,2026-03-01 00:52:00+00:00,12.111547,45.381025,11.67,85.7
200000031,2026-03-01 00:52:00+00:00,12.429489,46.135746,12.97,67.6
200000032,2026-03-01 00:52:00+00:00,12.818581,44.474046,10.72,250.6
200000033,2026-03-01 00:52:00+00:00,13.020517,44.564274,11.44,256.4
200000034,2026-03-01 00:52:00+00:00,12.172978,44.059374,11.73,269.0
200000035,2026-03-01 00:52:00+00:00,12.579362,45.8047,10.47,64.8
200000036,2026-03-01 00:52:00+00:00,12.880532,44.404993,10.09,63.4
200000037,2026-03-01 00:52:00+00:00,12.756873,45.465126,15.59,260.8
200000038,2026-03-01 00:52:00+00:00,12.620003,45.773043,20.49,309.9
200000039,2026-03-01 00:52:00+00:00,13.142584,45.134333,20.36,132.1
200000040,2026-03-01 00:52:00+00:00,13.104673,45.606707,4.5,257.3
200000001,2026-03-01 00:54:00+00:00,12.919197,43.902096,9.89,257.2
200000002,2026-03-01 00:54:00+00:00,12.817944,45.605832,13.77,258.4
200000003,2026-03-01 00:54:00+00:00,13.005977,44.937838,12.17,90.2
200000004,2026-03-01 00:54:00+00:00,12.497952,45.825109,9.91,280.2
200000005,2026-03-01 00:54:00+00:00,12.487113,46.137145,14.02,83.7
200000006,2026-03-01 00:54:00+00:00,13.088043,44.693621,9.7,88.9
200000007,2026-03-01 00:54:00+00:00,13.026934,45.065825,13.71,271.4
200000008,2026-03-01 00:54:00+00:00,13.069413,45.577404,15.15,258.9
200000009,2026-03-01 00:54:00+00:00,12.260159,44.207575,12.23,81.5
200000010,2026-03-01 00:54:00+00:00,12.275739,45.328155,9.69,89.3
200000011,2026-03-01 00:54:00+00:00,13.505986,44.381966,14.29,70.2
200000012,2026-03-01 00:54:00+00:00,12.684129,44.68651,12.04,253.6
200000013,2026-03-01 00:54:00+00:00,12.481662,45.195457,12.27,243.9
200000014,2026-03-01 00:54:00+00:00,13.151382,45.50771,11.24,78.6
200000015,2026-03-01 00:54:00+00:00,12.82979,44.616402,15.71,87.9
200000016,2026-03-01 00:54:00+00:00,12.355432,45.511115,9.78,74.8
200000017,2026-03-01 00:54:00+00:00,12.437169,45.809688,11.43,66.3
200000018,2026-03-01 00:54:00+00:00,12.553287,44.360998,9.17,240.4
200000019,2026-03-01 00:54:00+00:00,13.035985,45.939429,13.65,91.9
200000020,2026-03-01 00:54:00+00:00,12.731808,44.470091,13.07,91.7
200000021,2026-03-01 00:54:00+00:00,12.074956,44.513982,13.46,248.3
200000022,2026-03-01 00:54:00+00:00,12.819931,44.937259,15.45,255.6
200000023,2026-03-01 00:54:00+00:00,13.090258,45.092808,15.05,76.0
200000024,2026-03-01 00:54:00+00:00,12.6244,45.278878,12.2,271.3
200000025,2026-03-01 00:54:00+00:00,12.386434,44.192002,10.32,57.9
200000026,2026-03-01 00:54:00+00:00,12.253657,44.421684,13.99,252.6
200000027,2026-03-01 00:54:00+00:00,13.250982,44.33626,11.33,61.5
200000028,2026-03-01 00:54:00+00:00,12.887097,45.268869,14.04,75.6
200000029,2026-03-01 00:54:00+00:00,12.195463,45.193864,15.71,93.7
200000030,2026-03-01 00:54:00+00:00,12.112228,45.387624,11.87,84.8
200000031,2026-03-01 00:54:00+00:00,12.432145,46.142656,13.04,68.0
200000032,2026-03-01 00:54:00+00:00,12.816654,44.468346,10.69,253.1
200000033,2026-03-01 00:54:00+00:00,13.018898,44.557862,11.48,255.0
200000034,2026-03-01 00:54:00+00:00,12.172918,44.052694,11.65,271.1
200000035,2026-03-01 00:54:00+00:00,12.582043,45.809963,10.52,61.3
200000036,2026-03-01 00:54:00+00:00,12.883168,44.410009,10.02,63.0
200000037,2026-03-01 00:54:00+00:00,12.755486,45.456399,15.57,260.4
200000038,2026-03-01 00:54:00+00:00,12.627261,45.764172,20.38,309.4
200000039,2026-03-01 00:54:00+00:00,13.135326,45.143204,20.29,129.4
200000040,2026-03-01 00:54:00+00:00,13.103539,45.60235,11.55,258.1
200000001,2026-03-01 00:56:00+00:00,12.917913,43.896564,9.99,256.4
200000002,2026-03-01 00:56:00+00:00,12.816417,45.598008,13.88,257.7
200000003,2026-03-01 00:56:00+00:00,13.00578,44.94486,12.27,92.1
200000004,2026-03-01 00:56:00+00:00,12.498773,45.81953,9.92,273.8
200000005,2026-03-01 00:56:00+00:00,12.487647,46.145086,14.05,83.0
200000006,2026-03-01 00:56:00+00:00,13.08776,44.699224,9.66,95.4
200000007,2026-03-01 00:56:00+00:00,13.02712,45.058014,13.69,270.4
200000008,2026-03-01 00:56:00+00:00,13.067858,45.568803,15.49,260.4
200000009,2026-03-01 00:56:00+00:00,12.261503,44.214422,12.25,76.4
200000010,2026-03-01 00:56:00+00:00,12.275887,45.333628,9.78,86.7
200000011,2026-03-01 00:56:00+00:00,13.508391,44.389781,14.46,73.8
200000012,2026-03-01 00:56:00+00:00,12.682103,44.679801,12.18,252.1
200000013,2026-03-01 00:56:00+00:00,12.478691,45.189166,12.2,242.6
200000014,2026-03-01 00:56:00+00:00,13.151885,45.514123,11.22,87.0
200000015,2026-03-01 00:56:00+00:00,12.829818,44.625367,15.63,91.0
200000016,2026-03-01 00:56:00+00:00,12.356581,45.516691,9.94,78.1
200000017,2026-03-01 00:56:00+00:00,12.439656,45.815673,11.47,69.4
200000018,2026-03-01 00:56:00+00:00,12.550693,44.356497,9.16,239.6
200000019,2026-03-01 00:56:00+00:00,13.035392,45.94723,13.5,94.5
200000020,2026-03-01 00:56:00+00:00,12.731872,44.477568,13.45,91.8
200000021,2026-03-01 00:56:00+00:00,12.072431,44.506764,13.24,250.7
200000022,2026-03-01 00:56:00+00:00,12.817559,44.928964,15.37,253.4
200000023,2026-03-01 00:56:00+00:00,13.093102,45.100884,15.25,65.4
200000024,2026-03-01 00:56:00+00:00,12.624423,45.271907,12.18,268.4
200000025,2026-03-01 00:56:00+00:00,12.38934,44.197027,10.32,55.9
200000026,2026-03-01 00:56:00+00:00,12.251707,44.413976,13.96,256.7
200000027,2026-03-01 00:56:00+00:00,13.253958,44.342,11.54,61.9
200000028,2026-03-01 00:56:00+00:00,12.889142,45.276646,14.08,75.6
200000029,2026-03-01 00:56:00+00:00,12.194822,45.202688,15.58,93.5
200000030,2026-03-01 00:56:00+00:00,12.112875,45.394226,11.56,82.4
200000031,2026-03-01 00:56:00+00:00,12.434474,46.14969,13.02,68.6
200000032,2026-03-01 00:56:00+00:00,12.814871,44.462597,10.55,255.6
200000033,2026-03-01 00:56:00+00:00,13.017266,44.551453,11.5,257.7
200000034,2026-03-01 00:56:00+00:00,12.172922,44.046014,11.64,274.0
200000035,2026-03-01 00:56:00+00:00,12.584789,45.81519,10.59,61.7
200000036,2026-03-01 00:56:00+00:00,12.885794,44.41503,9.91,59.7
200000037,2026-03-01 00:56:00+00:00,12.75408,45.447675,15.53,260.6
200000038,2026-03-01 00:56:00+00:00,12.634519,45.755301,20.13,313.2
200000039,2026-03-01 00:56:00+00:00,13.128068,45.152075,20.47,130.5
200000040,2026-03-01 00:56:00+00:00,13.101356,45.593958,13.33,221.6
200000001,2026-03-01 00:58:00+00:00,12.916855,43.890982,9.81,259.6
200000002,2026-03-01 00:58:00+00:00,12.814659,45.590235,14.22,251.3
200000003,2026-03-01 00:58:00+00:00,13.005791,44.951884,12.53,87.3
200000004,2026-03-01 00:58:00+00:00,12.499631,45.813957,9.83,280.4
200000005,2026-03-01 00:58:00+00:00,12.488459,46.153002,13.81,79.2
200000006,2026-03-01 00:58:00+00:00,13.08745,44.704825,9.81,93.7
200000007,2026-03-01 00:58:00+00:00,13.026906,45.050203,13.92,267.2
200000008,2026-03-01 00:58:00+00:00,13.066589,45.560152,15.39,263.7
200000009,2026-03-01 00:58:00+00:00,12.26278,44.221283,12.43,81.5
200000010,2026-03-01 00:58:00+00:00,12.276063,45.339101,9.67,88.9
200000011,2026-03-01 00:58:00+00:00,13.510601,44.397657,14.48,74.3
200000012,2026-03-01 00:58:00+00:00,12.679945,44.673136,11.93,251.4
200000013,2026-03-01 00:58:00+00:00,12.475574,45.182949,12.32,245.5
200000014,2026-03-01 00:58:00+00:00,13.152124,45.520551,11.28,89.1
200000015,2026-03-01 00:58:00+00:00,12.830001,44.634329,15.6,91.2
200000016,2026-03-01 00:58:00+00:00,12.357751,45.522263,10.2,79.4
200000017,2026-03-01 00:58:00+00:00,12.442121,45.821667,11.4,68.8
200000018,2026-03-01 00:58:00+00:00,12.548222,44.351924,9.21,241.9
200000019,2026-03-01 00:58:00+00:00,13.034636,45.955016,13.7,94.7
200000020,2026-03-01 00:58:00+00:00,12.732138,44.485039,13.0,86.7
200000021,2026-03-01 00:58:00+00:00,12.06973,44.499614,13.36,250.5
200000022,2026-03-01 00:58:00+00:00,12.815486,44.920586,15.2,256.8
200000023,2026-03-01 00:58:00+00:00,13.096037,45.108926,14.89,67.7
200000024,2026-03-01 00:58:00+00:00,12.624279,45.264937,12.24,271.4
200000025,2026-03-01 00:58:00+00:00,12.392252,44.202048,10.49,58.2
200000026,2026-03-01 00:58:00+00:00,12.249808,44.406255,13.91,252.8
200000027,2026-03-01 00:58:00+00:00,13.256945,44.347734,11.46,63.4
200000028,2026-03-01 00:58:00+00:00,12.891563,45.284308,14.04,69.5
200000029,2026-03-01 00:58:00+00:00,12.194362,45.211524,15.49,91.2
200000030,2026-03-01 00:58:00+00:00,12.113457,45.400835,11.35,85.9
200000031,2026-03-01 00:58:00+00:00,12.436995,46.156654,12.92,72.1
200000032,2026-03-01 00:58:00+00:00,12.813297,44.456784,10.58,256.7
200000033,2026-03-01 00:58:00+00:00,13.015667,44.545035,11.42,254.5
200000034,2026-03-01 00:58:00+00:00,12.173089,44.039335,11.57,271.0
200000035,2026-03-01 00:58:00+00:00,12.587578,45.820394,10.22,60.0
200000036,2026-03-01 00:58:00+00:00,12.888523,44.419994,10.28,62.5
200000037,2026-03-01 00:58:00+00:00,12.752606,45.438963,15.57,264.1
200000038,2026-03-01 00:58:00+00:00,12.641777,45.74643,20.41,308.6
200000039,2026-03-01 00:58:00+00:00,13.12081,45.160946,20.32,129.7
200000040,2026-03-01 00:58:00+00:00,13.091987,45.592984,11.88,188.3
200000001,2026-03-01 01:00:00+00:00,12.916026,43.885359,10.08,261.1
200000002,2026-03-01 01:00:00+00:00,12.81269,45.582515,14.01,258.0
200000003,2026-03-01 01:00:00+00:00,13.005702,44.958908,12.09,90.7
200000004,2026-03-01 01:00:00+00:00,12.500194,45.808344,10.13,276.1
200000005,2026-03-01 01:00:00+00:00,12.489145,46.160931,13.48,82.6
200000006,2026-03-01 01:00:00+00:00,13.087284,44.710432,10.07,90.9
200000007,2026-03-01 01:00:00+00:00,13.026691,45.042392,13.77,264.4
200000008,2026-03-01 01:00:00+00:00,13.065275,45.551508,15.25,260.3
200000009,2026-03-01 01:00:00+00:00,12.264146,44.228126,12.26,71.9
200000010,2026-03-01 01:00:00+00:00,12.276113,45.344577,9.67,90.6
200000011,2026-03-01 01:00:00+00:00,13.512654,44.405578,14.48,76.7
200000012,2026-03-01 01:00:00+00:00,12.677684,44.666507,12.23,248.4
200000013,2026-03-01 01:00:00+00:00,12.472464,45.176729,12.14,240.4
200000014,2026-03-01 01:00:00+00:00,13.15235,45.526981,11.2,90.7
200000015,2026-03-01 01:00:00+00:00,12.829792,44.643291,15.93,93.3
200000016,2026-03-01 01:00:00+00:00,12.358665,45.527885,10.06,79.5
200000017,2026-03-01 01:00:00+00:00,12.444466,45.827711,11.42,67.8
200000018,2026-03-01 01:00:00+00:00,12.545947,44.347246,9.31,243.3
200000019,2026-03-01 01:00:00+00:00,13.034225,45.962829,13.49,89.9
200000020,2026-03-01 01:00:00+00:00,12.732473,44.492508,13.03,89.5
200000021,2026-03-01 01:00:00+00:00,12.067199,44.492399,13.56,251.3
200000022,2026-03-01 01:00:00+00:00,12.81339,44.912213,15.28,256.4
200000023,2026-03-01 01:00:00+00:00,13.09902,45.116949,15.16,68.8
200000024,2026-03-01 01:00:00+00:00,12.624309,45.257966,12.25,270.2
200000025,2026-03-01 01:00:00+00:00,12.395286,44.206993,10.23,55.0
200000026,2026-03-01 01:00:00+00:00,12.247864,44.398546,13.88,255.5
200000027,2026-03-01 01:00:00+00:00,13.259928,44.35347,11.25,59.8
200000028,2026-03-01 01:00:00+00:00,12.894067,45.291942,14.2,70.9
200000029,2026-03-01 01:00:00+00:00,12.19399,45.220364,15.58,94.5
200000030,2026-03-01 01:00:00+00:00,12.113824,45.40746,11.72,84.5
200000031,2026-03-01 01:00:00+00:00,12.439505,46.163622,13.04,70.3
200000032,2026-03-01 01:00:00+00:00,12.811645,44.450993,10.43,250.9
200000033,2026-03-01 01:00:00+00:00,13.014198,44.538585,11.63,257.5
200000034,2026-03-01 01:00:00+00:00,12.173512,44.032669,11.81,272.1
200000035,2026-03-01 01:00:00+00:00,12.590459,45.825544,10.49,57.3
200000036,2026-03-01 01:00:00+00:00,12.891357,44.424895,9.94,58.9
200000037,2026-03-01 01:00:00+00:00,12.751295,45.430224,15.42,259.8
200000038,2026-03-01 01:00:00+00:00,12.649035,45.737559,20.28,310.2
200000039,2026-03-01 01:00:00+00:00,13.113552,45.169817,20.28,127.5
200000040,2026-03-01 01:00:00+00:00,13.088493,45.592621,10.66,183.2
200000001,2026-03-01 01:02:00+00:00,12.915303,43.879721,9.86,262.7
200000002,2026-03-01 01:02:00+00:00,12.810743,45.574789,13.75,258.5
200000003,2026-03-01 01:02:00+00:00,13.005586,44.965932,12.27,87.8
200000004,2026-03-01 01:02:00+00:00,12.500766,45.802732,9.9,274.8
200000005,2026-03-01 01:02:00+00:00,12.489876,46.168856,13.93,85.4
200000006,2026-03-01 01:02:00+00:00,13.087284,44.716042,9.57,88.9
200000007,2026-03-01 01:02:00+00:00,13.026353,45.034586,13.77,264.1
200000008,2026-03-01 01:02:00+00:00,13.063842,45.542884,15.18,258.2
200000009,2026-03-01 01:02:00+00:00,12.265573,44.234955,12.23,78.4
200000010,2026-03-01 01:02:00+00:00,12.275891,45.350048,9.58,93.0
200000011,2026-03-01 01:02:00+00:00,13.514959,44.413425,14.39,73.4
200000012,2026-03-01 01:02:00+00:00,12.675187,44.659968,12.46,249.2
200000013,2026-03-01 01:02:00+00:00,12.469287,45.170544,12.34,244.5
200000014,2026-03-01 01:02:00+00:00,13.152546,45.533411,11.42,89.6
200000015,2026-03-01 01:02:00+00:00,12.829651,44.652255,15.8,91.2
200000016,2026-03-01 01:02:00+00:00,12.359937,45.533434,9.84,78.4
200000017,2026-03-01 01:02:00+00:00,12.447053,45.833651,11.63,65.5
200000018,2026-03-01 01:02:00+00:00,12.543558,44.342627,9.16,245.5
200000019,2026-03-01 01:02:00+00:00,13.034168,45.970653,13.79,91.4
200000020,2026-03-01 01:02:00+00:00,12.732421,44.499984,13.03,91.0
200000021,2026-03-01 01:02:00+00:00,12.06495,44.485086,13.62,248.9
200000022,2026-03-01 01:02:00+00:00,12.811557,44.903776,15.4,255.2
200000023,2026-03-01 01:02:00+00:00,13.101985,45.12498,14.98,68.0
200000024,2026-03-01 01:02:00+00:00,12.624267,45.250995,12.42,267.9
200000025,2026-03-01 01:02:00+00:00,12.398356,44.211915,10.15,54.2
200000026,2026-03-01 01:02:00+00:00,12.245961,44.390827,13.74,253.6
200000027,2026-03-01 01:02:00+00:00,13.263175,44.359054,11.53,65.5
200000028,2026-03-01 01:02:00+00:00,12.896532,45.29959,14.24,72.7
200000029,2026-03-01 01:02:00+00:00,12.193817,45.22921,15.78,87.8
200000030,2026-03-01 01:02:00+00:00,12.114161,45.414087,11.57,86.4
200000031,2026-03-01 01:02:00+00:00,12.442057,46.170574,12.75,69.6
200000032,2026-03-01 01:02:00+00:00,12.809865,44.445243,10.36,250.7
200000033,2026-03-01 01:02:00+00:00,13.012861,44.532105,11.54,259.7
200000034,2026-03-01 01:02:00+00:00,12.17382,44.025996,11.84,276.3
200000035,2026-03-01 01:02:00+00:00,12.593449,45.83063,10.5,59.6
200000036,2026-03-01 01:02:00+00:00,12.89428,44.429741,9.73,59.0
200000037,2026-03-01 01:02:00+00:00,12.750003,45.421481,15.51,261.9
200000038,2026-03-01 01:02:00+00:00,12.656293,45.728688,20.15,310.5
200000039,2026-03-01 01:02:00+00:00,13.106293,45.178688,20.08,131.4
200000040,2026-03-01 01:02:00+00:00,13.080319,45.59177,13.84,181.6
200000001,2026-03-01 01:04:00+00:00,12.914636,43.874076,10.05,260.7
200000002,2026-03-01 01:04:00+00:00,12.808778,45.567069,13.7,254.6
200000003,2026-03-01 01:04:00+00:00,13.005719,44.972955,12.5,91.2
200000004,2026-03-01 01:04:00+00:00,12.501246,45.797111,10.01,275.5
200000005,2026-03-01 01:04:00+00:00,12.490679,46.176773,14.09,82.4
200000006,2026-03-01 01:04:00+00:00,13.087156,44.721651,9.86,88.8
200000007,2026-03-01 01:04:00+00:00,13.026127,45.026776,13.79,268.7
200000008,2026-03-01 01:04:00+00:00,13.062047,45.534332,15.54,257.1
200000009,2026-03-01 01:04:00+00:00,12.266759,44.241833,12.4,80.2
200000010,2026-03-01 01:04:00+00:00,12.275658,45.355519,9.45,94.4
200000011,2026-03-01 01:04:00+00:00,13.517147,44.421308,14.42,72.7
200000012,2026-03-01 01:04:00+00:00,12.672872,44.653358,12.38,250.9
200000013,2026-03-01 01:04:00+00:00,12.466123,45.164352,12.3,242.3
200000014,2026-03-01 01:04:00+00:00,13.152715,45.539842,11.35,85.4
200000015,2026-03-01 01:04:00+00:00,12.829626,44.66122,15.72,94.3
200000016,2026-03-01 01:04:00+00:00,12.361331,45.538952,10.25,76.3
200000017,2026-03-01 01:04:00+00:00,12.449775,45.839528,11.53,64.6
200000018,2026-03-01 01:04:00+00:00,12.541225,44.337978,9.22,241.5
200000019,2026-03-01 01:04:00+00:00,13.034219,45.978477,13.84,93.5
200000020,2026-03-01 01:04:00+00:00,12.732439,44.507461,13.08,93.5
200000021,2026-03-01 01:04:00+00:00,12.062764,44.477754,13.46,252.1
200000022,2026-03-01 01:04:00+00:00,12.809549,44.895381,15.47,257.9
200000023,2026-03-01 01:04:00+00:00,13.105142,45.132932,15.11,65.1
200000024,2026-03-01 01:04:00+00:00,12.624261,45.244024,12.23,271.1
200000025,2026-03-01 01:04:00+00:00,12.401243,44.216951,10.28,59.2
200000026,2026-03-01 01:04:00+00:00,12.2441,44.383096,14.01,257.7
200000027,2026-03-01 01:04:00+00:00,13.266083,44.364831,11.54,67.0
200000028,2026-03-01 01:04:00+00:00,12.898852,45.307285,13.96,74.9
200000029,2026-03-01 01:04:00+00:00,12.193495,45.238052,15.52,91.3
200000030,2026-03-01 01:04:00+00:00,12.114661,45.420702,11.83,87.0
200000031,2026-03-01 01:04:00+00:00,12.444619,46.177522,12.85,65.5
200000032,2026-03-01 01:04:00+00:00,12.808064,44.4395,10.61,253.3
200000033,2026-03-01 01:04:00+00:00,13.011596,44.525609,12.0,258.7
200000034,2026-03-01 01:04:00+00:00,12.174254,44.01933,11.66,270.5
200000035,2026-03-01 01:04:00+00:00,12.596292,45.835802,10.18,62.6
200000036,2026-03-01 01:04:00+00:00,12.897217,44.434578,9.99,58.3
200000037,2026-03-01 01:04:00+00:00,12.748783,45.412728,15.4,262.4
200000038,2026-03-01 01:04:00+00:00,12.663552,45.719817,20.41,310.4
200000039,2026-03-01 01:04:00+00:00,13.099035,45.187559,20.18,128.0
200000040,2026-03-01 01:04:00+00:00,13.073159,45.591026,11.53,223.0
200000001,2026-03-01 01:06:00+00:00,12.913763,43.868461,9.84,264.0
200000002,2026-03-01 01:06:00+00:00,12.806658,45.559392,14.08,253.8
200000003,2026-03-01 01:06:00+00:00,13.005955,44.979976,12.28,87.2
200000004,2026-03-01 01:06:00+00:00,12.501593,45.79148,9.77,273.5
200000005,2026-03-01 01:06:00+00:00,12.491748,46.184658,14.0,81.0
200000006,2026-03-01 01:06:00+00:00,13.087019,44.727259,9.89,93.1
200000007,2026-03-01 01:06:00+00:00,13.026271,45.018963,13.73,268.7
200000008,2026-03-01 01:06:00+00:00,13.06009,45.525818,15.36,255.2
200000009,2026-03-01 01:06:00+00:00,12.268047,44.248692,12.57,82.4
200000010,2026-03-01 01:06:00+00:00,12.275427,45.36099,9.8,90.7
200000011,2026-03-01 01:06:00+00:00,13.519165,44.429238,14.38,75.9
200000012,2026-03-01 01:06:00+00:00,12.670684,44.646704,12.4,249.8
200000013,2026-03-01 01:06:00+00:00,12.462918,45.158183,12.41,242.2
200000014,2026-03-01 01:06:00+00:00,13.153003,45.546269,11.18,85.6
200000015,2026-03-01 01:06:00+00:00,12.829776,44.670183,15.72,89.6
200000016,2026-03-01 01:06:00+00:00,12.362763,45.544459,10.25,73.6
200000017,2026-03-01 01:06:00+00:00,12.452496,45.845405,11.24,66.2
200000018,2026-03-01 01:06:00+00:00,12.538982,44.333284,9.08,239.7
200000019,2026-03-01 01:06:00+00:00,13.034435,45.986298,13.46,86.1
200000020,2026-03-01 01:06:00+00:00,12.732295,44.514936,12.98,91.4
200000021,2026-03-01 01:06:00+00:00,12.060318,44.470508,13.76,248.3
200000022,2026-03-01 01:06:00+00:00,12.807814,44.886923,15.24,256.7
200000023,2026-03-01 01:06:00+00:00,13.108503,45.140797,15.24,66.6
200000024,2026-03-01 01:06:00+00:00,12.624242,45.237053,12.41,271.0
200000025,2026-03-01 01:06:00+00:00,12.40414,44.221981,10.35,59.2
200000026,2026-03-01 01:06:00+00:00,12.242548,44.375295,13.87,259.2
200000027,2026-03-01 01:06:00+00:00,13.268795,44.370708,11.59,64.2
200000028,2026-03-01 01:06:00+00:00,12.901209,45.314968,14.34,73.3
200000029,2026-03-01 01:06:00+00:00,12.193226,45.246896,15.64,92.8
200000030,2026-03-01 01:06:00+00:00,12.115033,45.427327,11.6,88.4
200000031,2026-03-01 01:06:00+00:00,12.447594,46.184296,13.46,63.3
200000032,2026-03-01 01:06:00+00:00,12.806211,44.433774,10.56,252.8
200000033,2026-03-01 01:06:00+00:00,13.010192,44.519144,11.84,260.9
200000034,2026-03-01 01:06:00+00:00,12.174715,44.012666,11.79,275.4
200000035,2026-03-01 01:06:00+00:00,12.599257,45.840903,10.6,57.1
200000036,2026-03-01 01:06:00+00:00,12.900046,44.439483,10.08,59.5
200000037,2026-03-01 01:06:00+00:00,12.747494,45.403986,15.76,261.8
200000038,2026-03-01 01:06:00+00:00,12.67081,45.710946,20.27,311.3
200000039,2026-03-01 01:06:00+00:00,13.091777,45.19643,20.42,128.4
200000040,2026-03-01 01:06:00+00:00,13.070622,45.583581,16.08,249.6
200000001,2026-03-01 01:08:00+00:00,12.912674,43.862885,9.83,261.1
200000002,2026-03-01 01:08:00+00:00,12.80476,45.551654,14.04,252.7
200000003,2026-03-01 01:08:00+00:00,13.006395,44.986986,12.06,85.6
200000004,2026-03-01 01:08:00+00:00,12.501667,45.785838,10.1,268.5
200000005,2026-03-01 01:08:00+00:00,12.493061,46.192503,14.01,82.6
200000006,2026-03-01 01:08:00+00:00,13.086875,44.732867,9.91,88.2
200000007,2026-03-01 01:08:00+00:00,13.026545,45.011154,13.71,274.0
200000008,2026-03-01 01:08:00+00:00,13.05826,45.517274,15.53,260.5
200000009,2026-03-01 01:08:00+00:00,12.26943,44.255531,12.32,77.4
200000010,2026-03-01 01:08:00+00:00,12.275195,45.366461,9.57,90.4
200000011,2026-03-01 01:08:00+00:00,13.521048,44.437204,14.24,76.0
200000012,2026-03-01 01:08:00+00:00,12.668508,44.640045,12.33,250.9
200000013,2026-03-01 01:08:00+00:00,12.459551,45.152105,12.15,239.9
200000014,2026-03-01 01:08:00+00:00,13.153385,45.55269,11.27,85.9
200000015,2026-03-01 01:08:00+00:00,12.830017,44.679144,15.8,85.4
200000016,2026-03-01 01:08:00+00:00,12.364382,45.549912,10.02,73.8
200000017,2026-03-01 01:08:00+00:00,12.455304,45.851239,11.2,62.2
200000018,2026-03-01 01:08:00+00:00,12.536761,44.328579,9.12,243.8
200000019,2026-03-01 01:08:00+00:00,13.035009,45.9941,13.79,84.4
200000020,2026-03-01 01:08:00+00:00,12.732071,44.522409,13.37,92.2
200000021,2026-03-01 01:08:00+00:00,12.057602,44.463364,13.61,249.7
200000022,2026-03-01 01:08:00+00:00,12.805776,44.878536,15.2,255.8
200000023,2026-03-01 01:08:00+00:00,13.112243,45.148479,14.93,63.6
200000024,2026-03-01 01:08:00+00:00,12.624285,45.230082,12.29,270.9
200000025,2026-03-01 01:08:00+00:00,12.407004,44.227032,10.4,61.1
200000026,2026-03-01 01:08:00+00:00,12.241145,44.367464,13.83,260.4
200000027,2026-03-01 01:08:00+00:00,13.271593,44.376542,11.5,67.0
200000028,2026-03-01 01:08:00+00:00,12.903621,45.322634,13.91,73.1
200000029,2026-03-01 01:08:00+00:00,12.192993,45.255741,15.67,91.8
200000030,2026-03-01 01:08:00+00:00,12.11511,45.433962,11.5,90.0
200000031,2026-03-01 01:08:00+00:00,12.450438,46.191128,13.08,67.6
200000032,2026-03-01 01:08:00+00:00,12.804438,44.428022,10.85,252.5
200000033,2026-03-01 01:08:00+00:00,13.008936,44.512647,11.92,261.7
200000034,2026-03-01 01:08:00+00:00,12.175123,44.005999,11.66,278.0
200000035,2026-03-01 01:08:00+00:00,12.602279,45.845968,10.46,58.2
200000036,2026-03-01 01:08:00+00:00,12.902815,44.444423,10.27,58.8
200000037,2026-03-01 01:08:00+00:00,12.745754,45.395326,15.64,258.6
200000038,2026-03-01 01:08:00+00:00,12.678068,45.702075,20.3,311.8
200000039,2026-03-01 01:08:00+00:00,13.084519,45.205301,20.22,131.9
200000040,2026-03-01 01:08:00+00:00,13.067218,45.573593,10.52,248.7
200000001,2026-03-01 01:10:00+00:00,12.911526,43.857322,9.99,257.6
200000002,2026-03-01 01:10:00+00:00,12.802564,45.543999,14.16,254.0
200000003,2026-03-01 01:10:00+00:00,13.007037,44.993979,12.43,87.3
200000004,2026-03-01 01:10:00+00:00,12.501678,45.780196,9.88,269.6
200000005,2026-03-01 01:10:00+00:00,12.494393,46.200346,14.2,82.1
200000006,2026-03-01 01:10:00+00:00,13.086869,44.738477,9.79,89.3
200000007,2026-03-01 01:10:00+00:00,13.026905,45.003349,13.8,273.1
200000008,2026-03-01 01:10:00+00:00,13.056397,45.508737,15.42,257.8
200000009,2026-03-01 01:10:00+00:00,12.270894,44.262353,12.17,74.9
200000010,2026-03-01 01:10:00+00:00,12.274984,45.371932,9.55,92.8
200000011,2026-03-01 01:10:00+00:00,13.522934,44.445169,14.43,77.9
200000012,2026-03-01 01:10:00+00:00,12.666307,44.633395,12.44,249.4
200000013,2026-03-01 01:10:00+00:00,12.456176,45.146032,12.34,242.2
200000014,2026-03-01 01:10:00+00:00,13.154096,45.559082,11.28,84.0
200000015,2026-03-01 01:10:00+00:00,12.830151,44.688108,15.65,90.9
200000016,2026-03-01 01:10:00+00:00,12.366379,45.555233,10.0,67.8
200000017,2026-03-01 01:10:00+00:00,12.458084,45.857087,11.46,62.9
200000018,2026-03-01 01:10:00+00:00,12.534555,44.323866,9.15,246.7
200000019,2026-03-01 01:10:00+00:00,13.03574,46.001888,13.74,84.3
200000020,2026-03-01 01:10:00+00:00,12.731712,44.529877,13.37,91.3
200000021,2026-03-01 01:10:00+00:00,12.055079,44.456146,13.33,250.3
200000022,2026-03-01 01:10:00+00:00,12.803733,44.87015,15.37,254.0
200000023,2026-03-01 01:10:00+00:00,13.116155,45.15607,15.2,63.3
200000024,2026-03-01 01:10:00+00:00,12.62455,45.223116,12.25,271.1
200000025,2026-03-01 01:10:00+00:00,12.409816,44.232112,10.32,61.4
200000026,2026-03-01 01:10:00+00:00,12.239976,44.359593,13.98,258.8
200000027,2026-03-01 01:10:00+00:00,13.274634,44.382246,11.3,63.6
200000028,2026-03-01 01:10:00+00:00,12.906019,45.330304,14.09,70.4
200000029,2026-03-01 01:10:00+00:00,12.193089,45.264589,15.31,88.0
200000030,2026-03-01 01:10:00+00:00,12.115344,45.440594,11.68,86.4
200000031,2026-03-01 01:10:00+00:00,12.453231,46.197983,12.99,67.0
200000032,2026-03-01 01:10:00+00:00,12.802601,44.42229,10.39,251.5
200000033,2026-03-01 01:10:00+00:00,13.007863,44.506115,11.53,257.7
200000034,2026-03-01 01:10:00+00:00,12.175664,43.999342,11.82,273.2
200000035,2026-03-01 01:10:00+00:00,12.605162,45.851118,10.69,59.4
200000036,2026-03-01 01:10:00+00:00,12.905599,44.449354,9.88,61.5
200000037,2026-03-01 01:10:00+00:00,12.74402,45.386664,15.6,255.9
200000038,2026-03-01 01:10:00+00:00,12.685326,45.693204,20.15,309.6
200000039,2026-03-01 01:10:00+00:00,13.077261,45.214172,20.58,129.5
200000040,2026-03-01 01:10:00+00:00,13.066784,45.572319,6.76,249.5
200000001,2026-03-01 01:12:00+00:00,12.910449,43.851744,9.95,257.5
200000002,2026-03-01 01:12:00+00:00,12.800716,45.536248,14.06,255.6
200000003,2026-03-01 01:12:00+00:00,13.007845,45.000955,12.26,84.2
200000004,2026-03-01 01:12:00+00:00,12.501418,45.77456,10.02,267.1
200000005,2026-03-01 01:12:00+00:00,12.495805,46.208173,13.95,77.2
200000006,2026-03-01 01:12:00+00:00,13.086873,44.744087,9.7,89.4
200000007,2026-03-01 01:12:00+00:00,13.027367,44.99555,13.7,274.9
200000008,2026-03-01 01:12:00+00:00,13.054387,45.500236,15.41,252.8
200000009,2026-03-01 01:12:00+00:00,12.272436,44.269156,12.22,78.2
200000010,2026-03-01 01:12:00+00:00,12.274938,45.377408,9.71,93.7
200000011,2026-03-01 01:12:00+00:00,13.524766,44.453147,13.99,80.0
200000012,2026-03-01 01:12:00+00:00,12.663944,44.626803,12.45,250.8
200000013,2026-03-01 01:12:00+00:00,12.452935,45.139882,12.15,240.5
200000014,2026-03-01 01:12:00+00:00,13.155084,45.565435,11.4,82.0
200000015,2026-03-01 01:12:00+00:00,12.829938,44.69707,15.9,88.9
200000016,2026-03-01 01:12:00+00:00,12.368369,45.560556,10.29,68.0
200000017,2026-03-01 01:12:00+00:00,12.460622,45.863049,11.21,67.2
200000018,2026-03-01 01:12:00+00:00,12.532557,44.319056,8.93,245.1
200000019,2026-03-01 01:12:00+00:00,13.036614,46.009661,13.92,83.6
200000020,2026-03-01 01:12:00+00:00,12.731487,44.53735,13.09,89.7
200000021,2026-03-01 01:12:00+00:00,12.052565,44.448925,13.23,249.4
200000022,2026-03-01 01:12:00+00:00,12.801966,44.861698,15.18,259.3
200000023,2026-03-01 01:12:00+00:00,13.119976,45.16371,15.49,61.6
200000024,2026-03-01 01:12:00+00:00,12.625054,45.216164,12.09,272.3
200000025,2026-03-01 01:12:00+00:00,12.412579,44.237222,10.18,59.1
200000026,2026-03-01 01:12:00+00:00,12.238663,44.351746,14.13,259.6
200000027,2026-03-01 01:12:00+00:00,13.277533,44.388029,11.24,68.2
200000028,2026-03-01 01:12:00+00:00,12.908779,45.337845,14.0,72.5
200000029,2026-03-01 01:12:00+00:00,12.193394,45.273431,15.59,86.3
200000030,2026-03-01 01:12:00+00:00,12.115713,45.447218,11.99,83.7
200000031,2026-03-01 01:12:00+00:00,12.456467,46.20463,12.86,63.8
200000032,2026-03-01 01:12:00+00:00,12.800955,44.416498,10.81,250.5
200000033,2026-03-01 01:12:00+00:00,13.006671,44.499605,11.42,259.1
200000034,2026-03-01 01:12:00+00:00,12.176194,43.992683,11.85,273.2
200000035,2026-03-01 01:12:00+00:00,12.607973,45.856309,10.39,60.4
200000036,2026-03-01 01:12:00+00:00,12.908446,44.454248,10.03,58.2
200000037,2026-03-01 01:12:00+00:00,12.742009,45.378066,15.49,257.3
200000038,2026-03-01 01:12:00+00:00,12.692584,45.684333,20.35,307.8
200000039,2026-03-01 01:12:00+00:00,13.070003,45.223043,20.43,126.7
200000040,2026-03-01 01:12:00+00:00,13.064839,45.566612,7.88,268.7
200000001,2026-03-01 01:14:00+00:00,12.909562,43.846131,9.93,262.5
200000002,2026-03-01 01:14:00+00:00,12.79908,45.528448,13.95,260.4
200000003,2026-03-01 01:14:00+00:00,13.008667,45.007929,12.26,81.8
200000004,2026-03-01 01:14:00+00:00,12.501284,45.768919,9.84,267.5
200000005,2026-03-01 01:14:00+00:00,12.497039,46.216033,13.99,78.5
200000006,2026-03-01 01:14:00+00:00,13.086999,44.749696,9.96,90.1
200000007,2026-03-01 01:14:00+00:00,13.027611,44.98774,13.81,271.1
200000008,2026-03-01 01:14:00+00:00,13.052729,45.491655,15.48,259.9
200000009,2026-03-01 01:14:00+00:00,12.273922,44.275973,12.25,79.3
200000010,2026-03-01 01:14:00+00:00,12.274889,45.382884,9.65,90.1
200000011,2026-03-01 01:14:00+00:00,13.526301,44.461192,14.24,78.0
200000012,2026-03-01 01:14:00+00:00,12.661563,44.620219,12.24,250.4
200000013,2026-03-01 01:14:00+00:00,12.449879,45.133634,12.37,240.4
200000014,2026-03-01 01:14:00+00:00,13.15597,45.571804,11.37,76.7
200000015,2026-03-01 01:14:00+00:00,12.829873,44.706034,15.81,91.2
200000016,2026-03-01 01:14:00+00:00,12.370493,45.565824,9.9,66.9
200000017,2026-03-01 01:14:00+00:00,12.463382,45.868908,11.66,64.6
200000018,2026-03-01 01:14:00+00:00,12.530575,44.31424,9.35,246.0
200000019,2026-03-01 01:14:00+00:00,13.03757,46.017424,13.97,85.1
200000020,2026-03-01 01:14:00+00:00,12.731252,44.544822,13.1,92.5
200000021,2026-03-01 01:14:00+00:00,12.049916,44.441755,13.71,246.8
200000022,2026-03-01 01:14:00+00:00,12.800434,44.853199,15.08,260.1
200000023,2026-03-01 01:14:00+00:00,13.123802,45.171348,14.95,62.1
200000024,2026-03-01 01:14:00+00:00,12.626006,45.209262,11.86,279.3
200000025,2026-03-01 01:14:00+00:00,12.415629,44.242157,10.27,58.7
200000026,2026-03-01 01:14:00+00:00,12.237299,44.343908,14.05,258.6
200000027,2026-03-01 01:14:00+00:00,13.28014,44.393955,11.24,61.6
200000028,2026-03-01 01:14:00+00:00,12.911241,45.345494,14.06,68.0
200000029,2026-03-01 01:14:00+00:00,12.193727,45.282273,15.8,85.0
200000030,2026-03-01 01:14:00+00:00,12.116151,45.453839,11.78,88.6
200000031,2026-03-01 01:14:00+00:00,12.459632,46.211313,13.16,66.4
200000032,2026-03-01 01:14:00+00:00,12.799134,44.410762,10.7,252.0
200000033,2026-03-01 01:14:00+00:00,13.005829,44.493038,12.11,258.2
200000034,2026-03-01 01:14:00+00:00,12.176839,43.986035,11.48,273.5
200000035,2026-03-01 01:14:00+00:00,12.610706,45.861544,10.74,61.1
200000036,2026-03-01 01:14:00+00:00,12.911517,44.458997,10.15,58.2
200000037,2026-03-01 01:14:00+00:00,12.740117,45.36944,15.54,256.9
200000038,2026-03-01 01:14:00+00:00,12.699842,45.675462,20.3,309.0
200000039,2026-03-01 01:14:00+00:00,13.062745,45.231914,20.27,133.9
200000040,2026-03-01 01:14:00+00:00,13.06677,45.563297,9.76,300.6
200000001,2026-03-01 01:16:00+00:00,12.908765,43.840504,10.08,263.4
200000002,2026-03-01 01:16:00+00:00,12.797453,45.520645,14.18,258.8
200000003,2026-03-01 01:16:00+00:00,13.00953,45.014897,12.14,79.4
200000004,2026-03-01 01:16:00+00:00,12.501115,45.76328,9.97,267.8
200000005,2026-03-01 01:16:00+00:00,12.498011,46.22393,14.13,81.2
200000006,2026-03-01 01:16:00+00:00,13.087012,44.755306,9.74,94.5
200000007,2026-03-01 01:16:00+00:00,13.027995,44.979936,13.62,272.2
200000008,2026-03-01 01:16:00+00:00,13.050997,45.48309,15.4,253.7
200000009,2026-03-01 01:16:00+00:00,12.275402,44.282791,12.32,78.2
200000010,2026-03-01 01:16:00+00:00,12.274773,45.388358,9.86,88.7
200000011,2026-03-01 01:16:00+00:00,13.527694,44.469263,14.31,77.9
200000012,2026-03-01 01:16:00+00:00,12.659029,44.613695,12.27,247.1
200000013,2026-03-01 01:16:00+00:00,12.446798,45.1274,12.17,244.3
200000014,2026-03-01 01:16:00+00:00,13.156986,45.578153,11.31,77.5
200000015,2026-03-01 01:16:00+00:00,12.829769,44.714998,15.82,89.1
200000016,2026-03-01 01:16:00+00:00,12.372726,45.571045,9.7,68.3
200000017,2026-03-01 01:16:00+00:00,12.465902,45.874878,11.35,67.6
200000018,2026-03-01 01:16:00+00:00,12.52869,44.309383,9.09,247.1
200000019,2026-03-01 01:16:00+00:00,13.038621,46.025173,13.55,76.9
200000020,2026-03-01 01:16:00+00:00,12.730797,44.552284,13.14,93.0
200000021,2026-03-01 01:16:00+00:00,12.047496,44.4345,13.29,251.8
200000022,2026-03-01 01:16:00+00:00,12.798912,44.844698,15.2,257.0
200000023,2026-03-01 01:16:00+00:00,13.127808,45.178888,14.87,64.4
200000024,2026-03-01 01:16:00+00:00,12.626831,45.202342,12.18,274.2
200000025,2026-03-01 01:16:00+00:00,12.4186,44.247142,9.99,63.1
200000026,2026-03-01 01:16:00+00:00,12.235785,44.336099,14.07,259.8
200000027,2026-03-01 01:16:00+00:00,13.282805,44.399855,11.1,71.4
200000028,2026-03-01 01:16:00+00:00,12.91378,45.353117,14.11,72.0
200000029,2026-03-01 01:16:00+00:00,12.193822,45.291121,15.56,86.8
200000030,2026-03-01 01:16:00+00:00,12.116437,45.460468,11.84,87.5
200000031,2026-03-01 01:16:00+00:00,12.462605,46.218088,12.78,67.7
200000032,2026-03-01 01:16:00+00:00,12.79724,44.405051,10.34,247.8
200000033,2026-03-01 01:16:00+00:00,13.004809,44.486497,11.99,263.1
200000034,2026-03-01 01:16:00+00:00,12.177596,43.9794,11.92,277.2
200000035,2026-03-01 01:16:00+00:00,12.613664,45.866649,10.56,57.0
200000036,2026-03-01 01:16:00+00:00,12.914572,44.463757,10.28,58.9
200000037,2026-03-01 01:16:00+00:00,12.738184,45.360823,15.59,253.3
200000038,2026-03-01 01:16:00+00:00,12.7071,45.666591,20.22,309.8
200000039,2026-03-01 01:16:00+00:00,13.055487,45.240785,20.37,127.7
200000040,2026-03-01 01:16:00+00:00,13.070299,45.557239,15.41,298.4
200000001,2026-03-01 01:18:00+00:00,12.908027,43.834868,10.02,259.7
200000002,2026-03-01 01:18:00+00:00,12.796049,45.512797,14.12,261.0
200000003,2026-03-01 01:18:00+00:00,13.010436,45.02186,12.41,84.1
200000004,2026-03-01 01:18:00+00:00,12.500704,45.757653,9.91,262.5
200000005,2026-03-01 01:18:00+00:00,12.499203,46.231797,13.99,83.6
200000006,2026-03-01 01:18:00+00:00,13.086632,44.760902,10.1,91.5
200000007,2026-03-01 01:18:00+00:00,13.028562,44.972143,13.7,271.5
200000008,2026-03-01 01:18:00+00:00,13.048963,45.474595,15.17,254.1
200000009,2026-03-01 01:18:00+00:00,12.276991,44.289583,12.39,75.2
200000010,2026-03-01 01:18:00+00:00,12.274836,45.393834,9.57,88.4
200000011,2026-03-01 01:18:00+00:00,13.52908,44.477336,14.44,80.7
200000012,2026-03-01 01:18:00+00:00,12.65651,44.607165,12.21,246.6
200000013,2026-03-01 01:18:00+00:00,12.443846,45.1211,12.28,242.3
200000014,2026-03-01 01:18:00+00:00,13.158103,45.584483,11.29,78.4
200000015,2026-03-01 01:18:00+00:00,12.829417,44.723956,15.83,91.4
200000016,2026-03-01 01:18:00+00:00,12.374977,45.576258,10.22,63.5
200000017,2026-03-01 01:18:00+00:00,12.468341,45.880884,11.47,64.6
200000018,2026-03-01 01:18:00+00:00,12.526948,44.304471,9.19,250.4
200000019,2026-03-01 01:18:00+00:00,13.039552,46.032939,13.53,85.2
200000020,2026-03-01 01:18:00+00:00,12.729949,44.55971,13.06,96.8
200000021,2026-03-01 01:18:00+00:00,12.045412,44.427138,13.38,254.5
200000022,2026-03-01 01:18:00+00:00,12.797412,44.836192,15.45,264.2
200000023,2026-03-01 01:18:00+00:00,13.131724,45.186477,15.08,61.4
200000024,2026-03-01 01:18:00+00:00,12.62738,45.195394,12.29,269.6
200000025,2026-03-01 01:18:00+00:00,12.421285,44.252294,10.12,63.0
200000026,2026-03-01 01:18:00+00:00,12.234245,44.328295,14.07,254.8
200000027,2026-03-01 01:18:00+00:00,13.285218,44.405869,11.4,66.9
200000028,2026-03-01 01:18:00+00:00,12.916402,45.360709,14.62,71.8
200000029,2026-03-01 01:18:00+00:00,12.194061,45.299965,15.62,87.7
200000030,2026-03-01 01:18:00+00:00,12.116553,45.467103,11.58,88.2
200000031,2026-03-01 01:18:00+00:00,12.465719,46.224796,13.04,67.1
200000032,2026-03-01 01:18:00+00:00,12.795434,44.399309,10.44,251.5
200000033,2026-03-01 01:18:00+00:00,13.003913,44.479938,11.47,261.1
200000034,2026-03-01 01:18:00+00:00,12.178444,43.972776,11.76,276.6
200000035,2026-03-01 01:18:00+00:00,12.616586,45.871776,10.44,59.6
200000036,2026-03-01 01:18:00+00:00,12.917775,44.468413,9.67,54.1
200000037,2026-03-01 01:18:00+00:00,12.73609,45.352246,15.65,257.2
200000038,2026-03-01 01:18:00+00:00,12.714358,45.65772,20.4,309.2
200000039,2026-03-01 01:18:00+00:00,13.048229,45.249656,20.36,127.2
200000040,2026-03-01 01:18:00+00:00,13.075433,45.548425,17.21,303.9
200000001,2026-03-01 01:20:00+00:00,12.906879,43.829305,10.13,257.3
200000002,2026-03-01 01:20:00+00:00,12.794495,45.504979,13.9,260.1
200000003,2026-03-01 01:20:00+00:00,13.011044,45.028857,12.14,84.5
200000004,2026-03-01 01:20:00+00:00,12.500196,45.752035,9.75,266.5
200000005,2026-03-01 01:20:00+00:00,12.50064,46.23962,14.04,78.8
200000006,2026-03-01 01:20:00+00:00,13.086571,44.766512,9.72,88.7
200000007,2026-03-01 01:20:00+00:00,13.029007,44.964343,13.38,272.4
200000008,2026-03-01 01:20:00+00:00,13.046894,45.466109,15.48,257.3
200000009,2026-03-01 01:20:00+00:00,12.278605,44.29637,12.23,77.1
200000010,2026-03-01 01:20:00+00:00,12.274997,45.399307,9.71,85.4
200000011,2026-03-01 01:20:00+00:00,13.530506,44.485402,14.26,76.4
200000012,2026-03-01 01:20:00+00:00,12.654057,44.600609,12.38,248.4
200000013,2026-03-01 01:20:00+00:00,12.440871,45.114811,12.39,242.9
200000014,2026-03-01 01:20:00+00:00,13.15891,45.590863,11.22,82.6
200000015,2026-03-01 01:20:00+00:00,12.829078,44.732914,15.92,94.0
200000016,2026-03-01 01:20:00+00:00,12.377257,45.581458,9.92,69.1
200000017,2026-03-01 01:20:00+00:00,12.470727,45.886913,11.26,70.1
200000018,2026-03-01 01:20:00+00:00,12.524886,44.29969,9.06,245.7
200000019,2026-03-01 01:20:00+00:00,13.040745,46.040667,13.74,81.9
200000020,2026-03-01 01:20:00+00:00,12.729116,44.567138,13.09,98.6
200000021,2026-03-01 01:20:00+00:00,12.043574,44.419707,13.51,254.6
200000022,2026-03-01 01:20:00+00:00,12.796117,44.827652,14.97,260.5
200000023,2026-03-01 01:20:00+00:00,13.136002,45.193858,15.05,57.6
200000024,2026-03-01 01:20:00+00:00,12.627783,45.188435,12.18,270.1
200000025,2026-03-01 01:20:00+00:00,12.424001,44.25743,10.29,60.7
200000026,2026-03-01 01:20:00+00:00,12.232772,44.320478,14.01,263.8
200000027,2026-03-01 01:20:00+00:00,13.28748,44.411944,11.6,65.8
200000028,2026-03-01 01:20:00+00:00,12.918847,45.368364,14.33,71.5
200000029,2026-03-01 01:20:00+00:00,12.194419,45.308806,15.65,85.7
200000030,2026-03-01 01:20:00+00:00,12.116691,45.473737,11.8,85.9
200000031,2026-03-01 01:20:00+00:00,12.468947,46.231448,13.0,64.1
200000032,2026-03-01 01:20:00+00:00,12.793651,44.39356,10.59,251.3
200000033,2026-03-01 01:20:00+00:00,13.002946,44.473389,11.4,260.4
200000034,2026-03-01 01:20:00+00:00,12.179152,43.966135,11.59,277.4
200000035,2026-03-01 01:20:00+00:00,12.61956,45.876872,10.5,58.7
200000036,2026-03-01 01:20:00+00:00,12.920928,44.473105,10.23,57.1
200000037,2026-03-01 01:20:00+00:00,12.734264,45.343605,15.53,258.7
200000038,2026-03-01 01:20:00+00:00,12.721616,45.648849,20.19,311.2
200000039,2026-03-01 01:20:00+00:00,13.040971,45.258527,19.99,131.2
200000040,2026-03-01 01:20:00+00:00,13.080087,45.540436,10.06,321.9
200000001,2026-03-01 01:22:00+00:00,12.905907,43.823707,9.94,262.3
200000002,2026-03-01 01:22:00+00:00,12.792816,45.497189,13.84,258.4
200000003,2026-03-01 01:22:00+00:00,13.011506,45.035866,12.36,86.6
200000004,2026-03-01 01:22:00+00:00,12.499797,45.746407,9.73,265.8
200000005,2026-03-01 01:22:00+00:00,12.502116,46.247435,14.1,78.2
200000006,2026-03-01 01:22:00+00:00,13.086334,44.772117,9.82,93.2
200000007,2026-03-01 01:22:00+00:00,13.029324,44.956536,13.74,273.8
200000008,2026-03-01 01:22:00+00:00,13.045028,45.457573,15.16,254.3
200000009,2026-03-01 01:22:00+00:00,12.280107,44.303183,12.22,74.0
200000010,2026-03-01 01:22:00+00:00,12.275153,45.404781,9.74,88.9
200000011,2026-03-01 01:22:00+00:00,13.532229,44.493406,14.37,79.6
200000012,2026-03-01 01:22:00+00:00,12.651562,44.594069,12.29,250.7
200000013,2026-03-01 01:22:00+00:00,12.437788,45.108578,11.93,247.1
200000014,2026-03-01 01:22:00+00:00,13.159627,45.597255,11.31,84.4
200000015,2026-03-01 01:22:00+00:00,12.8286,44.741865,15.71,93.7
200000016,2026-03-01 01:22:00+00:00,12.37962,45.586619,10.17,64.7
200000017,2026-03-01 01:22:00+00:00,12.47299,45.89299,11.45,69.8
200000018,2026-03-01 01:22:00+00:00,12.522736,44.294951,9.21,242.6
200000019,2026-03-01 01:22:00+00:00,13.041784,46.048419,13.66,84.1
200000020,2026-03-01 01:22:00+00:00,12.728025,44.57453,13.08,98.4
200000021,2026-03-01 01:22:00+00:00,12.041662,44.412296,13.53,255.7
200000022,2026-03-01 01:22:00+00:00,12.794659,44.819138,15.08,259.4
200000023,2026-03-01 01:22:00+00:00,13.140484,45.20111,15.12,59.6
200000024,2026-03-01 01:22:00+00:00,12.628006,45.181467,12.43,271.4
200000025,2026-03-01 01:22:00+00:00,12.42658,44.262639,10.46,64.7
200000026,2026-03-01 01:22:00+00:00,12.231387,44.312644,14.21,257.0
200000027,2026-03-01 01:22:00+00:00,13.289906,44.417952,11.33,68.2
200000028,2026-03-01 01:22:00+00:00,12.921355,45.375998,14.26,73.9
200000029,2026-03-01 01:22:00+00:00,12.194815,45.317645,15.57,85.6
200000030,2026-03-01 01:22:00+00:00,12.116806,45.480371,11.58,89.7
200000031,2026-03-01 01:22:00+00:00,12.47216,46.238107,13.12,65.7
200000032,2026-03-01 01:22:00+00:00,12.791598,44.387907,10.64,248.0
200000033,2026-03-01 01:22:00+00:00,13.002109,44.466821,11.34,265.1
200000034,2026-03-01 01:22:00+00:00,12.17963,43.959472,11.78,270.1
200000035,2026-03-01 01:22:00+00:00,12.622638,45.881902,10.49,58.8
200000036,2026-03-01 01:22:00+00:00,12.924121,44.477769,9.85,53.6
200000037,2026-03-01 01:22:00+00:00,12.732605,45.334929,15.49,261.6
200000038,2026-03-01 01:22:00+00:00,12.728874,45.639978,20.19,309.0
200000039,2026-03-01 01:22:00+00:00,13.033713,45.267398,20.29,128.3
200000040,2026-03-01 01:22:00+00:00,13.084063,45.541157,9.4,10.2
200000001,2026-03-01 01:24:00+00:00,12.904709,43.818155,9.95,254.0
200000002,2026-03-01 01:24:00+00:00,12.791522,45.489321,13.96,261.8
200000003,2026-03-01 01:24:00+00:00,13.012046,45.042868,12.51,86.1
200000004,2026-03-01 01:24:00+00:00,12.499312,45.740787,9.86,263.5
200000005,2026-03-01 01:24:00+00:00,12.503505,46.255267,13.97,77.2
200000006,2026-03-01 01:24:00+00:00,13.086019,44.777717,9.89,96.2
200000007,2026-03-01 01:24:00+00:00,13.02993,44.948746,13.87,272.1
200000008,2026-03-01 01:24:00+00:00,13.043078,45.449058,15.41,254.1
200000009,2026-03-01 01:24:00+00:00,12.281528,44.310014,12.48,77.4
200000010,2026-03-01 01:24:00+00:00,12.275393,45.410251,9.47,84.0
200000011,2026-03-01 01:24:00+00:00,13.533948,44.501412,14.36,78.8
200000012,2026-03-01 01:24:00+00:00,12.649134,44.587503,12.46,249.9
200000013,2026-03-01 01:24:00+00:00,12.434835,45.102278,12.11,244.9
200000014,2026-03-01 01:24:00+00:00,13.160171,45.603664,11.16,88.7
200000015,2026-03-01 01:24:00+00:00,12.828399,44.750827,15.6,93.1
200000016,2026-03-01 01:24:00+00:00,12.381901,45.591818,10.0,66.0
200000017,2026-03-01 01:24:00+00:00,12.474966,45.899172,11.42,69.4
200000018,2026-03-01 01:24:00+00:00,12.520561,44.290223,9.4,246.6
200000019,2026-03-01 01:24:00+00:00,13.042536,46.056205,13.79,85.3
200000020,2026-03-01 01:24:00+00:00,12.726827,44.581905,13.03,99.3
200000021,2026-03-01 01:24:00+00:00,12.03995,44.404834,13.69,258.6
200000022,2026-03-01 01:24:00+00:00,12.793066,44.810651,15.26,263.7
200000023,2026-03-01 01:24:00+00:00,13.145066,45.208296,15.01,60.0
200000024,2026-03-01 01:24:00+00:00,12.62826,45.174501,12.23,270.0
200000025,2026-03-01 01:24:00+00:00,12.429028,44.267914,10.17,62.9
200000026,2026-03-01 01:24:00+00:00,12.229631,44.304889,13.85,257.5
200000027,2026-03-01 01:24:00+00:00,13.292442,44.423912,11.4,68.0
200000028,2026-03-01 01:24:00+00:00,12.923962,45.383597,14.07,69.4
200000029,2026-03-01 01:24:00+00:00,12.195224,45.326483,15.78,86.9
200000030,2026-03-01 01:24:00+00:00,12.116872,45.487007,11.61,86.7
200000031,2026-03-01 01:24:00+00:00,12.475074,46.244909,13.24,66.6
200000032,2026-03-01 01:24:00+00:00,12.789378,44.382321,10.46,250.7
200000033,2026-03-01 01:24:00+00:00,13.001352,44.460243,11.96,261.7
200000034,2026-03-01 01:24:00+00:00,12.179866,43.952796,11.98,274.2
200000035,2026-03-01 01:24:00+00:00,12.62569,45.886948,10.2,56.7
200000036,2026-03-01 01:24:00+00:00,12.927444,44.482336,10.0,51.7
200000037,2026-03-01 01:24:00+00:00,12.730696,45.326307,15.72,254.9
200000038,2026-03-01 01:24:00+00:00,12.736132,45.631107,20.36,309.4
200000039,2026-03-01 01:24:00+00:00,13.026455,45.276269,20.15,131.8
200000040,2026-03-01 01:24:00+00:00,13.090344,45.542296,15.85,7.8
200000001,2026-03-01 01:26:00+00:00,12.903398,43.81263,9.94,252.5
200000002,2026-03-01 01:26:00+00:00,12.790298,45.481442,13.94,258.7
200000003,2026-03-01 01:26:00+00:00,13.012545,45.049875,12.28,84.3
200000004,2026-03-01 01:26:00+00:00,12.498787,45.73517,9.92,267.6
200000005,2026-03-01 01:26:00+00:00,12.504722,46.26313,14.05,81.3
200000006,2026-03-01 01:26:00+00:00,13.085718,44.783319,9.68,96.0
200000007,2026-03-01 01:26:00+00:00,13.030577,44.940961,13.62,271.1
200000008,2026-03-01 01:26:00+00:00,13.040952,45.440587,15.29,254.2
200000009,2026-03-01 01:26:00+00:00,12.283009,44.316832,12.04,76.6
200000010,2026-03-01 01:26:00+00:00,12.275763,45.415714,9.27,86.0
200000011,2026-03-01 01:26:00+00:00,13.53561,44.50943,14.27,76.7
200000012,2026-03-01 01:26:00+00:00,12.646805,44.580899,12.04,251.7
200000013,2026-03-01 01:26:00+00:00,12.431986,45.095929,12.33,247.6
200000014,2026-03-01 01:26:00+00:00,13.16069,45.610076,11.35,84.4
200000015,2026-03-01 01:26:00+00:00,12.828194,44.759789,15.69,90.4
200000016,2026-03-01 01:26:00+00:00,12.384285,45.596969,10.23,67.0
200000017,2026-03-01 01:26:00+00:00,12.476874,45.905376,11.29,72.4
200000018,2026-03-01 01:26:00+00:00,12.518375,44.285501,9.15,242.6
200000019,2026-03-01 01:26:00+00:00,13.043504,46.063966,13.76,81.6
200000020,2026-03-01 01:26:00+00:00,12.725545,44.589265,13.31,99.1
200000021,2026-03-01 01:26:00+00:00,12.038254,44.397368,13.47,257.1
200000022,2026-03-01 01:26:00+00:00,12.791476,44.802163,15.16,257.3
200000023,2026-03-01 01:26:00+00:00,13.14933,45.215686,15.06,63.1
200000024,2026-03-01 01:26:00+00:00,12.628418,45.167532,12.07,273.9
200000025,2026-03-01 01:26:00+00:00,12.431245,44.273295,10.35,67.5
200000026,2026-03-01 01:26:00+00:00,12.228033,44.297098,13.85,260.0
200000027,2026-03-01 01:26:00+00:00,13.294916,44.429899,11.48,67.4
200000028,2026-03-01 01:26:00+00:00,12.926184,45.391323,13.95,71.6
200000029,2026-03-01 01:26:00+00:00,12.195372,45.33533,15.4,88.9
200000030,2026-03-01 01:26:00+00:00,12.117038,45.49364,11.57,89.0
200000031,2026-03-01 01:26:00+00:00,12.477996,46.251708,13.22,65.5
200000032,2026-03-01 01:26:00+00:00,12.787432,44.376628,10.65,247.8
200000033,2026-03-01 01:26:00+00:00,13.000611,44.453663,11.7,263.6
200000034,2026-03-01 01:26:00+00:00,12.180243,43.946126,11.65,276.1
200000035,2026-03-01 01:26:00+00:00,12.629036,45.891796,10.64,60.1
200000036,2026-03-01 01:26:00+00:00,12.930759,44.486909,9.85,51.9
200000037,2026-03-01 01:26:00+00:00,12.728787,45.317685,15.69,257.0
200000038,2026-03-01 01:26:00+00:00,12.74339,45.622236,20.56,309.6
200000039,2026-03-01 01:26:00+00:00,13.019197,45.28514,20.4,134.7
200000040,2026-03-01 01:26:00+00:00,13.101131,45.544252,19.83,9.7
200000001,2026-03-01 01:28:00+00:00,12.902194,43.807079,9.86,260.9
200000002,2026-03-01 01:28:00+00:00,12.789131,45.473554,14.03,265.3
200000003,2026-03-01 01:28:00+00:00,13.012953,45.056887,12.34,89.3
200000004,2026-03-01 01:28:00+00:00,12.498208,45.729559,9.96,263.3
200000005,2026-03-01 01:28:00+00:00,12.505933,46.270993,13.8,81.4
200000006,2026-03-01 01:28:00+00:00,13.085425,44.788921,9.83,92.7
200000007,2026-03-01 01:28:00+00:00,13.030998,44.933159,13.74,272.6
200000008,2026-03-01 01:28:00+00:00,13.038595,45.432181,15.33,256.0
200000009,2026-03-01 01:28:00+00:00,12.284763,44.323582,12.2,76.6
200000010,2026-03-01 01:28:00+00:00,12.276309,45.421161,9.83,87.8
200000011,2026-03-01 01:28:00+00:00,13.537272,44.517448,14.39,82.0
200000012,2026-03-01 01:28:00+00:00,12.644611,44.574247,12.03,251.0
200000013,2026-03-01 01:28:00+00:00,12.429065,45.089615,12.3,244.0
200000014,2026-03-01 01:28:00+00:00,13.161487,45.616457,11.42,82.4
200000015,2026-03-01 01:28:00+00:00,12.827785,44.768744,15.85,89.5
200000016,2026-03-01 01:28:00+00:00,12.386519,45.60219,10.1,66.9
200000017,2026-03-01 01:28:00+00:00,12.47861,45.911634,11.61,73.7
200000018,2026-03-01 01:28:00+00:00,12.516154,44.280796,9.23,240.8
200000019,2026-03-01 01:28:00+00:00,13.044536,46.071719,13.63,81.2
200000020,2026-03-01 01:28:00+00:00,12.724277,44.596627,13.26,101.4
200000021,2026-03-01 01:28:00+00:00,12.036595,44.389893,13.52,257.2
200000022,2026-03-01 01:28:00+00:00,12.789908,44.793671,15.32,258.1
200000023,2026-03-01 01:28:00+00:00,13.153721,45.222997,15.11,53.8
200000024,2026-03-01 01:28:00+00:00,12.628522,45.160561,12.16,272.6
200000025,2026-03-01 01:28:00+00:00,12.433534,44.278645,10.23,69.7
200000026,2026-03-01 01:28:00+00:00,12.226515,44.28929,13.97,260.9
200000027,2026-03-01 01:28:00+00:00,13.297335,44.43591,11.27,65.9
200000028,2026-03-01 01:28:00+00:00,12.928272,45.399089,14.0,74.9
200000029,2026-03-01 01:28:00+00:00,12.19512,45.344175,15.74,95.8
200000030,2026-03-01 01:28:00+00:00,12.116891,45.500274,11.6,88.9
200000031,2026-03-01 01:28:00+00:00,12.480741,46.258583,13.04,67.8
200000032,2026-03-01 01:28:00+00:00,12.785442,44.370951,10.91,250.5
200000033,2026-03-01 01:28:00+00:00,12.999644,44.447114,11.43,262.0
200000034,2026-03-01 01:28:00+00:00,12.180507,43.939451,11.64,271.8
200000035,2026-03-01 01:28:00+00:00,12.632304,45.896699,10.22,54.7
200000036,2026-03-01 01:28:00+00:00,12.934056,44.491497,9.85,54.7
200000037,2026-03-01 01:28:00+00:00,12.726747,45.309094,15.29,259.4
200000038,2026-03-01 01:28:00+00:00,12.750648,45.613365,20.19,311.8
200000039,2026-03-01 01:28:00+00:00,13.011939,45.294011,20.32,128.8
200000040,2026-03-01 01:28:00+00:00,13.112017,45.546225,13.01,332.6
200000001,2026-03-01 01:30:00+00:00,12.901032,43.80152,10.16,257.1
200000002,2026-03-01 01:30:00+00:00,12.788091,45.465647,14.24,263.4
200000003,2026-03-01 01:30:00+00:00,13.013399,45.063897,12.22,85.0
200000004,2026-03-01 01:30:00+00:00,12.497612,45.72395,9.69,263.5
200000005,2026-03-01 01:30:00+00:00,12.507246,46.278839,14.04,81.3
200000006,2026-03-01 01:30:00+00:00,13.085089,44.79452,9.69,94.5
200000007,2026-03-01 01:30:00+00:00,13.031335,44.925352,13.63,272.3
200000008,2026-03-01 01:30:00+00:00,13.036266,45.423766,15.15,252.2
200000009,2026-03-01 01:30:00+00:00,12.286507,44.330335,12.08,71.7
200000010,2026-03-01 01:30:00+00:00,12.276787,45.426615,9.62,88.3
200000011,2026-03-01 01:30:00+00:00,13.539025,44.525445,14.19,81.2
200000012,2026-03-01 01:30:00+00:00,12.642756,44.567488,12.31,256.3
200000013,2026-03-01 01:30:00+00:00,12.426321,45.083218,12.24,242.3
200000014,2026-03-01 01:30:00+00:00,13.162119,45.622858,11.21,86.6
200000015,2026-03-01 01:30:00+00:00,12.827616,44.777707,15.83,89.7
200000016,2026-03-01 01:30:00+00:00,12.388589,45.607482,10.25,68.2
200000017,2026-03-01 01:30:00+00:00,12.480376,45.917882,11.4,72.1
200000018,2026-03-01 01:30:00+00:00,12.513597,44.276273,9.0,235.9
200000019,2026-03-01 01:30:00+00:00,13.045642,46.079461,13.92,81.7
200000020,2026-03-01 01:30:00+00:00,12.722926,44.603974,13.22,97.8
200000021,2026-03-01 01:30:00+00:00,12.035013,44.382402,13.54,256.3
200000022,2026-03-01 01:30:00+00:00,12.788017,44.785248,15.18,259.1
200000023,2026-03-01 01:30:00+00:00,13.158333,45.230163,14.94,56.8
200000024,2026-03-01 01:30:00+00:00,12.628747,45.153594,12.06,272.0
200000025,2026-03-01 01:30:00+00:00,12.435589,44.284093,10.45,70.1
200000026,2026-03-01 01:30:00+00:00,12.225187,44.281446,13.74,256.9
200000027,2026-03-01 01:30:00+00:00,13.300254,44.441682,11.21,60.6
200000028,2026-03-01 01:30:00+00:00,12.930035,45.406939,14.16,75.2
200000029,2026-03-01 01:30:00+00:00,12.194671,45.353011,15.51,91.8
200000030,2026-03-01 01:30:00+00:00,12.117193,45.506903,11.47,84.6
200000031,2026-03-01 01:30:00+00:00,12.483554,46.26543,12.97,69.6
200000032,2026-03-01 01:30:00+00:00,12.783476,44.365266,10.38,256.5
200000033,2026-03-01 01:30:00+00:00,12.998502,44.440595,11.61,259.0
200000034,2026-03-01 01:30:00+00:00,12.180547,43.932771,11.73,269.3
200000035,2026-03-01 01:30:00+00:00,12.635642,45.901552,10.45,53.0
200000036,2026-03-01 01:30:00+00:00,12.937368,44.496072,9.72,56.5
200000037,2026-03-01 01:30:00+00:00,12.724691,45.300508,15.5,254.6
200000038,2026-03-01 01:30:00+00:00,12.757906,45.604494,20.34,308.7
200000039,2026-03-01 01:30:00+00:00,13.004681,45.302881,20.1,131.5
200000040,2026-03-01 01:30:00+00:00,13.114143,45.537313,13.86,282.2
200000001,2026-03-01 01:32:00+00:00,12.899797,43.795976,10.29,256.4
200000002,2026-03-01 01:32:00+00:00,12.787106,45.457732,13.93,258.6
200000003,2026-03-01 01:32:00+00:00,13.013902,45.070902,12.31,86.7
200000004,2026-03-01 01:32:00+00:00,12.496772,45.718374,10.09,262.4
200000005,2026-03-01 01:32:00+00:00,12.508436,46.286706,13.71,79.0
200000006,2026-03-01 01:32:00+00:00,13.084722,44.800117,9.91,97.1
200000007,2026-03-01 01:32:00+00:00,13.03158,44.917542,13.6,269.8
200000008,2026-03-01 01:32:00+00:00,13.033977,45.41534,15.48,252.7
200000009,2026-03-01 01:32:00+00:00,12.288152,44.337114,12.13,74.0
200000010,2026-03-01 01:32:00+00:00,12.276977,45.432088,9.77,92.1
200000011,2026-03-01 01:32:00+00:00,13.540703,44.53346,14.18,77.0
200000012,2026-03-01 01:32:00+00:00,12.640656,44.560805,11.96,248.2
200000013,2026-03-01 01:32:00+00:00,12.423253,45.076976,12.03,244.6
200000014,2026-03-01 01:32:00+00:00,13.162803,45.629253,11.48,85.5
200000015,2026-03-01 01:32:00+00:00,12.82756,44.786671,15.77,92.4
200000016,2026-03-01 01:32:00+00:00,12.39087,45.612681,9.86,64.4
200000017,2026-03-01 01:32:00+00:00,12.48237,45.924058,11.84,69.8
200000018,2026-03-01 01:32:00+00:00,12.510908,44.271832,9.16,236.5
200000019,2026-03-01 01:32:00+00:00,13.046464,46.08724,13.73,86.0
200000020,2026-03-01 01:32:00+00:00,12.721788,44.611359,13.26,95.8
200000021,2026-03-01 01:32:00+00:00,12.033234,44.374956,13.72,256.8
200000022,2026-03-01 01:32:00+00:00,12.786482,44.77675,15.0,260.2
200000023,2026-03-01 01:32:00+00:00,13.163172,45.23717,15.03,53.7
200000024,2026-03-01 01:32:00+00:00,12.628951,45.146626,12.24,269.0
200000025,2026-03-01 01:32:00+00:00,12.437863,44.28945,10.2,64.9
200000026,2026-03-01 01:32:00+00:00,12.223895,44.273595,13.87,257.7
200000027,2026-03-01 01:32:00+00:00,13.303157,44.447463,11.23,65.1
200000028,2026-03-01 01:32:00+00:00,12.931833,45.414781,13.94,75.2
200000029,2026-03-01 01:32:00+00:00,12.194174,45.361844,15.78,93.3
200000030,2026-03-01 01:32:00+00:00,12.117593,45.513526,11.93,88.6
200000031,2026-03-01 01:32:00+00:00,12.486304,46.272304,13.19,66.4
200000032,2026-03-01 01:32:00+00:00,12.781773,44.359492,10.7,250.6
200000033,2026-03-01 01:32:00+00:00,12.997715,44.434021,11.35,262.5
200000034,2026-03-01 01:32:00+00:00,12.18063,43.926091,11.56,271.1
200000035,2026-03-01 01:32:00+00:00,12.638875,45.906479,10.46,56.9
200000036,2026-03-01 01:32:00+00:00,12.94047,44.500801,10.22,55.4
200000037,2026-03-01 01:32:00+00:00,12.723021,45.291834,15.67,260.1
200000038,2026-03-01 01:32:00+00:00,12.765164,45.595623,20.35,308.1
200000039,2026-03-01 01:32:00+00:00,12.997423,45.311752,20.22,132.8
200000040,2026-03-01 01:32:00+00:00,13.115676,45.530886,8.05,285.2
200000001,2026-03-01 01:34:00+00:00,12.898433,43.790465,9.89,256.4
200000002,2026-03-01 01:34:00+00:00,12.785944,45.449843,13.84,264.2
200000003,2026-03-01 01:34:00+00:00,13.014431,45.077906,12.36,81.3
200000004,2026-03-01 01:34:00+00:00,12.495926,45.712799,10.09,261.7
200000005,2026-03-01 01:34:00+00:00,12.509539,46.294586,14.2,85.3
200000006,2026-03-01 01:34:00+00:00,13.084081,44.805689,9.94,94.1
200000007,2026-03-01 01:34:00+00:00,13.031813,44.909732,13.94,273.3
200000008,2026-03-01 01:34:00+00:00,13.031443,45.406989,15.27,252.2
200000009,2026-03-01 01:34:00+00:00,12.289955,44.34385,12.21,74.4
200000010,2026-03-01 01:34:00+00:00,12.277155,45.43756,9.49,91.4
200000011,2026-03-01 01:34:00+00:00,13.542478,44.541452,14.37,81.0
200000012,2026-03-01 01:34:00+00:00,12.638346,44.554194,12.22,250.8
200000013,2026-03-01 01:34:00+00:00,12.420017,45.070825,12.42,240.3
200000014,2026-03-01 01:34:00+00:00,13.163372,45.63566,11.16,84.4
200000015,2026-03-01 01:34:00+00:00,12.827567,44.795636,15.68,90.2
200000016,2026-03-01 01:34:00+00:00,12.393267,45.617825,10.29,61.6
200000017,2026-03-01 01:34:00+00:00,12.484269,45.930265,11.36,72.8
200000018,2026-03-01 01:34:00+00:00,12.508073,44.267486,9.08,236.7
200000019,2026-03-01 01:34:00+00:00,13.047061,46.095041,13.77,83.0
200000020,2026-03-01 01:34:00+00:00,12.720722,44.618755,13.29,99.7
200000021,2026-03-01 01:34:00+00:00,12.031275,44.367558,13.32,253.3
200000022,2026-03-01 01:34:00+00:00,12.78519,44.768209,14.81,260.3
200000023,2026-03-01 01:34:00+00:00,13.16803,45.244163,14.99,54.7
200000024,2026-03-01 01:34:00+00:00,12.628854,45.139655,12.35,270.8
200000025,2026-03-01 01:34:00+00:00,12.440106,44.294819,10.32,67.0
200000026,2026-03-01 01:34:00+00:00,12.222668,44.265734,14.05,261.3
200000027,2026-03-01 01:34:00+00:00,13.306079,44.453233,11.35,60.6
200000028,2026-03-01 01:34:00+00:00,12.93382,45.422575,13.94,73.0
200000029,2026-03-01 01:34:00+00:00,12.193376,45.370655,15.51,99.0
200000030,2026-03-01 01:34:00+00:00,12.117858,45.520156,11.65,92.1
200000031,2026-03-01 01:34:00+00:00,12.489254,46.27909,13.04,66.1
200000032,2026-03-01 01:34:00+00:00,12.77976,44.353823,10.72,247.1
200000033,2026-03-01 01:34:00+00:00,12.996778,44.427467,11.94,261.9
200000034,2026-03-01 01:34:00+00:00,12.180503,43.919411,11.92,273.3
200000035,2026-03-01 01:34:00+00:00,12.642304,45.911265,10.72,56.3
200000036,2026-03-01 01:34:00+00:00,12.943615,44.505499,10.11,59.2
200000037,2026-03-01 01:34:00+00:00,12.721575,45.283119,15.82,259.1
200000038,2026-03-01 01:34:00+00:00,12.772423,45.586752,20.4,309.0
200000039,2026-03-01 01:34:00+00:00,12.990164,45.320623,20.49,129.1
200000040,2026-03-01 01:34:00+00:00,13.11631,45.528228,10.76,282.4
200000001,2026-03-01 01:36:00+00:00,12.897234,43.784913,10.08,255.5
200000002,2026-03-01 01:36:00+00:00,12.785012,45.441922,14.19,257.2
200000003,2026-03-01 01:36:00+00:00,13.015436,45.084855,12.38,82.8
200000004,2026-03-01 01:36:00+00:00,12.495,45.707237,9.71,262.5
200000005,2026-03-01 01:36:00+00:00,12.510546,46.302479,14.05,75.9
200000006,2026-03-01 01:36:00+00:00,13.083699,44.811285,9.64,97.5
200000007,2026-03-01 01:36:00+00:00,13.032031,44.901921,13.68,268.4
200000008,2026-03-01 01:36:00+00:00,13.029147,45.398565,15.39,254.9
200000009,2026-03-01 01:36:00+00:00,12.291752,44.350588,12.09,74.8
200000010,2026-03-01 01:36:00+00:00,12.277367,45.443032,9.55,90.8
200000011,2026-03-01 01:36:00+00:00,13.544076,44.549485,14.33,77.5
200000012,2026-03-01 01:36:00+00:00,12.635832,44.547663,12.09,246.7
200000013,2026-03-01 01:36:00+00:00,12.416763,45.064684,12.15,241.0
200000014,2026-03-01 01:36:00+00:00,13.163885,45.642073,11.23,86.1
200000015,2026-03-01 01:36:00+00:00,12.827559,44.804601,15.57,94.7
200000016,2026-03-01 01:36:00+00:00,12.395543,45.623028,9.86,66.0
200000017,2026-03-01 01:36:00+00:00,12.486157,45.936477,11.39,71.1
200000018,2026-03-01 01:36:00+00:00,12.505301,44.263099,9.1,236.1
200000019,2026-03-01 01:36:00+00:00,13.047717,46.102836,13.67,84.5
200000020,2026-03-01 01:36:00+00:00,12.719532,44.626131,12.92,102.0
200000021,2026-03-01 01:36:00+00:00,12.029223,44.360186,13.39,249.4
200000022,2026-03-01 01:36:00+00:00,12.783716,44.759699,15.32,261.1
200000023,2026-03-01 01:36:00+00:00,13.172923,45.25113,15.19,57.1
200000024,2026-03-01 01:36:00+00:00,12.628513,45.132693,11.98,269.4
200000025,2026-03-01 01:36:00+00:00,12.442289,44.300215,10.24,64.3
200000026,2026-03-01 01:36:00+00:00,12.221636,44.257844,13.87,262.8
200000027,2026-03-01 01:36:00+00:00,13.309133,44.458931,11.51,58.0
200000028,2026-03-01 01:36:00+00:00,12.935929,45.430335,13.95,69.2
200000029,2026-03-01 01:36:00+00:00,12.192513,45.379459,15.84,100.0
200000030,2026-03-01 01:36:00+00:00,12.118045,45.526789,11.89,83.0
200000031,2026-03-01 01:36:00+00:00,12.492423,46.285771,13.01,64.8
200000032,2026-03-01 01:36:00+00:00,12.77753,44.348242,10.64,245.8
200000033,2026-03-01 01:36:00+00:00,12.995765,44.420926,11.45,261.5
200000034,2026-03-01 01:36:00+00:00,12.18059,43.912731,11.75,268.9
200000035,2026-03-01 01:36:00+00:00,12.645842,45.915968,10.54,50.7
200000036,2026-03-01 01:36:00+00:00,12.946416,44.510421,10.33,59.2
200000037,2026-03-01 01:36:00+00:00,12.720152,45.274399,15.43,259.7
200000038,2026-03-01 01:36:00+00:00,12.779681,45.577881,20.36,310.2
200000039,2026-03-01 01:36:00+00:00,12.982906,45.329494,20.36,127.7
200000040,2026-03-01 01:36:00+00:00,13.118475,45.519153,10.24,247.7
200000001,2026-03-01 01:38:00+00:00,12.895972,43.779377,10.17,257.2
200000002,2026-03-01 01:38:00+00:00,12.783866,45.434031,13.96,261.5
200000003,2026-03-01 01:38:00+00:00,13.016257,45.091829,12.26,86.7
200000004,2026-03-01 01:38:00+00:00,12.494497,45.701618,9.99,266.0
200000005,2026-03-01 01:38:00+00:00,12.511795,46.310336,13.86,84.1
200000006,2026-03-01 01:38:00+00:00,13.08316,44.816868,9.88,91.9
200000007,2026-03-01 01:38:00+00:00,13.0322,44.894109,13.67,273.7
200000008,2026-03-01 01:38:00+00:00,13.027048,45.390087,15.35,255.0
200000009,2026-03-01 01:38:00+00:00,12.293665,44.357293,12.31,75.2
200000010,2026-03-01 01:38:00+00:00,12.277385,45.448508,9.7,90.4
200000011,2026-03-01 01:38:00+00:00,13.545351,44.557577,14.34,77.9
200000012,2026-03-01 01:38:00+00:00,12.633285,44.541145,12.51,248.7
200000013,2026-03-01 01:38:00+00:00,12.41364,45.058472,12.31,243.5
200000014,2026-03-01 01:38:00+00:00,13.164349,45.648489,11.28,84.5
200000015,2026-03-01 01:38:00+00:00,12.827273,44.813561,15.9,91.7
200000016,2026-03-01 01:38:00+00:00,12.397986,45.62815,10.0,61.3
200000017,2026-03-01 01:38:00+00:00,12.487974,45.94271,11.76,75.9
200000018,2026-03-01 01:38:00+00:00,12.502682,44.258614,9.05,240.7
200000019,2026-03-01 01:38:00+00:00,13.048471,46.110623,13.58,84.9
200000020,2026-03-01 01:38:00+00:00,12.71812,44.633466,13.14,102.2
200000021,2026-03-01 01:38:00+00:00,12.026884,44.352905,13.71,254.5
200000022,2026-03-01 01:38:00+00:00,12.78252,44.751144,14.84,264.5
200000023,2026-03-01 01:38:00+00:00,13.177853,45.25807,14.82,51.7
200000024,2026-03-01 01:38:00+00:00,12.628193,45.125729,12.12,270.6
200000025,2026-03-01 01:38:00+00:00,12.444497,44.305601,10.23,65.8
200000026,2026-03-01 01:38:00+00:00,12.220401,44.249984,13.65,262.5
200000027,2026-03-01 01:38:00+00:00,13.312213,44.464614,11.17,59.0
200000028,2026-03-01 01:38:00+00:00,12.938073,45.438085,13.83,75.8
200000029,2026-03-01 01:38:00+00:00,12.191692,45.388267,15.36,95.2
200000030,2026-03-01 01:38:00+00:00,12.118531,45.533406,11.74,86.8
200000031,2026-03-01 01:38:00+00:00,12.495666,46.292416,12.98,65.9
200000032,2026-03-01 01:38:00+00:00,12.775392,44.342622,10.5,250.1
200000033,2026-03-01 01:38:00+00:00,12.99481,44.414375,11.56,259.6
200000034,2026-03-01 01:38:00+00:00,12.180715,43.906052,11.73,274.8
200000035,2026-03-01 01:38:00+00:00,12.649286,45.920742,10.45,57.7
200000036,2026-03-01 01:38:00+00:00,12.949307,44.515288,9.88,58.9
200000037,2026-03-01 01:38:00+00:00,12.718585,45.265705,15.58,258.6
200000038,2026-03-01 01:38:00+00:00,12.786939,45.569011,20.4,314.1
200000039,2026-03-01 01:38:00+00:00,12.975648,45.338365,20.25,130.8
200000040,2026-03-01 01:38:00+00:00,13.111766,45.517575,10.84,191.9
200000001,2026-03-01 01:40:00+00:00,12.894507,43.773893,9.83,255.6
200000002,2026-03-01 01:40:00+00:00,12.782715,45.42614,13.8,261.6
200000003,2026-03-01 01:40:00+00:00,13.016959,45.098817,12.17,87.0
200000004,2026-03-01 01:40:00+00:00,12.493963,45.696003,9.84,264.0
200000005,2026-03-01 01:40:00+00:00,12.512964,46.318206,14.16,81.2
200000006,2026-03-01 01:40:00+00:00,13.082849,44.822468,9.84,92.2
200000007,2026-03-01 01:40:00+00:00,13.032702,44.886312,13.73,276.4
200000008,2026-03-01 01:40:00+00:00,13.025102,45.381571,15.32,257.1
200000009,2026-03-01 01:40:00+00:00,12.295292,44.364076,12.15,77.9
200000010,2026-03-01 01:40:00+00:00,12.277363,45.453984,9.34,90.3
200000011,2026-03-01 01:40:00+00:00,13.54662,44.565672,14.52,80.7
200000012,2026-03-01 01:40:00+00:00,12.630475,44.534741,12.24,247.4
200000013,2026-03-01 01:40:00+00:00,12.410743,45.052146,12.11,240.8
200000014,2026-03-01 01:40:00+00:00,13.164768,45.654908,11.1,84.8
200000015,2026-03-01 01:40:00+00:00,12.826809,44.822512,15.91,92.5
200000016,2026-03-01 01:40:00+00:00,12.400505,45.633233,9.5,62.6
200000017,2026-03-01 01:40:00+00:00,12.489648,45.948985,11.44,74.1
200000018,2026-03-01 01:40:00+00:00,12.500075,44.254121,9.04,242.9
200000019,2026-03-01 01:40:00+00:00,13.049397,46.118389,13.67,81.8
200000020,2026-03-01 01:40:00+00:00,12.716329,44.640713,13.05,102.1
200000021,2026-03-01 01:40:00+00:00,12.024755,44.345556,13.5,252.3
200000022,2026-03-01 01:40:00+00:00,12.781386,44.74258,15.29,262.9
200000023,2026-03-01 01:40:00+00:00,13.182798,45.264999,14.94,56.5
200000024,2026-03-01 01:40:00+00:00,12.627891,45.118765,12.39,265.9
200000025,2026-03-01 01:40:00+00:00,12.446853,44.31092,10.21,64.9
200000026,2026-03-01 01:40:00+00:00,12.218852,44.242183,13.93,259.6
200000027,2026-03-01 01:40:00+00:00,13.31532,44.470282,11.66,58.8
200000028,2026-03-01 01:40:00+00:00,12.940074,45.445875,14.08,79.0
200000029,2026-03-01 01:40:00+00:00,12.191202,45.397101,15.41,90.8
200000030,2026-03-01 01:40:00+00:00,12.119017,45.540023,11.84,86.4
200000031,2026-03-01 01:40:00+00:00,12.498788,46.299122,13.32,68.1
200000032,2026-03-01 01:40:00+00:00,12.773075,44.337077,10.62,248.3
200000033,2026-03-01 01:40:00+00:00,12.993768,44.407838,11.47,260.6
200000034,2026-03-01 01:40:00+00:00,12.18118,43.899388,11.62,273.0
200000035,2026-03-01 01:40:00+00:00,12.652656,45.925573,10.45,53.0
200000036,2026-03-01 01:40:00+00:00,12.952147,44.520187,9.97,58.1
200000037,2026-03-01 01:40:00+00:00,12.716647,45.25709,15.52,259.3
200000038,2026-03-01 01:40:00+00:00,12.794197,45.56014,20.29,310.2
200000039,2026-03-01 01:40:00+00:00,12.96839,45.347236,20.22,130.5
200000040,2026-03-01 01:40:00+00:00,13.10701,45.516456,6.43,189.4
200000001,2026-03-01 01:42:00+00:00,12.893221,43.768362,10.3,259.7
200000002,2026-03-01 01:42:00+00:00,12.781592,45.418245,14.21,259.0
200000003,2026-03-01 01:42:00+00:00,13.0178,45.105789,12.09,81.8
200000004,2026-03-01 01:42:00+00:00,12.493364,45.690394,9.97,267.0
200000005,2026-03-01 01:42:00+00:00,12.514172,46.32607,13.86,83.3
200000006,2026-03-01 01:42:00+00:00,13.082477,44.828065,9.58,94.2
200000007,2026-03-01 01:42:00+00:00,13.033369,44.878528,13.88,276.0
200000008,2026-03-01 01:42:00+00:00,13.023243,45.373035,15.54,254.4
200000009,2026-03-01 01:42:00+00:00,12.296725,44.370906,12.14,80.6
200000010,2026-03-01 01:42:00+00:00,12.277427,45.459459,9.6,91.2
200000011,2026-03-01 01:42:00+00:00,13.547857,44.573771,14.28,79.4
200000012,2026-03-01 01:42:00+00:00,12.627578,44.528378,12.34,243.8
200000013,2026-03-01 01:42:00+00:00,12.407456,45.046023,12.35,238.7
200000014,2026-03-01 01:42:00+00:00,13.165107,45.661333,11.42,87.0
200000015,2026-03-01 01:42:00+00:00,12.826161,44.831452,15.7,92.7
200000016,2026-03-01 01:42:00+00:00,12.403003,45.638327,10.2,62.1
200000017,2026-03-01 01:42:00+00:00,12.491369,45.955247,11.58,75.2
200000018,2026-03-01 01:42:00+00:00,12.497544,44.249584,9.2,238.5
200000019,2026-03-01 01:42:00+00:00,13.050354,46.126152,13.37,82.8
200000020,2026-03-01 01:42:00+00:00,12.714442,44.647934,13.21,103.4
200000021,2026-03-01 01:42:00+00:00,12.022623,44.338209,13.63,251.0
200000022,2026-03-01 01:42:00+00:00,12.780124,44.734034,15.15,262.5
200000023,2026-03-01 01:42:00+00:00,13.187667,45.271984,14.91,55.2
200000024,2026-03-01 01:42:00+00:00,12.627371,45.111814,12.36,263.8
200000025,2026-03-01 01:42:00+00:00,12.44905,44.31631,10.29,64.6
200000026,2026-03-01 01:42:00+00:00,12.217149,44.234415,13.94,260.6
200000027,2026-03-01 01:42:00+00:00,13.318362,44.475987,11.59,58.4
200000028,2026-03-01 01:42:00+00:00,12.941702,45.453756,14.03,79.4
200000029,2026-03-01 01:42:00+00:00,12.191304,45.405948,15.64,91.2
200000030,2026-03-01 01:42:00+00:00,12.119512,45.546639,11.91,84.5
200000031,2026-03-01 01:42:00+00:00,12.50172,46.305916,12.95,65.5
200000032,2026-03-01 01:42:00+00:00,12.770819,44.331506,10.57,244.3
200000033,2026-03-01 01:42:00+00:00,12.9928,44.40129,11.84,260.0
200000034,2026-03-01 01:42:00+00:00,12.181403,43.892712,11.91,275.4
200000035,2026-03-01 01:42:00+00:00,12.656001,45.930421,10.48,55.0
200000036,2026-03-01 01:42:00+00:00,12.955189,44.524956,10.0,55.4
200000037,2026-03-01 01:42:00+00:00,12.714651,45.248489,15.7,258.1
200000038,2026-03-01 01:42:00+00:00,12.801455,45.551269,20.25,307.8
200000039,2026-03-01 01:42:00+00:00,12.961132,45.356107,20.35,130.1
200000040,2026-03-01 01:42:00+00:00,13.104592,45.515887,11.71,194.6
200000001,2026-03-01 01:44:00+00:00,12.892022,43.762811,10.04,257.2
200000002,2026-03-01 01:44:00+00:00,12.78055,45.410339,13.83,263.1
200000003,2026-03-01 01:44:00+00:00,13.018505,45.112776,12.4,83.1
200000004,2026-03-01 01:44:00+00:00,12.492906,45.684771,10.07,266.4
200000005,2026-03-01 01:44:00+00:00,12.515355,46.333938,13.99,78.9
200000006,2026-03-01 01:44:00+00:00,13.082253,44.833671,9.87,92.0
200000007,2026-03-01 01:44:00+00:00,13.03433,44.870776,13.63,275.0
200000008,2026-03-01 01:44:00+00:00,13.021597,45.364453,15.24,257.3
200000009,2026-03-01 01:44:00+00:00,12.298159,44.377735,12.06,78.5
200000010,2026-03-01 01:44:00+00:00,12.277472,45.464935,9.47,88.7
200000011,2026-03-01 01:44:00+00:00,13.549327,44.581829,14.35,78.4
200000012,2026-03-01 01:44:00+00:00,12.624818,44.521952,12.22,245.5
200000013,2026-03-01 01:44:00+00:00,12.404191,45.039889,12.16,243.3
200000014,2026-03-01 01:44:00+00:00,13.165449,45.667757,11.36,83.2
200000015,2026-03-01 01:44:00+00:00,12.825616,44.840399,15.82,93.8
200000016,2026-03-01 01:44:00+00:00,12.405369,45.643487,9.85,67.3
200000017,2026-03-01 01:44:00+00:00,12.493128,45.961498,11.67,73.6
200000018,2026-03-01 01:44:00+00:00,12.495113,44.244989,9.04,245.0
200000019,2026-03-01 01:44:00+00:00,13.051399,46.133903,13.6,80.0
200000020,2026-03-01 01:44:00+00:00,12.712673,44.655187,13.18,106.4
200000021,2026-03-01 01:44:00+00:00,12.020673,44.330808,13.55,255.1
200000022,2026-03-01 01:44:00+00:00,12.778985,44.725471,15.38,261.6
200000023,2026-03-01 01:44:00+00:00,13.192563,45.27895,14.99,57.6
200000024,2026-03-01 01:44:00+00:00,12.626818,45.104866,12.39,267.9
200000025,2026-03-01 01:44:00+00:00,12.451385,44.321639,10.21,67.2
200000026,2026-03-01 01:44:00+00:00,12.215724,44.226589,14.35,258.3
200000027,2026-03-01 01:44:00+00:00,13.321513,44.481629,11.36,57.3
200000028,2026-03-01 01:44:00+00:00,12.943368,45.461629,14.24,76.2
200000029,2026-03-01 01:44:00+00:00,12.191568,45.414792,15.32,90.8
200000030,2026-03-01 01:44:00+00:00,12.119763,45.55327,11.8,88.5
200000031,2026-03-01 01:44:00+00:00,12.504497,46.312779,13.02,67.3
200000032,2026-03-01 01:44:00+00:00,12.768607,44.325917,10.53,250.9
200000033,2026-03-01 01:44:00+00:00,12.991735,44.394757,11.61,258.7
200000034,2026-03-01 01:44:00+00:00,12.181522,43.886032,11.73,272.0
200000035,2026-03-01 01:44:00+00:00,12.659495,45.935158,10.47,51.2
200000036,2026-03-01 01:44:00+00:00,12.958109,44.529805,9.77,52.5
200000037,2026-03-01 01:44:00+00:00,12.712581,45.239907,15.44,257.0
200000038,2026-03-01 01:44:00+00:00,12.808713,45.542398,20.12,309.8
200000039,2026-03-01 01:44:00+00:00,12.953874,45.364978,20.23,131.2
200000040,2026-03-01 01:44:00+00:00,13.094365,45.513481,12.02,175.4
200000001,2026-03-01 01:46:00+00:00,12.890719,43.757284,9.94,255.8
200000002,2026-03-01 01:46:00+00:00,12.779481,45.402436,13.77,262.8
200000003,2026-03-01 01:46:00+00:00,13.019124,45.119772,12.42,86.6
200000004,2026-03-01 01:46:00+00:00,12.492427,45.679151,9.97,263.1
200000005,2026-03-01 01:46:00+00:00,12.516591,46.341798,14.21,75.2
200000006,2026-03-01 01:46:00+00:00,13.082112,44.839279,9.83,91.9
200000007,2026-03-01 01:46:00+00:00,13.034955,44.862988,13.64,276.6
200000008,2026-03-01 01:46:00+00:00,13.019544,45.355964,15.38,254.1
200000009,2026-03-01 01:46:00+00:00,12.299554,44.384572,12.5,77.3
200000010,2026-03-01 01:46:00+00:00,12.277474,45.470411,9.43,91.5
200000011,2026-03-01 01:46:00+00:00,13.551068,44.58983,14.12,76.9
200000012,2026-03-01 01:46:00+00:00,12.622179,44.515473,12.17,249.5
200000013,2026-03-01 01:46:00+00:00,12.400597,45.03395,12.14,237.1
200000014,2026-03-01 01:46:00+00:00,13.165719,45.674185,11.18,86.0
200000015,2026-03-01 01:46:00+00:00,12.824848,44.849329,15.92,92.1
200000016,2026-03-01 01:46:00+00:00,12.40758,45.648719,10.23,64.7
200000017,2026-03-01 01:46:00+00:00,12.494779,45.967779,11.03,74.9
200000018,2026-03-01 01:46:00+00:00,12.492525,44.240486,9.13,237.0
200000019,2026-03-01 01:46:00+00:00,13.052625,46.141626,13.57,80.8
200000020,2026-03-01 01:46:00+00:00,12.710932,44.662447,12.95,102.6
200000021,2026-03-01 01:46:00+00:00,12.018575,44.323451,13.72,254.0
200000022,2026-03-01 01:46:00+00:00,12.777947,44.716894,15.2,265.8
200000023,2026-03-01 01:46:00+00:00,13.197174,45.286118,15.28,56.5
200000024,2026-03-01 01:46:00+00:00,12.626231,45.097921,11.97,268.5
200000025,2026-03-01 01:46:00+00:00,12.453724,44.326966,10.31,67.7
200000026,2026-03-01 01:46:00+00:00,12.21401,44.218824,13.92,258.1
200000027,2026-03-01 01:46:00+00:00,13.324765,44.487211,11.47,60.0
200000028,2026-03-01 01:46:00+00:00,12.945329,45.46943,14.1,75.7
200000029,2026-03-01 01:46:00+00:00,12.192115,45.423623,15.64,84.7
200000030,2026-03-01 01:46:00+00:00,12.120128,45.559895,11.8,83.7
200000031,2026-03-01 01:46:00+00:00,12.507402,46.319586,13.09,66.9
200000032,2026-03-01 01:46:00+00:00,12.766619,44.32024,10.62,254.1
200000033,2026-03-01 01:46:00+00:00,12.990223,44.388318,11.79,255.5
200000034,2026-03-01 01:46:00+00:00,12.181887,43.879362,11.89,275.1
200000035,2026-03-01 01:46:00+00:00,12.662999,45.939887,10.47,52.1
200000036,2026-03-01 01:46:00+00:00,12.961222,44.534526,10.07,56.0
200000037,2026-03-01 01:46:00+00:00,12.710744,45.231269,15.44,254.9
200000038,2026-03-01 01:46:00+00:00,12.815971,45.533527,20.56,311.6
200000039,2026-03-01 01:46:00+00:00,12.946616,45.373849,20.27,131.3
200000040,2026-03-01 01:46:00+00:00,13.091462,45.517216,12.44,132.5
200000001,2026-03-01 01:48:00+00:00,12.889394,43.751763,10.05,256.8
200000002,2026-03-01 01:48:00+00:00,12.778368,45.39454,13.82,262.5
200000003,2026-03-01 01:48:00+00:00,13.019614,45.126779,12.37,84.7
200000004,2026-03-01 01:48:00+00:00,12.491983,45.673527,9.75,264.5
200000005,2026-03-01 01:48:00+00:00,12.517757,46.349669,14.17,81.1
200000006,2026-03-01 01:48:00+00:00,13.082064,44.844888,9.66,93.4
200000007,2026-03-01 01:48:00+00:00,13.035603,44.855202,13.64,272.4
200000008,2026-03-01 01:48:00+00:00,13.017607,45.347446,15.27,255.4
200000009,2026-03-01 01:48:00+00:00,12.3011,44.391376,12.27,78.3
200000010,2026-03-01 01:48:00+00:00,12.277522,45.475887,9.78,91.4
200000011,2026-03-01 01:48:00+00:00,13.552622,44.597871,14.41,77.9
200000012,2026-03-01 01:48:00+00:00,12.619813,44.508884,12.48,247.6
200000013,2026-03-01 01:48:00+00:00,12.396886,45.028087,12.12,238.9
200000014,2026-03-01 01:48:00+00:00,13.166049,45.68061,11.52,86.4
200000015,2026-03-01 01:48:00+00:00,12.824419,44.858283,15.75,91.4
200000016,2026-03-01 01:48:00+00:00,12.40981,45.653942,9.97,63.8
200000017,2026-03-01 01:48:00+00:00,12.496377,45.974075,11.36,74.4
200000018,2026-03-01 01:48:00+00:00,12.489976,44.235959,9.22,238.6
200000019,2026-03-01 01:48:00+00:00,13.053747,46.149366,13.95,81.7
200000020,2026-03-01 01:48:00+00:00,12.709538,44.669785,13.23,100.8
200000021,2026-03-01 01:48:00+00:00,12.016719,44.316025,13.39,258.9
200000022,2026-03-01 01:48:00+00:00,12.776842,44.708326,15.01,260.1
200000023,2026-03-01 01:48:00+00:00,13.201942,45.293177,15.06,50.2
200000024,2026-03-01 01:48:00+00:00,12.625697,45.090971,12.43,263.1
200000025,2026-03-01 01:48:00+00:00,12.456034,44.332307,10.22,62.2
200000026,2026-03-01 01:48:00+00:00,12.212287,44.211061,13.9,257.2
200000027,2026-03-01 01:48:00+00:00,13.327769,44.492937,11.33,62.4
200000028,2026-03-01 01:48:00+00:00,12.947458,45.477185,14.31,74.7
200000029,2026-03-01 01:48:00+00:00,12.192863,45.432438,15.64,83.5
200000030,2026-03-01 01:48:00+00:00,12.120634,45.566511,11.56,82.9
200000031,2026-03-01 01:48:00+00:00,12.510404,46.326349,13.12,65.7
200000032,2026-03-01 01:48:00+00:00,12.76463,44.314563,10.35,252.6
200000033,2026-03-01 01:48:00+00:00,12.988846,44.381847,11.89,261.4
200000034,2026-03-01 01:48:00+00:00,12.182467,43.872708,11.67,275.9
200000035,2026-03-01 01:48:00+00:00,12.666397,45.944697,10.62,57.1
200000036,2026-03-01 01:48:00+00:00,12.964302,44.53927,10.12,55.4
200000037,2026-03-01 01:48:00+00:00,12.709139,45.222583,15.51,259.2
200000038,2026-03-01 01:48:00+00:00,12.823229,45.524656,20.3,312.9
200000039,2026-03-01 01:48:00+00:00,12.939358,45.38272,20.25,129.8
200000040,2026-03-01 01:48:00+00:00,13.08568,45.524654,14.3,130.1
200000001,2026-03-01 01:50:00+00:00,12.887961,43.74627,9.97,252.2
200000002,2026-03-01 01:50:00+00:00,12.777027,45.386681,14.1,262.0
200000003,2026-03-01 01:50:00+00:00,13.020296,45.133769,12.38,85.5
200000004,2026-03-01 01:50:00+00:00,12.491414,45.667915,10.07,266.0
200000005,2026-03-01 01:50:00+00:00,12.519068,46.357515,13.88,80.9
200000006,2026-03-01 01:50:00+00:00,13.082124,44.850498,9.87,89.8
200000007,2026-03-01 01:50:00+00:00,13.036483,44.847441,13.77,277.0
200000008,2026-03-01 01:50:00+00:00,13.016005,45.338855,15.27,256.6
200000009,2026-03-01 01:50:00+00:00,12.302407,44.398231,12.13,77.2
200000010,2026-03-01 01:50:00+00:00,12.277506,45.481363,9.74,91.9
200000011,2026-03-01 01:50:00+00:00,13.554146,44.605919,14.43,79.1
200000012,2026-03-01 01:50:00+00:00,12.617592,44.502242,12.43,249.8
200000013,2026-03-01 01:50:00+00:00,12.39307,45.022295,12.12,233.8
200000014,2026-03-01 01:50:00+00:00,13.166221,45.687041,11.15,89.4
200000015,2026-03-01 01:50:00+00:00,12.824319,44.867247,15.64,91.7
200000016,2026-03-01 01:50:00+00:00,12.411968,45.659197,10.02,66.0
200000017,2026-03-01 01:50:00+00:00,12.497613,45.980456,11.57,80.6
200000018,2026-03-01 01:50:00+00:00,12.487322,44.231496,9.41,241.9
200000019,2026-03-01 01:50:00+00:00,13.054653,46.157135,13.72,85.8
200000020,2026-03-01 01:50:00+00:00,12.708118,44.677118,12.96,101.4
200000021,2026-03-01 01:50:00+00:00,12.014706,44.308643,13.54,259.1
200000022,2026-03-01 01:50:00+00:00,12.775913,44.699736,15.19,263.5
200000023,2026-03-01 01:50:00+00:00,13.206755,45.300204,14.96,56.8
200000024,2026-03-01 01:50:00+00:00,12.625201,45.084019,12.02,270.2
200000025,2026-03-01 01:50:00+00:00,12.45839,44.337626,10.46,68.9
200000026,2026-03-01 01:50:00+00:00,12.210401,44.203338,14.01,258.8
200000027,2026-03-01 01:50:00+00:00,13.330851,44.49862,11.32,63.2
200000028,2026-03-01 01:50:00+00:00,12.949554,45.484949,14.06,77.5
200000029,2026-03-01 01:50:00+00:00,12.193797,45.441234,15.48,84.8
200000030,2026-03-01 01:50:00+00:00,12.121205,45.573121,11.62,83.8
200000031,2026-03-01 01:50:00+00:00,12.513385,46.333121,13.06,67.9
200000032,2026-03-01 01:50:00+00:00,12.762763,44.308843,10.6,251.3
200000033,2026-03-01 01:50:00+00:00,12.987572,44.375354,11.54,258.2
200000034,2026-03-01 01:50:00+00:00,12.183307,43.866082,11.73,276.4
200000035,2026-03-01 01:50:00+00:00,12.669776,45.949521,10.32,50.3
200000036,2026-03-01 01:50:00+00:00,12.967582,44.54387,10.04,53.6
200000037,2026-03-01 01:50:00+00:00,12.707244,45.213958,15.23,258.1
200000038,2026-03-01 01:50:00+00:00,12.830487,45.515785,20.23,308.8
200000039,2026-03-01 01:50:00+00:00,12.9321,45.391591,20.45,127.7
200000040,2026-03-01 01:50:00+00:00,13.081604,45.529898,12.9,128.9
200000001,2026-03-01 01:52:00+00:00,12.886554,43.740771,10.06,255.4
200000002,2026-03-01 01:52:00+00:00,12.775701,45.37882,14.14,258.7
200000003,2026-03-01 01:52:00+00:00,13.020598,45.140787,12.18,86.5
200000004,2026-03-01 01:52:00+00:00,12.491069,45.662284,10.0,262.9
200000005,2026-03-01 01:52:00+00:00,12.520482,46.365344,13.8,77.2
200000006,2026-03-01 01:52:00+00:00,13.082228,44.856107,10.22,86.8
200000007,2026-03-01 01:52:00+00:00,13.037506,44.839697,13.63,273.3
200000008,2026-03-01 01:52:00+00:00,13.014157,45.330317,15.11,252.1
200000009,2026-03-01 01:52:00+00:00,12.304071,44.405005,12.32,76.0
200000010,2026-03-01 01:52:00+00:00,12.27731,45.486835,9.44,92.9
200000011,2026-03-01 01:52:00+00:00,13.555743,44.613951,14.35,78.0
200000012,2026-03-01 01:52:00+00:00,12.615543,44.495543,12.32,252.8
200000013,2026-03-01 01:52:00+00:00,12.389135,45.016588,12.38,237.6
200000014,2026-03-01 01:52:00+00:00,13.166283,45.693474,11.3,91.2
200000015,2026-03-01 01:52:00+00:00,12.82395,44.876203,15.73,95.0
200000016,2026-03-01 01:52:00+00:00,12.414081,45.664471,9.99,64.0
200000017,2026-03-01 01:52:00+00:00,12.499083,45.986785,11.59,78.9
200000018,2026-03-01 01:52:00+00:00,12.484666,44.227034,9.06,240.3
200000019,2026-03-01 01:52:00+00:00,13.055522,46.164909,13.58,82.2
200000020,2026-03-01 01:52:00+00:00,12.706802,44.684471,12.89,99.7
200000021,2026-03-01 01:52:00+00:00,12.013176,44.30114,13.45,257.4
200000022,2026-03-01 01:52:00+00:00,12.775009,44.691143,15.41,262.3
200000023,2026-03-01 01:52:00+00:00,13.211907,45.306972,14.96,51.3
200000024,2026-03-01 01:52:00+00:00,12.625101,45.077048,12.33,270.9
200000025,2026-03-01 01:52:00+00:00,12.460765,44.342937,10.1,66.1
200000026,2026-03-01 01:52:00+00:00,12.208312,44.19567,13.9,256.9
200000027,2026-03-01 01:52:00+00:00,13.333653,44.504453,11.32,58.7
200000028,2026-03-01 01:52:00+00:00,12.951547,45.492741,14.23,73.6
200000029,2026-03-01 01:52:00+00:00,12.19474,45.450029,15.54,87.8
200000030,2026-03-01 01:52:00+00:00,12.121736,45.579734,11.87,80.8
200000031,2026-03-01 01:52:00+00:00,12.516376,46.339889,13.12,64.5
200000032,2026-03-01 01:52:00+00:00,12.760805,44.303156,10.53,248.3
200000033,2026-03-01 01:52:00+00:00,12.986419,44.368837,11.51,262.2
200000034,2026-03-01 01:52:00+00:00,12.183983,43.859438,11.59,279.0
200000035,2026-03-01 01:52:00+00:00,12.673226,45.954292,10.46,51.7
200000036,2026-03-01 01:52:00+00:00,12.970764,44.548543,9.96,55.4
200000037,2026-03-01 01:52:00+00:00,12.705103,45.205395,15.64,253.7
200000038,2026-03-01 01:52:00+00:00,12.837745,45.506914,20.4,310.4
200000039,2026-03-01 01:52:00+00:00,12.924842,45.400462,20.2,130.6
200000040,2026-03-01 01:52:00+00:00,13.076696,45.536211,10.0,176.7
200000001,2026-03-01 01:54:00+00:00,12.885339,43.735223,9.95,259.7
200000002,2026-03-01 01:54:00+00:00,12.774069,45.371019,13.93,254.7
200000003,2026-03-01 01:54:00+00:00,13.021205,45.147785,12.35,86.0
200000004,2026-03-01 01:54:00+00:00,12.490633,45.656659,9.7,268.0
200000005,2026-03-01 01:54:00+00:00,12.52202,46.373147,14.18,78.2
200000006,2026-03-01 01:54:00+00:00,13.082359,44.861715,9.61,93.4
200000007,2026-03-01 01:54:00+00:00,13.038396,44.831937,13.88,277.5
200000008,2026-03-01 01:54:00+00:00,13.012058,45.32184,15.44,257.7
200000009,2026-03-01 01:54:00+00:00,12.305453,44.411846,12.26,77.4
200000010,2026-03-01 01:54:00+00:00,12.277076,45.492306,9.64,93.5
200000011,2026-03-01 01:54:00+00:00,13.557309,44.621991,14.27,76.9
200000012,2026-03-01 01:54:00+00:00,12.613403,44.488873,12.48,251.5
200000013,2026-03-01 01:54:00+00:00,12.385218,45.010868,12.2,233.8
200000014,2026-03-01 01:54:00+00:00,13.166148,45.699907,11.23,90.7
200000015,2026-03-01 01:54:00+00:00,12.823442,44.885153,15.55,91.3
200000016,2026-03-01 01:54:00+00:00,12.415972,45.669832,10.16,66.4
200000017,2026-03-01 01:54:00+00:00,12.500392,45.993151,11.59,76.7
200000018,2026-03-01 01:54:00+00:00,12.482047,44.22255,9.11,238.6
200000019,2026-03-01 01:54:00+00:00,13.056418,46.17268,13.64,83.5
200000020,2026-03-01 01:54:00+00:00,12.705375,44.691802,13.09,97.6
200000021,2026-03-01 01:54:00+00:00,12.01188,44.293592,13.44,260.7
200000022,2026-03-01 01:54:00+00:00,12.773859,44.682582,15.21,261.1
200000023,2026-03-01 01:54:00+00:00,13.217066,45.313735,15.17,52.6
200000024,2026-03-01 01:54:00+00:00,12.625055,45.070077,11.99,271.5
200000025,2026-03-01 01:54:00+00:00,12.463174,44.348232,10.33,61.9
200000026,2026-03-01 01:54:00+00:00,12.206261,44.187992,13.76,252.6
200000027,2026-03-01 01:54:00+00:00,13.336336,44.510346,11.66,67.8
200000028,2026-03-01 01:54:00+00:00,12.953919,45.500421,14.17,71.7
200000029,2026-03-01 01:54:00+00:00,12.195363,45.458855,15.35,88.7
200000030,2026-03-01 01:54:00+00:00,12.122487,45.586325,11.29,82.4
200000031,2026-03-01 01:54:00+00:00,12.519201,46.346732,13.09,67.2
200000032,2026-03-01 01:54:00+00:00,12.758821,44.297477,10.53,251.2
200000033,2026-03-01 01:54:00+00:00,12.985166,44.36234,11.63,257.0
200000034,2026-03-01 01:54:00+00:00,12.18481,43.852811,11.86,281.0
200000035,2026-03-01 01:54:00+00:00,12.676815,45.958954,10.42,49.8
200000036,2026-03-01 01:54:00+00:00,12.973923,44.553232,9.8,57.4
200000037,2026-03-01 01:54:00+00:00,12.702877,45.196854,15.48,255.3
200000038,2026-03-01 01:54:00+00:00,12.845003,45.498043,20.26,310.0
200000039,2026-03-01 01:54:00+00:00,12.917584,45.409333,20.42,133.0
200000040,2026-03-01 01:54:00+00:00,13.070281,45.531375,7.98,213.6
200000001,2026-03-01 01:56:00+00:00,12.884026,43.729699,9.9,256.7
200000002,2026-03-01 01:56:00+00:00,12.772296,45.363251,14.18,253.0
200000003,2026-03-01 01:56:00+00:00,13.022022,45.154759,12.23,85.5
200000004,2026-03-01 01:56:00+00:00,12.490251,45.651031,9.91,264.2
200000005,2026-03-01 01:56:00+00:00,12.523449,46.380972,13.92,80.0
200000006,2026-03-01 01:56:00+00:00,13.082531,44.867322,10.02,85.9
200000007,2026-03-01 01:56:00+00:00,13.039135,44.824159,13.53,276.6
200000008,2026-03-01 01:56:00+00:00,13.010289,45.313284,15.16,258.9
200000009,2026-03-01 01:56:00+00:00,12.30673,44.418708,12.28,83.1
200000010,2026-03-01 01:56:00+00:00,12.276943,45.49778,9.72,93.0
200000011,2026-03-01 01:56:00+00:00,13.558675,44.630068,14.4,74.9
200000012,2026-03-01 01:56:00+00:00,12.611203,44.482224,12.37,255.2
200000013,2026-03-01 01:56:00+00:00,12.381346,45.005115,12.41,236.9
200000014,2026-03-01 01:56:00+00:00,13.16603,45.70634,11.3,90.0
200000015,2026-03-01 01:56:00+00:00,12.823126,44.894111,15.84,90.8
200000016,2026-03-01 01:56:00+00:00,12.417866,45.675193,9.82,69.5
200000017,2026-03-01 01:56:00+00:00,12.501583,45.999541,11.57,80.0
200000018,2026-03-01 01:56:00+00:00,12.479483,44.218032,9.14,240.5
200000019,2026-03-01 01:56:00+00:00,13.057325,46.180449,13.8,84.2
200000020,2026-03-01 01:56:00+00:00,12.703761,44.699093,13.07,102.9
200000021,2026-03-01 01:56:00+00:00,12.010357,44.286088,13.91,257.9
200000022,2026-03-01 01:56:00+00:00,12.77251,44.674051,15.22,258.2
200000023,2026-03-01 01:56:00+00:00,13.221902,45.320746,15.13,49.3
200000024,2026-03-01 01:56:00+00:00,12.625118,45.063107,12.32,269.4
200000025,2026-03-01 01:56:00+00:00,12.46567,44.353484,10.17,57.1
200000026,2026-03-01 01:56:00+00:00,12.204228,44.180308,14.05,255.5
200000027,2026-03-01 01:56:00+00:00,13.338977,44.516258,11.49,67.9
200000028,2026-03-01 01:56:00+00:00,12.956782,45.507923,14.24,71.7
200000029,2026-03-01 01:56:00+00:00,12.195646,45.467698,15.33,88.0
200000030,2026-03-01 01:56:00+00:00,12.123107,45.592931,11.8,84.3
200000031,2026-03-01 01:56:00+00:00,12.522102,46.353541,13.07,68.1
200000032,2026-03-01 01:56:00+00:00,12.756807,44.29181,10.57,256.1
200000033,2026-03-01 01:56:00+00:00,12.983438,44.355959,11.76,253.8
200000034,2026-03-01 01:56:00+00:00,12.185973,43.846237,11.85,281.9
200000035,2026-03-01 01:56:00+00:00,12.680568,45.963478,10.4,48.1
200000036,2026-03-01 01:56:00+00:00,12.977045,44.557947,10.03,52.0
200000037,2026-03-01 01:56:00+00:00,12.700624,45.18832,15.22,257.4
200000038,2026-03-01 01:56:00+00:00,12.852261,45.489172,20.16,307.1
200000039,2026-03-01 01:56:00+00:00,12.910326,45.418204,20.32,133.0
200000040,2026-03-01 01:56:00+00:00,13.069435,45.530737,5.86,215.2
200000001,2026-03-01 01:58:00+00:00,12.882738,43.724169,10.01,255.5
200000002,2026-03-01 01:58:00+00:00,12.770342,45.355529,14.1,254.0
200000003,2026-03-01 01:58:00+00:00,13.022672,45.161753,12.1,82.9
200000004,2026-03-01 01:58:00+00:00,12.490033,45.645393,10.05,268.0
200000005,2026-03-01 01:58:00+00:00,12.524941,46.388785,14.07,79.3
200000006,2026-03-01 01:58:00+00:00,13.082766,44.872927,9.64,88.4
200000007,2026-03-01 01:58:00+00:00,13.040065,44.816403,13.54,274.1
200000008,2026-03-01 01:58:00+00:00,13.008255,45.30479,15.25,256.0
200000009,2026-03-01 01:58:00+00:00,12.307829,44.425602,12.36,79.4
200000010,2026-03-01 01:58:00+00:00,12.276885,45.503256,9.72,91.5
200000011,2026-03-01 01:58:00+00:00,13.560175,44.638121,14.14,76.9
200000012,2026-03-01 01:58:00+00:00,12.609153,44.475525,12.57,255.3
200000013,2026-03-01 01:58:00+00:00,12.377542,44.999315,12.26,237.7
200000014,2026-03-01 01:58:00+00:00,13.165877,45.712771,11.08,90.8
200000015,2026-03-01 01:58:00+00:00,12.822674,44.903064,15.81,93.8
200000016,2026-03-01 01:58:00+00:00,12.419777,45.680547,9.72,66.5
200000017,2026-03-01 01:58:00+00:00,12.502818,46.005922,11.33,78.7
200000018,2026-03-01 01:58:00+00:00,12.476952,44.213495,8.98,243.8
200000019,2026-03-01 01:58:00+00:00,13.058325,46.188207,13.7,83.4
200000020,2026-03-01 01:58:00+00:00,12.70221,44.706397,13.14,102.1
200000021,2026-03-01 01:58:00+00:00,12.00902,44.278547,13.58,258.0
200000022,2026-03-01 01:58:00+00:00,12.770705,44.665608,15.35,258.1
200000023,2026-03-01 01:58:00+00:00,13.227001,45.327557,15.01,51.4
200000024,2026-03-01 01:58:00+00:00,12.625064,45.056136,12.34,270.5
200000025,2026-03-01 01:58:00+00:00,12.46827,44.358683,10.43,62.2
200000026,2026-03-01 01:58:00+00:00,12.202227,44.172615,14.0,254.9
200000027,2026-03-01 01:58:00+00:00,13.341537,44.522208,11.37,68.2
200000028,2026-03-01 01:58:00+00:00,12.959684,45.51541,14.18,65.2
200000029,2026-03-01 01:58:00+00:00,12.196121,45.476533,15.52,89.7
200000030,2026-03-01 01:58:00+00:00,12.123989,45.599505,11.62,79.7
200000031,2026-03-01 01:58:00+00:00,12.52495,46.360374,12.88,69.6
200000032,2026-03-01 01:58:00+00:00,12.754879,44.286111,10.77,249.1
200000033,2026-03-01 01:58:00+00:00,12.981693,44.349582,11.65,255.7
200000034,2026-03-01 01:58:00+00:00,12.187244,43.839684,11.98,277.2
200000035,2026-03-01 01:58:00+00:00,12.684248,45.968066,10.51,49.0
200000036,2026-03-01 01:58:00+00:00,12.980029,44.562755,10.04,52.5
200000037,2026-03-01 01:58:00+00:00,12.698472,45.17976,15.72,259.6
200000038,2026-03-01 01:58:00+00:00,12.859519,45.480301,20.37,308.6
200000039,2026-03-01 01:58:00+00:00,12.903068,45.427075,20.09,130.3
200000040,2026-03-01 01:58:00+00:00,13.065078,45.527453,10.56,217.4
200000001,2026-03-01 02:00:00+00:00,12.881572,43.718611,10.12,257.4
200000002,2026-03-01 02:00:00+00:00,12.76841,45.347801,13.91,258.2
200000003,2026-03-01 02:00:00+00:00,13.023074,45.168766,12.36,87.3
200000004,2026-03-01 02:00:00+00:00,12.48977,45.639758,10.36,269.8
200000005,2026-03-01 02:00:00+00:00,12.52638,46.396609,14.04,79.7
200000006,2026-03-01 02:00:00+00:00,13.083074,44.878528,9.71,86.9
200000007,2026-03-01 02:00:00+00:00,13.040953,44.808642,13.39,278.7
200000008,2026-03-01 02:00:00+00:00,13.005953,45.296369,15.57,253.6
200000009,2026-03-01 02:00:00+00:00,12.308841,44.43251,12.39,80.0
200000010,2026-03-01 02:00:00+00:00,12.276771,45.50873,9.58,89.4
200000011,2026-03-01 02:00:00+00:00,13.562004,44.646101,14.36,77.0
200000012,2026-03-01 02:00:00+00:00,12.60725,44.468781,12.44,253.5
200000013,2026-03-01 02:00:00+00:00,12.373893,44.993413,12.5,240.1
200000014,2026-03-01 02:00:00+00:00,13.165573,45.719198,11.27,95.1
200000015,2026-03-01 02:00:00+00:00,12.821937,44.911996,15.59,92.1
200000016,2026-03-01 02:00:00+00:00,12.421716,45.685891,9.88,65.0
200000017,2026-03-01 02:00:00+00:00,12.504344,46.012237,11.57,76.2
200000018,2026-03-01 02:00:00+00:00,12.474759,44.208776,9.37,244.1
200000019,2026-03-01 02:00:00+00:00,13.059055,46.195996,13.62,82.8
200000020,2026-03-01 02:00:00+00:00,12.700751,44.713722,13.05,101.5
200000021,2026-03-01 02:00:00+00:00,12.007549,44.271032,13.7,260.3
200000022,2026-03-01 02:00:00+00:00,12.76898,44.657149,15.28,261.0
200000023,2026-03-01 02:00:00+00:00,13.231704,45.334663,15.06,60.3
200000024,2026-03-01 02:00:00+00:00,12.625358,45.049171,12.41,273.6
200000025,2026-03-01 02:00:00+00:00,12.470793,44.363922,10.35,67.8
200000026,2026-03-01 02:00:00+00:00,12.200487,44.164857,13.72,258.7
200000027,2026-03-01 02:00:00+00:00,13.344116,44.52815,11.58,66.1
200000028,2026-03-01 02:00:00+00:00,12.962999,45.522713,14.38,68.8
200000029,2026-03-01 02:00:00+00:00,12.196282,45.48538,15.57,89.2
200000030,2026-03-01 02:00:00+00:00,12.124846,45.606083,11.5,83.0
200000031,2026-03-01 02:00:00+00:00,12.527866,46.367176,12.81,65.2
200000032,2026-03-01 02:00:00+00:00,12.752995,44.280397,10.82,253.7
200000033,2026-03-01 02:00:00+00:00,12.980109,44.343161,11.4,256.8
200000034,2026-03-01 02:00:00+00:00,12.188377,43.833104,11.72,279.4
200000035,2026-03-01 02:00:00+00:00,12.688,45.972591,10.72,47.1
200000036,2026-03-01 02:00:00+00:00,12.983057,44.567534,10.06,59.5
200000037,2026-03-01 02:00:00+00:00,12.696451,45.171166,15.34,256.5
200000038,2026-03-01 02:00:00+00:00,12.866777,45.47143,20.41,314.0
200000039,2026-03-01 02:00:00+00:00,12.89581,45.435946,20.33,129.9
200000040,2026-03-01 02:00:00+00:00,13.059929,45.523571,6.86,198.3
200000001,2026-03-01 02:02:00+00:00,12.880411,43.713051,10.0,254.6
200000002,2026-03-01 02:02:00+00:00,12.766395,45.340095,14.02,251.1
200000003,2026-03-01 02:02:00+00:00,13.023405,45.175782,12.3,87.6
200000004,2026-03-01 02:02:00+00:00,12.489508,45.634122,9.97,267.4
200000005,2026-03-01 02:02:00+00:00,12.527463,46.404492,14.09,79.3
200000006,2026-03-01 02:02:00+00:00,13.083113,44.884138,9.96,90.9
200000007,2026-03-01 02:02:00+00:00,13.041968,44.800898,13.84,277.2
200000008,2026-03-01 02:02:00+00:00,13.003364,45.288036,15.5,250.0
200000009,2026-03-01 02:02:00+00:00,12.309732,44.439435,12.18,84.1
200000010,2026-03-01 02:02:00+00:00,12.27662,45.514204,9.82,91.7
200000011,2026-03-01 02:02:00+00:00,13.56365,44.654124,14.25,80.7
200000012,2026-03-01 02:02:00+00:00,12.60502,44.462143,12.58,251.4
200000013,2026-03-01 02:02:00+00:00,12.370331,44.987455,12.37,239.8
200000014,2026-03-01 02:02:00+00:00,13.16521,45.725621,11.25,90.8
200000015,2026-03-01 02:02:00+00:00,12.821403,44.920944,16.15,97.6
200000016,2026-03-01 02:02:00+00:00,12.42383,45.691164,9.91,66.5
200000017,2026-03-01 02:02:00+00:00,12.505996,46.018519,11.39,73.7
200000018,2026-03-01 02:02:00+00:00,12.472617,44.204033,9.32,246.8
200000019,2026-03-01 02:02:00+00:00,13.059568,46.203803,13.92,89.0
200000020,2026-03-01 02:02:00+00:00,12.699259,44.721039,13.22,104.0
200000021,2026-03-01 02:02:00+00:00,12.005787,44.263583,13.53,258.0
200000022,2026-03-01 02:02:00+00:00,12.767568,44.648629,15.37,260.8
200000023,2026-03-01 02:02:00+00:00,13.236405,45.34177,15.05,60.9
200000024,2026-03-01 02:02:00+00:00,12.625873,45.04222,12.23,274.9
200000025,2026-03-01 02:02:00+00:00,12.473175,44.369229,10.37,66.3
200000026,2026-03-01 02:02:00+00:00,12.198682,44.157114,14.25,256.3
200000027,2026-03-01 02:02:00+00:00,13.346703,44.534088,11.46,66.4
200000028,2026-03-01 02:02:00+00:00,12.966393,45.529979,13.97,66.4
200000029,2026-03-01 02:02:00+00:00,12.196762,45.494214,15.59,85.0
200000030,2026-03-01 02:02:00+00:00,12.125519,45.612683,11.88,84.2
200000031,2026-03-01 02:02:00+00:00,12.530719,46.374007,12.84,69.0
200000032,2026-03-01 02:02:00+00:00,12.750976,44.274732,10.79,253.9
200000033,2026-03-01 02:02:00+00:00,12.978648,44.33671,11.9,254.8
200000034,2026-03-01 02:02:00+00:00,12.18931,43.826492,11.64,278.1
200000035,2026-03-01 02:02:00+00:00,12.691647,45.977206,10.43,50.4
200000036,2026-03-01 02:02:00+00:00,12.986091,44.572309,9.99,54.9
200000037,2026-03-01 02:02:00+00:00,12.694576,45.162537,15.58,257.0
200000038,2026-03-01 02:02:00+00:00,12.874035,45.462559,20.38,303.0
200000039,2026-03-01 02:02:00+00:00,12.888552,45.444817,19.59,126.4
200000040,2026-03-01 02:02:00+00:00,13.057977,45.525093,9.76,144.5
200000001,2026-03-01 02:04:00+00:00,12.879203,43.707502,10.24,258.6
200000002,2026-03-01 02:04:00+00:00,12.764433,45.332375,14.06,256.7
200000003,2026-03-01 02:04:00+00:00,13.023714,45.1828,12.4,89.2
200000004,2026-03-01 02:04:00+00:00,12.48933,45.628483,9.95,268.5
200000005,2026-03-01 02:04:00+00:00,12.528801,46.412335,13.95,80.6
200000006,2026-03-01 02:04:00+00:00,13.083023,44.889747,9.99,90.3
200000007,2026-03-01 02:04:00+00:00,13.043015,44.793158,13.69,281.3
200000008,2026-03-01 02:04:00+00:00,13.000456,45.279815,15.31,246.9
200000009,2026-03-01 02:04:00+00:00,12.310305,44.446396,12.41,84.9
200000010,2026-03-01 02:04:00+00:00,12.276388,45.519675,9.5,95.1
200000011,2026-03-01 02:04:00+00:00,13.565121,44.662182,14.19,80.0
200000012,2026-03-01 02:04:00+00:00,12.602555,44.455592,12.23,248.4
200000013,2026-03-01 02:04:00+00:00,12.366916,44.981406,12.36,237.6
200000014,2026-03-01 02:04:00+00:00,13.164919,45.732048,11.29,96.9
200000015,2026-03-01 02:04:00+00:00,12.820777,44.929885,15.87,94.5
200000016,2026-03-01 02:04:00+00:00,12.426119,45.696361,10.27,65.4
200000017,2026-03-01 02:04:00+00:00,12.507741,46.024774,11.12,76.5
200000018,2026-03-01 02:04:00+00:00,12.470515,44.199272,9.24,246.0
200000019,2026-03-01 02:04:00+00:00,13.060254,46.211597,14.04,85.5
200000020,2026-03-01 02:04:00+00:00,12.698169,44.728431,13.36,101.8
200000021,2026-03-01 02:04:00+00:00,12.004182,44.256097,13.61,252.4
200000022,2026-03-01 02:04:00+00:00,12.766093,44.64012,15.23,263.5
200000023,2026-03-01 02:04:00+00:00,13.240907,45.349012,14.92,56.3
200000024,2026-03-01 02:04:00+00:00,12.626206,45.035257,12.15,273.8
200000025,2026-03-01 02:04:00+00:00,12.475525,44.374552,10.41,63.9
200000026,2026-03-01 02:04:00+00:00,12.19718,44.149304,13.98,258.4
200000027,2026-03-01 02:04:00+00:00,13.349141,44.540092,11.73,62.6
200000028,2026-03-01 02:04:00+00:00,12.969654,45.537308,14.27,64.7
200000029,2026-03-01 02:04:00+00:00,12.197265,45.503048,15.43,86.7
200000030,2026-03-01 02:04:00+00:00,12.126123,45.61929,11.94,82.5
200000031,2026-03-01 02:04:00+00:00,12.533481,46.380876,13.19,68.2
200000032,2026-03-01 02:04:00+00:00,12.749273,44.268959,10.65,251.8
200000033,2026-03-01 02:04:00+00:00,12.977131,44.330273,11.63,261.3
200000034,2026-03-01 02:04:00+00:00,12.190421,43.819909,11.65,277.4
200000035,2026-03-01 02:04:00+00:00,12.695093,45.98198,10.48,55.8
200000036,2026-03-01 02:04:00+00:00,12.989277,44.576979,10.04,56.7
200000037,2026-03-01 02:04:00+00:00,12.692519,45.153952,15.67,253.8
200000038,2026-03-01 02:04:00+00:00,12.879148,45.451841,10.62,298.0
200000039,2026-03-01 02:04:00+00:00,12.883016,45.454395,10.5,120.1
200000040,2026-03-01 02:04:00+00:00,13.051601,45.530063,8.99,144.7
200000001,2026-03-01 02:06:00+00:00,12.878107,43.701928,9.97,255.5
200000002,2026-03-01 02:06:00+00:00,12.76277,45.324581,13.78,254.0
200000003,2026-03-01 02:06:00+00:00,13.024199,45.189808,12.24,83.1
200000004,2026-03-01 02:06:00+00:00,12.48925,45.622842,9.7,270.2
200000005,2026-03-01 02:06:00+00:00,12.52988,46.420219,13.87,81.5
200000006,2026-03-01 02:06:00+00:00,13.082998,44.895357,9.51,89.1
200000007,2026-03-01 02:06:00+00:00,13.044039,44.785414,13.59,275.4
200000008,2026-03-01 02:06:00+00:00,12.997378,45.271659,15.22,248.0
200000009,2026-03-01 02:06:00+00:00,12.310741,44.453367,12.33,87.3
200000010,2026-03-01 02:06:00+00:00,12.276158,45.525146,9.73,94.9
200000011,2026-03-01 02:06:00+00:00,13.566408,44.670274,14.34,79.3
200000012,2026-03-01 02:06:00+00:00,12.599928,44.449109,12.39,244.0
200000013,2026-03-01 02:06:00+00:00,12.36375,44.975219,12.29,245.6
200000014,2026-03-01 02:06:00+00:00,13.164475,45.738465,11.4,94.4
200000015,2026-03-01 02:06:00+00:00,12.820342,44.938839,15.73,93.0
200000016,2026-03-01 02:06:00+00:00,12.428759,45.70138,9.65,62.4
200000017,2026-03-01 02:06:00+00:00,12.509188,46.031108,11.23,77.2
200000018,2026-03-01 02:06:00+00:00,12.468369,44.194532,9.35,245.7
200000019,2026-03-01 02:06:00+00:00,13.060521,46.219417,13.51,87.5
200000020,2026-03-01 02:06:00+00:00,12.696959,44.735803,12.92,99.3
200000021,2026-03-01 02:06:00+00:00,12.002764,44.248572,13.7,264.2
200000022,2026-03-01 02:06:00+00:00,12.764745,44.631589,15.12,263.1
200000023,2026-03-01 02:06:00+00:00,13.245213,45.356379,15.01,58.3
200000024,2026-03-01 02:06:00+00:00,12.626768,45.02831,12.39,271.9
200000025,2026-03-01 02:06:00+00:00,12.477956,44.379836,10.23,65.5
200000026,2026-03-01 02:06:00+00:00,12.195839,44.141463,14.17,260.6
200000027,2026-03-01 02:06:00+00:00,13.351499,44.54613,11.64,66.1
200000028,2026-03-01 02:06:00+00:00,12.972897,45.544646,13.99,60.3
200000029,2026-03-01 02:06:00+00:00,12.19788,45.511873,15.63,84.2
200000030,2026-03-01 02:06:00+00:00,12.126642,45.625904,11.82,87.4
200000031,2026-03-01 02:06:00+00:00,12.536229,46.387752,12.96,66.3
200000032,2026-03-01 02:06:00+00:00,12.747533,44.263197,10.59,253.2
200000033,2026-03-01 02:06:00+00:00,12.976025,44.323748,11.71,260.3
200000034,2026-03-01 02:06:00+00:00,12.191502,43.81332,11.77,280.8
200000035,2026-03-01 02:06:00+00:00,12.698466,45.986809,10.66,53.7
200000036,2026-03-01 02:06:00+00:00,12.992457,44.581654,10.02,56.4
200000037,2026-03-01 02:06:00+00:00,12.690393,45.145385,15.45,255.5
200000038,2026-03-01 02:06:00+00:00,12.879897,45.451842,0.26,68.0
200000039,2026-03-01 02:06:00+00:00,12.883061,45.455419,1.55,134.0
200000040,2026-03-01 02:06:00+00:00,13.050197,45.531158,10.51,144.2
200000001,2026-03-01 02:08:00+00:00,12.876781,43.696408,10.15,255.0
200000002,2026-03-01 02:08:00+00:00,12.761017,45.316809,14.25,257.9
200000003,2026-03-01 02:08:00+00:00,13.024618,45.19682,12.44,86.0
200000004,2026-03-01 02:08:00+00:00,12.489013,45.617205,9.96,262.2
200000005,2026-03-01 02:08:00+00:00,12.530994,46.428098,14.28,85.1
200000006,2026-03-01 02:08:00+00:00,13.08291,44.900966,9.62,89.6
200000007,2026-03-01 02:08:00+00:00,13.045086,44.777674,13.72,278.4
200000008,2026-03-01 02:08:00+00:00,12.994314,45.263498,15.38,247.8
200000009,2026-03-01 02:08:00+00:00,12.311481,44.460311,12.38,86.6
200000010,2026-03-01 02:08:00+00:00,12.275972,45.530618,9.61,89.9
200000011,2026-03-01 02:08:00+00:00,13.567705,44.678364,14.24,79.7
200000012,2026-03-01 02:08:00+00:00,12.597159,44.442687,12.24,250.6
200000013,2026-03-01 02:08:00+00:00,12.360809,44.968915,12.22,243.9
200000014,2026-03-01 02:08:00+00:00,13.164103,45.744888,10.93,96.0
200000015,2026-03-01 02:08:00+00:00,12.820205,44.947802,15.69,92.3
200000016,2026-03-01 02:08:00+00:00,12.431208,45.7065,9.89,66.3
200000017,2026-03-01 02:08:00+00:00,12.510596,46.037452,11.34,79.6
200000018,2026-03-01 02:08:00+00:00,12.466279,44.189765,9.17,247.9
200000019,2026-03-01 02:08:00+00:00,13.060673,46.227241,13.74,89.2
200000020,2026-03-01 02:08:00+00:00,12.695837,44.74319,13.04,97.0
200000021,2026-03-01 02:08:00+00:00,12.001291,44.241058,13.55,257.4
200000022,2026-03-01 02:08:00+00:00,12.763291,44.623076,15.24,258.5
200000023,2026-03-01 02:08:00+00:00,13.249456,45.363784,15.08,58.4
200000024,2026-03-01 02:08:00+00:00,12.627477,45.021377,12.23,277.1
200000025,2026-03-01 02:08:00+00:00,12.48037,44.385129,10.33,66.5
200000026,2026-03-01 02:08:00+00:00,12.194455,44.13363,14.12,261.4
200000027,2026-03-01 02:08:00+00:00,13.353742,44.552215,11.15,69.7
200000028,2026-03-01 02:08:00+00:00,12.976031,45.552033,13.98,67.2
200000029,2026-03-01 02:08:00+00:00,12.198642,45.520687,15.84,82.1
200000030,2026-03-01 02:08:00+00:00,12.126964,45.632532,11.96,87.3
200000031,2026-03-01 02:08:00+00:00,12.539168,46.394545,13.1,69.9
200000032,2026-03-01 02:08:00+00:00,12.745914,44.257399,10.68,256.8
200000033,2026-03-01 02:08:00+00:00,12.974913,44.317224,11.57,258.4
200000034,2026-03-01 02:08:00+00:00,12.192539,43.806724,11.62,276.8
200000035,2026-03-01 02:08:00+00:00,12.701845,45.991633,10.4,54.3
200000036,2026-03-01 02:08:00+00:00,12.99582,44.586191,9.88,53.1
200000037,2026-03-01 02:08:00+00:00,12.688453,45.136772,15.62,253.1
200000038,2026-03-01 02:08:00+00:00,12.87935,45.45238,0.5,339.9
200000039,2026-03-01 02:08:00+00:00,12.882031,45.455463,0.6,312.8
200000040,2026-03-01 02:08:00+00:00,13.042156,45.537426,11.54,183.3
200000001,2026-03-01 02:10:00+00:00,12.875412,43.690899,9.86,252.1
200000002,2026-03-01 02:10:00+00:00,12.75951,45.308982,13.94,258.3
200000003,2026-03-01 02:10:00+00:00,13.025182,45.203821,12.4,85.0
200000004,2026-03-01 02:10:00+00:00,12.488803,45.611567,9.82,265.4
200000005,2026-03-01 02:10:00+00:00,12.532013,46.43599,13.97,87.3
200000006,2026-03-01 02:10:00+00:00,13.082933,44.906576,9.82,90.1
200000007,2026-03-01 02:10:00+00:00,13.045969,44.769912,13.66,275.1
200000008,2026-03-01 02:10:00+00:00,12.991304,45.255316,15.5,248.7
200000009,2026-03-01 02:10:00+00:00,12.312003,44.467276,12.33,88.5
200000010,2026-03-01 02:10:00+00:00,12.275586,45.53608,9.67,93.0
200000011,2026-03-01 02:10:00+00:00,13.569024,44.68645,14.17,79.7
200000012,2026-03-01 02:10:00+00:00,12.594607,44.436172,12.16,250.5
200000013,2026-03-01 02:10:00+00:00,12.357696,44.962699,12.47,244.8
200000014,2026-03-01 02:10:00+00:00,13.163588,45.7513,11.28,93.2
200000015,2026-03-01 02:10:00+00:00,12.819775,44.956755,15.36,93.9
200000016,2026-03-01 02:10:00+00:00,12.433398,45.711741,9.97,66.2
200000017,2026-03-01 02:10:00+00:00,12.511984,46.043801,11.39,75.9
200000018,2026-03-01 02:10:00+00:00,12.464161,44.185011,9.05,245.5
200000019,2026-03-01 02:10:00+00:00,13.060606,46.235065,13.72,90.0
200000020,2026-03-01 02:10:00+00:00,12.695131,44.75063,13.23,95.2
200000021,2026-03-01 02:10:00+00:00,12.000044,44.233501,13.43,261.0
200000022,2026-03-01 02:10:00+00:00,12.761918,44.61455,15.25,263.4
200000023,2026-03-01 02:10:00+00:00,13.253552,45.371277,15.01,59.7
200000024,2026-03-01 02:10:00+00:00,12.628147,45.014439,12.1,275.1
200000025,2026-03-01 02:10:00+00:00,12.482492,44.390551,10.24,71.6
200000026,2026-03-01 02:10:00+00:00,12.193422,44.125741,14.13,258.6
200000027,2026-03-01 02:10:00+00:00,13.356036,44.558278,11.35,71.3
200000028,2026-03-01 02:10:00+00:00,12.979077,45.55946,14.32,69.2
200000029,2026-03-01 02:10:00+00:00,12.199673,45.529472,15.54,77.8
200000030,2026-03-01 02:10:00+00:00,12.127371,45.639155,11.48,85.6
200000031,2026-03-01 02:10:00+00:00,12.541912,46.401422,13.15,68.9
200000032,2026-03-01 02:10:00+00:00,12.744272,44.251607,10.69,257.1
200000033,2026-03-01 02:10:00+00:00,12.973672,44.310724,11.79,259.5
200000034,2026-03-01 02:10:00+00:00,12.193761,43.800161,11.7,279.9
200000035,2026-03-01 02:10:00+00:00,12.705136,45.996521,10.52,53.9
200000036,2026-03-01 02:10:00+00:00,12.999115,44.590781,10.04,53.9
200000037,2026-03-01 02:10:00+00:00,12.686358,45.128196,15.77,258.5
200000038,2026-03-01 02:10:00+00:00,12.880462,45.451587,0.54,259.8
200000039,2026-03-01 02:10:00+00:00,12.883385,45.455108,0.76,299.3
200000040,2026-03-01 02:10:00+00:00,13.037417,45.530654,10.15,234.3
200000001,2026-03-01 02:12:00+00:00,12.874073,43.685381,9.86,260.1
200000002,2026-03-01 02:12:00+00:00,12.757762,45.301209,13.8,254.1
200000003,2026-03-01 02:12:00+00:00,13.02586,45.210812,12.53,84.0
200000004,2026-03-01 02:12:00+00:00,12.488456,45.605936,10.06,265.7
200000005,2026-03-01 02:12:00+00:00,12.532858,46.443905,14.21,85.2
200000006,2026-03-01 02:12:00+00:00,13.083055,44.912185,9.69,90.4
200000007,2026-03-01 02:12:00+00:00,13.047189,44.762199,13.59,281.0
200000008,2026-03-01 02:12:00+00:00,12.988266,45.247145,15.32,250.8
200000009,2026-03-01 02:12:00+00:00,12.312313,44.474254,12.37,87.6
200000010,2026-03-01 02:12:00+00:00,12.275256,45.541545,9.52,91.6
200000011,2026-03-01 02:12:00+00:00,13.570277,44.694547,14.58,81.2
200000012,2026-03-01 02:12:00+00:00,12.592359,44.42954,12.38,253.0
200000013,2026-03-01 02:12:00+00:00,12.354589,44.95648,12.28,243.7
200000014,2026-03-01 02:12:00+00:00,13.163035,45.757708,11.47,92.4
200000015,2026-03-01 02:12:00+00:00,12.819146,44.965696,15.48,93.8
200000016,2026-03-01 02:12:00+00:00,12.435816,45.716876,10.12,64.1
200000017,2026-03-01 02:12:00+00:00,12.513603,46.050091,11.22,77.4
200000018,2026-03-01 02:12:00+00:00,12.462103,44.18023,9.32,248.4
200000019,2026-03-01 02:12:00+00:00,13.060592,46.242891,13.87,90.4
200000020,2026-03-01 02:12:00+00:00,12.694136,44.758035,13.2,99.0
200000021,2026-03-01 02:12:00+00:00,11.99884,44.225938,13.83,264.0
200000022,2026-03-01 02:12:00+00:00,12.76072,44.605995,15.33,265.7
200000023,2026-03-01 02:12:00+00:00,13.257656,45.378765,15.14,61.3
200000024,2026-03-01 02:12:00+00:00,12.629042,45.007529,11.98,279.5
200000025,2026-03-01 02:12:00+00:00,12.484589,44.395983,10.36,69.6
200000026,2026-03-01 02:12:00+00:00,12.192046,44.117906,14.21,258.0
200000027,2026-03-01 02:12:00+00:00,13.358299,44.564355,11.3,70.0
200000028,2026-03-01 02:12:00+00:00,12.982197,45.566854,14.17,65.6
200000029,2026-03-01 02:12:00+00:00,12.200621,45.538268,15.31,80.0
200000030,2026-03-01 02:12:00+00:00,12.12794,45.645765,11.62,87.6
200000031,2026-03-01 02:12:00+00:00,12.544701,46.408281,12.98,66.4
200000032,2026-03-01 02:12:00+00:00,12.742789,44.24577,10.42,253.1
200000033,2026-03-01 02:12:00+00:00,12.972254,44.304263,11.28,256.3
200000034,2026-03-01 02:12:00+00:00,12.195,43.793601,11.66,280.0
200000035,2026-03-01 02:12:00+00:00,12.70832,46.001483,10.55,52.4
200000036,2026-03-01 02:12:00+00:00,13.002329,44.595431,10.06,55.7
200000037,2026-03-01 02:12:00+00:00,12.68417,45.119646,15.59,255.0
200000038,2026-03-01 02:12:00+00:00,12.879204,45.451726,1.39,92.6
200000039,2026-03-01 02:12:00+00:00,12.88253,45.45452,0.55,78.7
200000040,2026-03-01 02:12:00+00:00,13.035691,45.528188,5.76,236.9
200000001,2026-03-01 02:14:00+00:00,12.872891,43.679827,9.94,258.5
200000002,2026-03-01 02:14:00+00:00,12.756054,45.293426,13.79,257.3
200000003,2026-03-01 02:14:00+00:00,13.026493,45.217807,12.28,86.8
200000004,2026-03-01 02:14:00+00:00,12.488002,45.600313,10.14,261.6
200000005,2026-03-01 02:14:00+00:00,12.533594,46.45183,13.66,89.1
200000006,2026-03-01 02:14:00+00:00,13.083147,44.917794,9.79,89.5
200000007,2026-03-01 02:14:00+00:00,13.048515,44.754504,13.81,277.7
200000008,2026-03-01 02:14:00+00:00,12.985672,45.238814,15.42,253.3
200000009,2026-03-01 02:14:00+00:00,12.31262,44.481232,12.2,90.4
200000010,2026-03-01 02:14:00+00:00,12.275099,45.547019,9.76,91.1
200000011,2026-03-01 02:14:00+00:00,13.571232,44.702688,14.15,81.9
200000012,2026-03-01 02:14:00+00:00,12.590167,44.422889,12.22,250.0
200000013,2026-03-01 02:14:00+00:00,12.351686,44.950159,12.51,246.6
200000014,2026-03-01 02:14:00+00:00,13.162556,45.764123,11.35,96.1
200000015,2026-03-01 02:14:00+00:00,12.81806,44.974591,15.93,96.3
200000016,2026-03-01 02:14:00+00:00,12.438122,45.722065,9.77,65.0
200000017,2026-03-01 02:14:00+00:00,12.515106,46.056413,11.37,76.9
200000018,2026-03-01 02:14:00+00:00,12.460119,44.175416,9.12,248.3
200000019,2026-03-01 02:14:00+00:00,13.060605,46.250716,13.66,88.8
200000020,2026-03-01 02:14:00+00:00,12.692869,44.765397,13.37,99.6
200000021,2026-03-01 02:14:00+00:00,11.997993,44.218323,13.64,263.3
200000022,2026-03-01 02:14:00+00:00,12.759793,44.597406,15.1,261.6
200000023,2026-03-01 02:14:00+00:00,13.261725,45.386273,14.97,58.8
200000024,2026-03-01 02:14:00+00:00,12.630037,45.000632,12.02,278.0
200000025,2026-03-01 02:14:00+00:00,12.48688,44.401333,10.41,64.5
200000026,2026-03-01 02:14:00+00:00,12.190596,44.110086,13.97,257.8
200000027,2026-03-01 02:14:00+00:00,13.360622,44.570408,11.46,65.7
200000028,2026-03-01 02:14:00+00:00,12.985531,45.574149,13.9,66.3
200000029,2026-03-01 02:14:00+00:00,12.201964,45.547009,15.58,85.0
200000030,2026-03-01 02:14:00+00:00,12.128551,45.652372,11.95,85.3
200000031,2026-03-01 02:14:00+00:00,12.547574,46.415104,13.16,68.6
200000032,2026-03-01 02:14:00+00:00,12.741211,44.23996,10.89,256.1
200000033,2026-03-01 02:14:00+00:00,12.97084,44.297801,11.49,256.1
200000034,2026-03-01 02:14:00+00:00,12.196282,43.78705,11.76,280.2
200000035,2026-03-01 02:14:00+00:00,12.711588,46.006388,10.28,54.6
200000036,2026-03-01 02:14:00+00:00,13.005563,44.600067,10.15,54.0
200000037,2026-03-01 02:14:00+00:00,12.682165,45.111048,15.47,255.9
200000038,2026-03-01 02:14:00+00:00,12.880263,45.453376,0.77,319.9
200000039,2026-03-01 02:14:00+00:00,12.883484,45.455624,1.34,59.3
200000040,2026-03-01 02:14:00+00:00,13.033984,45.525748,5.66,234.8
200000001,2026-03-01 02:16:00+00:00,12.871613,43.674294,9.93,258.4
200000002,2026-03-01 02:16:00+00:00,12.754055,45.285716,14.04,255.3
200000003,2026-03-01 02:16:00+00:00,13.026917,45.224818,12.17,83.5
200000004,2026-03-01 02:16:00+00:00,12.487455,45.594699,9.75,267.3
200000005,2026-03-01 02:16:00+00:00,12.534198,46.459767,13.97,88.1
200000006,2026-03-01 02:16:00+00:00,13.083167,44.923404,9.9,89.7
200000007,2026-03-01 02:16:00+00:00,13.050116,44.746864,13.52,279.8
200000008,2026-03-01 02:16:00+00:00,12.98278,45.230588,15.17,249.0
200000009,2026-03-01 02:16:00+00:00,12.312621,44.488217,12.43,85.9
200000010,2026-03-01 02:16:00+00:00,12.275279,45.552492,9.58,89.2
200000011,2026-03-01 02:16:00+00:00,13.572193,44.710828,14.3,81.0
200000012,2026-03-01 02:16:00+00:00,12.588033,44.416218,12.34,252.1
200000013,2026-03-01 02:16:00+00:00,12.348769,44.943844,12.55,240.7
200000014,2026-03-01 02:16:00+00:00,13.161996,45.770531,11.19,97.9
200000015,2026-03-01 02:16:00+00:00,12.816846,44.983469,15.62,100.7
200000016,2026-03-01 02:16:00+00:00,12.440375,45.727279,10.11,67.1
200000017,2026-03-01 02:16:00+00:00,12.516575,46.062742,11.3,74.5
200000018,2026-03-01 02:16:00+00:00,12.458157,44.170593,9.06,248.9
200000019,2026-03-01 02:16:00+00:00,13.060776,46.258539,13.92,85.4
200000020,2026-03-01 02:16:00+00:00,12.691683,44.772773,13.21,98.3
200000021,2026-03-01 02:16:00+00:00,11.996956,44.210733,13.43,265.0
200000022,2026-03-01 02:16:00+00:00,12.758745,44.588831,15.4,262.1
200000023,2026-03-01 02:16:00+00:00,13.265919,45.393708,15.14,63.9
200000024,2026-03-01 02:16:00+00:00,12.630879,44.993715,12.2,279.4
200000025,2026-03-01 02:16:00+00:00,12.489455,44.406545,10.26,64.8
200000026,2026-03-01 02:16:00+00:00,12.188966,44.102302,14.07,259.2
200000027,2026-03-01 02:16:00+00:00,13.362956,44.576456,11.25,69.5
200000028,2026-03-01 02:16:00+00:00,12.988792,45.581479,14.0,69.4
200000029,2026-03-01 02:16:00+00:00,12.203199,45.555766,15.2,83.2
200000030,2026-03-01 02:16:00+00:00,12.129154,45.658979,11.85,85.3
200000031,2026-03-01 02:16:00+00:00,12.550571,46.42187,12.98,66.1
200000032,2026-03-01 02:16:00+00:00,12.73961,44.234156,10.51,254.3
200000033,2026-03-01 02:16:00+00:00,12.96978,44.291268,11.72,264.2
200000034,2026-03-01 02:16:00+00:00,12.197602,43.780507,11.7,282.6
200000035,2026-03-01 02:16:00+00:00,12.714792,46.011337,10.31,58.0
200000036,2026-03-01 02:16:00+00:00,13.008785,44.604711,9.98,56.6
200000037,2026-03-01 02:16:00+00:00,12.679976,45.102498,15.49,254.9
200000038,2026-03-01 02:16:00+00:00,12.879798,45.451175,1.69,269.9
200000039,2026-03-01 02:16:00+00:00,12.883247,45.455835,0.8,161.4
200000040,2026-03-01 02:16:00+00:00,13.032078,45.523025,4.03,249.2
200000001,2026-03-01 02:18:00+00:00,12.870316,43.668766,10.21,256.9
200000002,2026-03-01 02:18:00+00:00,12.752202,45.277968,14.04,254.1
200000003,2026-03-01 02:18:00+00:00,13.027389,45.231827,12.27,83.5
200000004,2026-03-01 02:18:00+00:00,12.487082,45.58907,9.81,265.2
200000005,2026-03-01 02:18:00+00:00,12.534875,46.467699,14.2,85.0
200000006,2026-03-01 02:18:00+00:00,13.083213,44.929014,9.93,87.1
200000007,2026-03-01 02:18:00+00:00,13.051613,44.739202,13.7,285.4
200000008,2026-03-01 02:18:00+00:00,12.979813,45.222389,15.3,250.9
200000009,2026-03-01 02:18:00+00:00,12.312896,44.495197,12.3,89.0
200000010,2026-03-01 02:18:00+00:00,12.275599,45.557958,9.45,84.8
200000011,2026-03-01 02:18:00+00:00,13.573423,44.718929,14.15,79.8
200000012,2026-03-01 02:18:00+00:00,12.586233,44.409445,12.56,255.5
200000013,2026-03-01 02:18:00+00:00,12.345776,44.937567,12.28,243.6
200000014,2026-03-01 02:18:00+00:00,13.161175,45.77691,11.47,96.9
200000015,2026-03-01 02:18:00+00:00,12.815377,44.992305,15.78,99.6
200000016,2026-03-01 02:18:00+00:00,12.442654,45.73248,9.99,67.6
200000017,2026-03-01 02:18:00+00:00,12.517966,46.06909,11.66,73.7
200000018,2026-03-01 02:18:00+00:00,12.456239,44.165751,9.1,250.7
200000019,2026-03-01 02:18:00+00:00,13.06076,46.266364,13.73,89.6
200000020,2026-03-01 02:18:00+00:00,12.690494,44.780148,12.99,103.6
200000021,2026-03-01 02:18:00+00:00,11.996375,44.203093,13.95,264.0
200000022,2026-03-01 02:18:00+00:00,12.757932,44.580229,15.27,263.7
200000023,2026-03-01 02:18:00+00:00,13.270082,45.401162,14.88,60.9
200000024,2026-03-01 02:18:00+00:00,12.632071,44.986851,12.47,278.5
200000025,2026-03-01 02:18:00+00:00,12.49188,44.411833,10.21,67.5
200000026,2026-03-01 02:18:00+00:00,12.187273,44.094534,14.41,261.8
200000027,2026-03-01 02:18:00+00:00,13.365337,44.582485,11.35,66.9
200000028,2026-03-01 02:18:00+00:00,12.992185,45.588746,14.1,61.9
200000029,2026-03-01 02:18:00+00:00,12.20414,45.564562,15.73,81.8
200000030,2026-03-01 02:18:00+00:00,12.129847,45.665577,11.58,85.1
200000031,2026-03-01 02:18:00+00:00,12.553468,46.428681,12.79,66.4
200000032,2026-03-01 02:18:00+00:00,12.738051,44.228341,10.43,254.3
200000033,2026-03-01 02:18:00+00:00,12.969008,44.284693,11.7,264.2
200000034,2026-03-01 02:18:00+00:00,12.199064,43.773996,11.65,281.1
200000035,2026-03-01 02:18:00+00:00,12.718032,46.01626,10.4,53.8
200000036,2026-03-01 02:18:00+00:00,13.011885,44.609442,9.99,55.9
200000037,2026-03-01 02:18:00+00:00,12.677821,45.093939,15.64,256.0
200000038,2026-03-01 02:18:00+00:00,12.880233,45.451576,0.62,61.8
200000039,2026-03-01 02:18:00+00:00,12.882587,45.455872,1.12,296.5
200000040,2026-03-01 02:18:00+00:00,13.032609,45.521691,3.76,292.6
200000001,2026-03-01 02:20:00+00:00,12.868924,43.663263,10.11,255.8
200000002,2026-03-01 02:20:00+00:00,12.7502,45.270259,13.94,256.9
200000003,2026-03-01 02:20:00+00:00,13.02779,45.23884,12.21,86.2
200000004,2026-03-01 02:20:00+00:00,12.48694,45.58343,9.83,269.0
200000005,2026-03-01 02:20:00+00:00,12.53555,46.47563,14.22,85.9
200000006,2026-03-01 02:20:00+00:00,13.083251,44.934623,9.77,89.4
200000007,2026-03-01 02:20:00+00:00,13.053005,44.731519,13.66,280.4
200000008,2026-03-01 02:20:00+00:00,12.976971,45.214145,15.22,251.0
200000009,2026-03-01 02:20:00+00:00,12.313068,44.50218,12.48,89.2
200000010,2026-03-01 02:20:00+00:00,12.275919,45.563424,9.4,83.8
200000011,2026-03-01 02:20:00+00:00,13.574349,44.727073,14.64,78.2
200000012,2026-03-01 02:20:00+00:00,12.58451,44.402651,12.46,253.9
200000013,2026-03-01 02:20:00+00:00,12.342804,44.931279,12.35,244.5
200000014,2026-03-01 02:20:00+00:00,13.160518,45.783308,11.25,95.0
200000015,2026-03-01 02:20:00+00:00,12.813518,45.001064,15.78,96.7
200000016,2026-03-01 02:20:00+00:00,12.444851,45.737719,10.01,64.1
200000017,2026-03-01 02:20:00+00:00,12.519312,46.075448,11.56,78.0
200000018,2026-03-01 02:20:00+00:00,12.454475,44.160848,9.15,248.9
200000019,2026-03-01 02:20:00+00:00,13.060766,46.274189,13.75,90.9
200000020,2026-03-01 02:20:00+00:00,12.689205,44.787506,13.04,100.2
200000021,2026-03-01 02:20:00+00:00,11.995692,44.195462,13.45,267.3
200000022,2026-03-01 02:20:00+00:00,12.756828,44.571661,15.05,263.7
200000023,2026-03-01 02:20:00+00:00,13.27448,45.408472,14.75,56.9
200000024,2026-03-01 02:20:00+00:00,12.633112,44.979962,12.18,278.3
200000025,2026-03-01 02:20:00+00:00,12.494453,44.417047,10.12,63.5
200000026,2026-03-01 02:20:00+00:00,12.185686,44.086741,14.04,259.3
200000027,2026-03-01 02:20:00+00:00,13.367596,44.588563,11.41,72.9
200000028,2026-03-01 02:20:00+00:00,12.995593,45.596005,14.17,66.8
200000029,2026-03-01 02:20:00+00:00,12.20526,45.573336,15.44,84.6
200000030,2026-03-01 02:20:00+00:00,12.130465,45.672183,11.59,83.8
200000031,2026-03-01 02:20:00+00:00,12.556251,46.435543,13.31,67.9
200000032,2026-03-01 02:20:00+00:00,12.73663,44.222488,10.73,254.5
200000033,2026-03-01 02:20:00+00:00,12.968123,44.278132,11.55,261.6
200000034,2026-03-01 02:20:00+00:00,12.200641,43.767513,11.97,285.3
200000035,2026-03-01 02:20:00+00:00,12.721299,46.021166,10.3,56.7
200000036,2026-03-01 02:20:00+00:00,13.014977,44.614179,10.08,55.9
200000037,2026-03-01 02:20:00+00:00,12.675739,45.085361,15.23,253.9
200000038,2026-03-01 02:20:00+00:00,12.880136,45.451783,0.59,86.9
200000039,2026-03-01 02:20:00+00:00,12.883749,45.454772,1.43,259.4
200000040,2026-03-01 02:20:00+00:00,13.033663,45.519045,12.49,290.8
200000001,2026-03-01 02:22:00+00:00,12.867242,43.657846,10.28,252.8
200000002,2026-03-01 02:22:00+00:00,12.748468,45.262482,13.82,256.6
200000003,2026-03-01 02:22:00+00:00,13.028295,45.245846,12.33,83.3
200000004,2026-03-01 02:22:00+00:00,12.487173,45.577793,10.0,274.6
200000005,2026-03-01 02:22:00+00:00,12.536418,46.483542,13.77,82.9
200000006,2026-03-01 02:22:00+00:00,13.083357,44.940232,9.89,92.3
200000007,2026-03-01 02:22:00+00:00,13.054333,44.723824,13.58,284.6
200000008,2026-03-01 02:22:00+00:00,12.974298,45.205841,15.08,251.7
200000009,2026-03-01 02:22:00+00:00,12.313047,44.509165,12.17,93.5
200000010,2026-03-01 02:22:00+00:00,12.27637,45.56888,9.53,89.0
200000011,2026-03-01 02:22:00+00:00,13.575488,44.735188,14.31,82.6
200000012,2026-03-01 02:22:00+00:00,12.582885,44.395831,12.42,261.5
200000013,2026-03-01 02:22:00+00:00,12.339814,44.925,12.47,237.3
200000014,2026-03-01 02:22:00+00:00,13.159958,45.789716,10.99,95.0
200000015,2026-03-01 02:22:00+00:00,12.811983,45.009889,15.78,97.8
200000016,2026-03-01 02:22:00+00:00,12.447061,45.742952,10.04,70.3
200000017,2026-03-01 02:22:00+00:00,12.520677,46.081802,11.29,78.2
200000018,2026-03-01 02:22:00+00:00,12.452484,44.156037,8.93,250.2
200000019,2026-03-01 02:22:00+00:00,13.060627,46.282013,13.81,89.8
200000020,2026-03-01 02:22:00+00:00,12.687801,44.794842,13.07,103.1
200000021,2026-03-01 02:22:00+00:00,11.995176,44.187816,13.7,267.8
200000022,2026-03-01 02:22:00+00:00,12.755772,44.563088,15.28,259.4
200000023,2026-03-01 02:22:00+00:00,13.27896,45.41573,14.78,60.3
200000024,2026-03-01 02:22:00+00:00,12.634205,44.973081,12.07,279.3
200000025,2026-03-01 02:22:00+00:00,12.497043,44.422251,10.17,60.2
200000026,2026-03-01 02:22:00+00:00,12.184322,44.078905,14.34,260.4
200000027,2026-03-01 02:22:00+00:00,13.369418,44.594794,11.61,73.0
200000028,2026-03-01 02:22:00+00:00,12.999098,45.603215,14.02,61.5
200000029,2026-03-01 02:22:00+00:00,12.206577,45.582082,15.5,81.6
200000030,2026-03-01 02:22:00+00:00,12.131191,45.678777,11.94,88.0
200000031,2026-03-01 02:22:00+00:00,12.558996,46.442421,12.87,69.0
200000032,2026-03-01 02:22:00+00:00,12.734899,44.216724,10.65,253.2
200000033,2026-03-01 02:22:00+00:00,12.967192,44.271579,11.63,263.1
200000034,2026-03-01 02:22:00+00:00,12.202388,43.761075,11.7,286.8
200000035,2026-03-01 02:22:00+00:00,12.724524,46.026101,10.21,57.7
200000036,2026-03-01 02:22:00+00:00,13.018199,44.618823,9.99,52.4
200000037,2026-03-01 02:22:00+00:00,12.673369,45.076862,15.61,254.3
200000038,2026-03-01 02:22:00+00:00,12.880262,45.45244,0.64,215.4
200000039,2026-03-01 02:22:00+00:00,12.882354,45.454238,0.31,100.3
200000040,2026-03-01 02:22:00+00:00,13.037812,45.508631,13.22,288.1
200000001,2026-03-01 02:24:00+00:00,12.865561,43.652428,9.83,250.5
200000002,2026-03-01 02:24:00+00:00,12.746715,45.25471,14.03,256.4
200000003,2026-03-01 02:24:00+00:00,13.029016,45.252832,12.47,84.5
200000004,2026-03-01 02:24:00+00:00,12.487398,45.572156,9.68,271.1
200000005,2026-03-01 02:24:00+00:00,12.537202,46.491462,13.83,82.5
200000006,2026-03-01 02:24:00+00:00,13.08334,44.945842,10.0,90.4
200000007,2026-03-01 02:24:00+00:00,13.055493,44.7161,13.61,278.2
200000008,2026-03-01 02:24:00+00:00,12.971845,45.197466,15.34,254.8
200000009,2026-03-01 02:24:00+00:00,12.312983,44.51615,12.4,88.6
200000010,2026-03-01 02:24:00+00:00,12.276589,45.574351,9.73,88.5
200000011,2026-03-01 02:24:00+00:00,13.576291,44.743346,14.38,82.6
200000012,2026-03-01 02:24:00+00:00,12.581324,44.388996,12.32,254.9
200000013,2026-03-01 02:24:00+00:00,12.336736,44.918767,12.32,243.6
200000014,2026-03-01 02:24:00+00:00,13.159396,45.796124,11.37,92.8
200000015,2026-03-01 02:24:00+00:00,12.810526,45.018728,15.91,103.6
200000016,2026-03-01 02:24:00+00:00,12.448912,45.748329,10.22,70.1
200000017,2026-03-01 02:24:00+00:00,12.522061,46.088151,11.63,80.3
200000018,2026-03-01 02:24:00+00:00,12.450508,44.15122,9.22,248.8
200000019,2026-03-01 02:24:00+00:00,13.060673,46.289838,13.74,88.1
200000020,2026-03-01 02:24:00+00:00,12.686639,44.802221,13.24,92.8
200000021,2026-03-01 02:24:00+00:00,11.995159,44.180153,13.34,267.1
200000022,2026-03-01 02:24:00+00:00,12.754412,44.554559,15.2,261.4
200000023,2026-03-01 02:24:00+00:00,13.283271,45.423095,15.16,57.3
200000024,2026-03-01 02:24:00+00:00,12.635366,44.966212,12.28,282.7
200000025,2026-03-01 02:24:00+00:00,12.499721,44.427409,10.29,63.5
200000026,2026-03-01 02:24:00+00:00,12.183094,44.071045,14.08,258.0
200000027,2026-03-01 02:24:00+00:00,13.371175,44.601045,11.05,67.1
200000028,2026-03-01 02:24:00+00:00,13.002821,45.61031,14.15,65.8
200000029,2026-03-01 02:24:00+00:00,12.207818,45.590839,15.58,80.8
200000030,2026-03-01 02:24:00+00:00,12.131668,45.685395,11.81,84.7
200000031,2026-03-01 02:24:00+00:00,12.561723,46.449306,13.15,63.7
200000032,2026-03-01 02:24:00+00:00,12.733127,44.210973,10.71,253.1
200000033,2026-03-01 02:24:00+00:00,12.9664,44.265006,11.59,262.0
200000034,2026-03-01 02:24:00+00:00,12.204175,43.754649,11.74,283.8
200000035,2026-03-01 02:24:00+00:00,12.727815,46.030989,10.55,52.7
200000036,2026-03-01 02:24:00+00:00,13.021395,44.623486,10.08,54.1
200000037,2026-03-01 02:24:00+00:00,12.670967,45.068372,15.36,254.4
200000038,2026-03-01 02:24:00+00:00,12.879528,45.451337,0.71,150.9
200000039,2026-03-01 02:24:00+00:00,12.883651,45.455273,0.83,52.5
200000040,2026-03-01 02:24:00+00:00,13.039294,45.50491,6.92,244.9
200000001,2026-03-01 02:26:00+00:00,12.863833,43.647026,9.76,251.5
200000002,2026-03-01 02:26:00+00:00,12.745113,45.246904,14.27,260.4
200000003,2026-03-01 02:26:00+00:00,13.029887,45.2598,12.53,80.7
200000004,2026-03-01 02:26:00+00:00,12.487502,45.566515,9.92,270.5
200000005,2026-03-01 02:26:00+00:00,12.538066,46.499374,13.93,81.8
200000006,2026-03-01 02:26:00+00:00,13.083226,44.951451,10.03,93.4
200000007,2026-03-01 02:26:00+00:00,13.056786,44.708399,13.73,277.7
200000008,2026-03-01 02:26:00+00:00,12.969213,45.189148,15.22,253.9
200000009,2026-03-01 02:26:00+00:00,12.312891,44.523135,12.59,92.4
200000010,2026-03-01 02:26:00+00:00,12.276754,45.579825,9.76,89.5
200000011,2026-03-01 02:26:00+00:00,13.577084,44.751505,14.46,85.5
200000012,2026-03-01 02:26:00+00:00,12.579829,44.382145,12.5,257.5
200000013,2026-03-01 02:26:00+00:00,12.333595,44.912566,12.03,243.3
200000014,2026-03-01 02:26:00+00:00,13.158995,45.802544,11.31,95.1
200000015,2026-03-01 02:26:00+00:00,12.808738,45.027502,15.77,103.9
200000016,2026-03-01 02:26:00+00:00,12.450637,45.753749,10.04,70.9
200000017,2026-03-01 02:26:00+00:00,12.523043,46.094579,11.47,79.1
200000018,2026-03-01 02:26:00+00:00,12.448587,44.14638,9.24,249.5
200000019,2026-03-01 02:26:00+00:00,13.060901,46.29766,13.9,89.0
200000020,2026-03-01 02:26:00+00:00,12.685911,44.809659,12.99,98.1
200000021,2026-03-01 02:26:00+00:00,11.995142,44.17249,13.63,267.1
200000022,2026-03-01 02:26:00+00:00,12.753227,44.546003,15.34,262.4
200000023,2026-03-01 02:26:00+00:00,13.287779,45.430334,14.94,55.9
200000024,2026-03-01 02:26:00+00:00,12.63666,44.959368,12.45,280.4
200000025,2026-03-01 02:26:00+00:00,12.50242,44.432556,10.35,61.2
200000026,2026-03-01 02:26:00+00:00,12.182194,44.063139,14.08,261.1
200000027,2026-03-01 02:26:00+00:00,13.373051,44.60726,11.42,75.0
200000028,2026-03-01 02:26:00+00:00,13.006721,45.617304,14.34,63.2
200000029,2026-03-01 02:26:00+00:00,12.208854,45.599624,15.7,84.5
200000030,2026-03-01 02:26:00+00:00,12.132019,45.692021,11.67,85.7
200000031,2026-03-01 02:26:00+00:00,12.564325,46.456242,13.29,68.1
200000032,2026-03-01 02:26:00+00:00,12.731214,44.205269,10.46,250.0
200000033,2026-03-01 02:26:00+00:00,12.965512,44.258446,11.42,263.6
200000034,2026-03-01 02:26:00+00:00,12.20581,43.748181,11.47,284.0
200000035,2026-03-01 02:26:00+00:00,12.731199,46.035811,10.37,52.0
200000036,2026-03-01 02:26:00+00:00,13.024638,44.628115,10.32,54.5
200000037,2026-03-01 02:26:00+00:00,12.668525,45.059895,15.54,255.4
200000038,2026-03-01 02:26:00+00:00,12.879542,45.452872,1.1,94.0
200000039,2026-03-01 02:26:00+00:00,12.882899,45.454967,0.85,174.7
200000040,2026-03-01 02:26:00+00:00,13.034169,45.501616,6.7,211.2
200000001,2026-03-01 02:28:00+00:00,12.862045,43.641645,10.06,251.4
200000002,2026-03-01 02:28:00+00:00,12.743605,45.239078,13.92,258.2
200000003,2026-03-01 02:28:00+00:00,13.030784,45.266765,12.3,85.3
200000004,2026-03-01 02:28:00+00:00,12.487466,45.560873,10.04,271.1
200000005,2026-03-01 02:28:00+00:00,12.538923,46.507287,14.07,80.9
200000006,2026-03-01 02:28:00+00:00,13.083141,44.95706,9.52,92.0
200000007,2026-03-01 02:28:00+00:00,13.058218,44.700724,13.82,280.4
200000008,2026-03-01 02:28:00+00:00,12.966652,45.180808,15.35,254.0
200000009,2026-03-01 02:28:00+00:00,12.313014,44.530119,12.4,88.2
200000010,2026-03-01 02:28:00+00:00,12.277052,45.585292,9.64,84.6
200000011,2026-03-01 02:28:00+00:00,13.578047,44.759645,14.38,81.5
200000012,2026-03-01 02:28:00+00:00,12.578572,44.375245,12.14,257.7
200000013,2026-03-01 02:28:00+00:00,12.33054,44.906321,12.09,246.2
200000014,2026-03-01 02:28:00+00:00,13.158551,45.808962,11.5,92.3
200000015,2026-03-01 02:28:00+00:00,12.806804,45.036244,15.89,105.2
200000016,2026-03-01 02:28:00+00:00,12.452471,45.759132,9.82,70.6
200000017,2026-03-01 02:28:00+00:00,12.524112,46.100992,11.3,81.6
200000018,2026-03-01 02:28:00+00:00,12.446701,44.141524,9.04,246.1
200000019,2026-03-01 02:28:00+00:00,13.060875,46.305485,13.75,86.7
200000020,2026-03-01 02:28:00+00:00,12.685079,44.817086,13.02,95.6
200000021,2026-03-01 02:28:00+00:00,11.995022,44.164828,13.59,267.3
200000022,2026-03-01 02:28:00+00:00,12.752064,44.537444,15.16,261.5
200000023,2026-03-01 02:28:00+00:00,13.292008,45.437749,15.02,58.5
200000024,2026-03-01 02:28:00+00:00,12.637987,44.952531,12.18,282.3
200000025,2026-03-01 02:28:00+00:00,12.504922,44.437806,10.13,64.8
200000026,2026-03-01 02:28:00+00:00,12.181237,44.05524,13.99,265.0
200000027,2026-03-01 02:28:00+00:00,13.374704,44.613541,11.09,78.0
200000028,2026-03-01 02:28:00+00:00,13.010696,45.624254,14.14,55.2
200000029,2026-03-01 02:28:00+00:00,12.209457,45.608451,15.48,84.5
200000030,2026-03-01 02:28:00+00:00,12.132318,45.69865,12.08,87.1
200000031,2026-03-01 02:28:00+00:00,12.566858,46.463204,13.26,70.0
200000032,2026-03-01 02:28:00+00:00,12.729177,44.199612,10.36,248.9
200000033,2026-03-01 02:28:00+00:00,12.964872,44.251856,11.74,263.4
200000034,2026-03-01 02:28:00+00:00,12.207539,43.741738,11.94,286.2
200000035,2026-03-01 02:28:00+00:00,12.734603,46.040617,10.34,53.2
200000036,2026-03-01 02:28:00+00:00,13.027914,44.63272,10.1,52.9
200000037,2026-03-01 02:28:00+00:00,12.666106,45.051411,15.62,255.4
200000038,2026-03-01 02:28:00+00:00,12.879431,45.45239,0.32,259.1
200000039,2026-03-01 02:28:00+00:00,12.882584,45.455344,1.27,118.3
200000040,2026-03-01 02:28:00+00:00,13.032998,45.500863,9.22,215.4
200000001,2026-03-01 02:30:00+00:00,12.860402,43.636215,9.83,255.9
200000002,2026-03-01 02:30:00+00:00,12.742188,45.231234,14.08,259.6
200000003,2026-03-01 02:30:00+00:00,13.031587,45.273742,12.26,85.9
200000004,2026-03-01 02:30:00+00:00,12.487662,45.555234,9.83,268.7
200000005,2026-03-01 02:30:00+00:00,12.539781,46.5152,13.76,86.2
200000006,2026-03-01 02:30:00+00:00,13.082989,44.962668,9.81,93.6
200000007,2026-03-01 02:30:00+00:00,13.05955,44.693029,13.58,278.6
200000008,2026-03-01 02:30:00+00:00,12.964003,45.172496,15.38,248.6
200000009,2026-03-01 02:30:00+00:00,12.312936,44.537104,12.35,89.4
200000010,2026-03-01 02:30:00+00:00,12.277081,45.590768,9.64,87.3
200000011,2026-03-01 02:30:00+00:00,13.578934,44.767794,14.16,81.3
200000012,2026-03-01 02:30:00+00:00,12.577442,44.368321,12.16,261.6
200000013,2026-03-01 02:30:00+00:00,12.327422,44.900108,12.1,246.1
200000014,2026-03-01 02:30:00+00:00,13.158069,45.815376,11.15,96.2
200000015,2026-03-01 02:30:00+00:00,12.804473,45.044883,15.7,104.6
200000016,2026-03-01 02:30:00+00:00,12.454454,45.76446,9.88,70.3
200000017,2026-03-01 02:30:00+00:00,12.524971,46.107439,11.35,84.7
200000018,2026-03-01 02:30:00+00:00,12.444694,44.136721,9.22,246.2
200000019,2026-03-01 02:30:00+00:00,13.060904,46.31331,13.52,93.8
200000020,2026-03-01 02:30:00+00:00,12.684544,44.824541,13.01,97.2
200000021,2026-03-01 02:30:00+00:00,11.994654,44.157173,13.62,272.1
200000022,2026-03-01 02:30:00+00:00,12.751071,44.528862,15.01,265.9
200000023,2026-03-01 02:30:00+00:00,13.296027,45.445287,15.02,58.8
200000024,2026-03-01 02:30:00+00:00,12.639217,44.945674,12.09,278.9
200000025,2026-03-01 02:30:00+00:00,12.507339,44.443098,10.19,66.5
200000026,2026-03-01 02:30:00+00:00,12.18039,44.047328,14.03,262.9
200000027,2026-03-01 02:30:00+00:00,13.376104,44.619886,11.5,76.3
200000028,2026-03-01 02:30:00+00:00,13.014813,45.631115,14.41,57.7
200000029,2026-03-01 02:30:00+00:00,12.210244,45.617263,15.64,87.6
200000030,2026-03-01 02:30:00+00:00,12.132539,45.705282,11.43,91.1
200000031,2026-03-01 02:30:00+00:00,12.569313,46.470197,13.06,69.5
200000032,2026-03-01 02:30:00+00:00,12.727181,44.193938,10.73,250.1
200000033,2026-03-01 02:30:00+00:00,12.964437,44.245248,11.58,267.4
200000034,2026-03-01 02:30:00+00:00,12.209297,43.735303,11.81,282.8
200000035,2026-03-01 02:30:00+00:00,12.738212,46.045264,10.77,51.0
200000036,2026-03-01 02:30:00+00:00,13.031344,44.637205,10.01,52.3
200000037,2026-03-01 02:30:00+00:00,12.663548,45.04297,15.59,254.5
200000038,2026-03-01 02:30:00+00:00,12.879485,45.452557,0.76,33.2
200000039,2026-03-01 02:30:00+00:00,12.88239,45.455992,0.67,285.4
200000040,2026-03-01 02:30:00+00:00,13.025596,45.496106,12.75,211.7
200000001,2026-03-01 02:32:00+00:00,12.858937,43.630732,10.02,254.9
200000002,2026-03-01 02:32:00+00:00,12.740952,45.223358,13.89,261.9
200000003,2026-03-01 02:32:00+00:00,13.031883,45.28076,12.15,92.0
200000004,2026-03-01 02:32:00+00:00,12.487636,45.549592,9.64,268.7
200000005,2026-03-01 02:32:00+00:00,12.540487,46.523129,14.09,83.2
200000006,2026-03-01 02:32:00+00:00,13.082991,44.968278,9.72,92.2
200000007,2026-03-01 02:32:00+00:00,13.06082,44.685324,13.42,278.8
200000008,2026-03-01 02:32:00+00:00,12.96126,45.164216,15.58,248.8
200000009,2026-03-01 02:32:00+00:00,12.312881,44.544089,12.47,91.9
200000010,2026-03-01 02:32:00+00:00,12.277009,45.596244,9.51,90.1
200000011,2026-03-01 02:32:00+00:00,13.579568,44.775967,14.25,87.7
200000012,2026-03-01 02:32:00+00:00,12.576327,44.361395,12.2,258.6
200000013,2026-03-01 02:32:00+00:00,12.324601,44.893748,12.14,246.1
200000014,2026-03-01 02:32:00+00:00,13.15775,45.821801,11.13,87.8
200000015,2026-03-01 02:32:00+00:00,12.802421,45.053597,15.93,101.9
200000016,2026-03-01 02:32:00+00:00,12.456248,45.769857,9.92,69.8
200000017,2026-03-01 02:32:00+00:00,12.525662,46.113906,11.29,86.6
200000018,2026-03-01 02:32:00+00:00,12.442516,44.131996,9.18,245.8
200000019,2026-03-01 02:32:00+00:00,13.060888,46.321135,13.57,90.7
200000020,2026-03-01 02:32:00+00:00,12.683996,44.831995,13.47,94.5
200000021,2026-03-01 02:32:00+00:00,11.994717,44.14951,13.68,274.4
200000022,2026-03-01 02:32:00+00:00,12.750459,44.520243,15.19,262.1
200000023,2026-03-01 02:32:00+00:00,13.300355,45.452642,15.03,57.4
200000024,2026-03-01 02:32:00+00:00,12.640523,44.938832,12.09,279.3
200000025,2026-03-01 02:32:00+00:00,12.509777,44.448379,10.39,64.7
200000026,2026-03-01 02:32:00+00:00,12.179492,44.039421,13.94,264.0
200000027,2026-03-01 02:32:00+00:00,13.377775,44.626162,11.59,76.6
200000028,2026-03-01 02:32:00+00:00,13.018992,45.637938,14.43,55.8
200000029,2026-03-01 02:32:00+00:00,12.210901,45.626086,15.52,86.5
200000030,2026-03-01 02:32:00+00:00,12.132816,45.711912,11.63,87.4
200000031,2026-03-01 02:32:00+00:00,12.571776,46.477186,12.57,68.2
200000032,2026-03-01 02:32:00+00:00,12.725512,44.188155,10.2,255.6
200000033,2026-03-01 02:32:00+00:00,12.964077,44.238636,11.77,268.1
200000034,2026-03-01 02:32:00+00:00,12.210683,43.728774,11.79,281.0
200000035,2026-03-01 02:32:00+00:00,12.741847,46.04989,10.34,52.0
200000036,2026-03-01 02:32:00+00:00,13.034814,44.641657,10.18,51.4
200000037,2026-03-01 02:32:00+00:00,12.661083,45.034499,15.63,253.3
200000038,2026-03-01 02:32:00+00:00,12.879904,45.452698,0.64,345.3
200000039,2026-03-01 02:32:00+00:00,12.882816,45.454526,0.75,210.1
200000040,2026-03-01 02:32:00+00:00,13.021126,45.493234,11.4,152.4
200000001,2026-03-01 02:34:00+00:00,12.857248,43.625317,10.3,249.8
200000002,2026-03-01 02:34:00+00:00,12.739887,45.215456,14.0,262.4
200000003,2026-03-01 02:34:00+00:00,13.032065,45.287783,12.36,90.6
200000004,2026-03-01 02:34:00+00:00,12.487564,45.543951,9.92,270.7
200000005,2026-03-01 02:34:00+00:00,12.541385,46.531037,14.33,79.3
200000006,2026-03-01 02:34:00+00:00,13.082803,44.973885,9.76,92.0
200000007,2026-03-01 02:34:00+00:00,13.062163,44.677632,13.36,278.7
200000008,2026-03-01 02:34:00+00:00,12.958518,45.155937,15.22,251.3
200000009,2026-03-01 02:34:00+00:00,12.31289,44.551075,12.3,92.1
200000010,2026-03-01 02:34:00+00:00,12.277151,45.601718,9.51,87.2
200000011,2026-03-01 02:34:00+00:00,13.579903,44.78416,14.45,84.6
200000012,2026-03-01 02:34:00+00:00,12.575143,44.354481,12.28,261.1
200000013,2026-03-01 02:34:00+00:00,12.321781,44.887389,12.31,247.6
200000014,2026-03-01 02:34:00+00:00,13.157394,45.828225,11.17,91.4
200000015,2026-03-01 02:34:00+00:00,12.800691,45.062383,15.66,102.7
200000016,2026-03-01 02:34:00+00:00,12.458078,45.775242,10.01,70.8
200000017,2026-03-01 02:34:00+00:00,12.52649,46.120357,11.38,84.3
200000018,2026-03-01 02:34:00+00:00,12.440353,44.127264,9.42,247.9
200000019,2026-03-01 02:34:00+00:00,13.060975,46.32896,13.53,88.8
200000020,2026-03-01 02:34:00+00:00,12.683374,44.839443,13.25,98.0
200000021,2026-03-01 02:34:00+00:00,11.994946,44.141851,13.43,270.6
200000022,2026-03-01 02:34:00+00:00,12.74968,44.511639,15.2,265.1
200000023,2026-03-01 02:34:00+00:00,13.304813,45.459915,15.2,60.2
200000024,2026-03-01 02:34:00+00:00,12.641757,44.931976,12.16,283.3
200000025,2026-03-01 02:34:00+00:00,12.512305,44.453617,10.22,56.5
200000026,2026-03-01 02:34:00+00:00,12.178961,44.03148,13.71,265.4
200000027,2026-03-01 02:34:00+00:00,13.379695,44.632363,11.39,74.5
200000028,2026-03-01 02:34:00+00:00,13.022927,45.644911,14.19,59.9
200000029,2026-03-01 02:34:00+00:00,12.211429,45.634918,15.48,84.2
200000030,2026-03-01 02:34:00+00:00,12.133087,45.718543,11.86,88.7
200000031,2026-03-01 02:34:00+00:00,12.573942,46.484278,13.12,72.0
200000032,2026-03-01 02:34:00+00:00,12.724024,44.18232,10.7,258.5
200000033,2026-03-01 02:34:00+00:00,12.963771,44.232021,11.61,268.5
200000034,2026-03-01 02:34:00+00:00,12.211923,43.722214,11.7,279.4
200000035,2026-03-01 02:34:00+00:00,12.745234,46.054709,10.25,52.2
200000036,2026-03-01 02:34:00+00:00,13.038323,44.646077,10.0,53.0
200000037,2026-03-01 02:34:00+00:00,12.658649,45.026019,15.74,250.1
200000038,2026-03-01 02:34:00+00:00,12.880065,45.452418,0.59,199.0
200000039,2026-03-01 02:34:00+00:00,12.881752,45.455615,0.65,112.6
200000040,2026-03-01 02:34:00+00:00,13.013972,45.501471,15.8,129.7
200000001,2026-03-01 02:36:00+00:00,12.855503,43.619921,10.2,251.7
200000002,2026-03-01 02:36:00+00:00,12.738831,45.207553,14.11,257.7
200000003,2026-03-01 02:36:00+00:00,13.032206,45.294807,12.36,87.7
200000004,2026-03-01 02:36:00+00:00,12.487411,45.538311,9.86,274.4
200000005,2026-03-01 02:36:00+00:00,12.542474,46.53892,14.26,82.0
200000006,2026-03-01 02:36:00+00:00,13.082767,44.979494,9.99,91.2
200000007,2026-03-01 02:36:00+00:00,13.063358,44.669913,13.63,277.5
200000008,2026-03-01 02:36:00+00:00,12.955755,45.147665,15.14,253.5
200000009,2026-03-01 02:36:00+00:00,12.31304,44.558058,12.27,90.4
200000010,2026-03-01 02:36:00+00:00,12.277264,45.607192,9.72,92.5
200000011,2026-03-01 02:36:00+00:00,13.580299,44.79235,14.29,86.7
200000012,2026-03-01 02:36:00+00:00,12.574005,44.347558,12.46,261.7
200000013,2026-03-01 02:36:00+00:00,12.318661,44.881177,12.19,245.0
200000014,2026-03-01 02:36:00+00:00,13.157205,45.834655,10.94,89.4
200000015,2026-03-01 02:36:00+00:00,12.79876,45.071125,15.78,102.8
200000016,2026-03-01 02:36:00+00:00,12.459938,45.780616,10.1,69.8
200000017,2026-03-01 02:36:00+00:00,12.527098,46.126833,11.47,82.9
200000018,2026-03-01 02:36:00+00:00,12.43822,44.122518,9.08,245.4
200000019,2026-03-01 02:36:00+00:00,13.061217,46.336781,13.58,89.1
200000020,2026-03-01 02:36:00+00:00,12.682657,44.846882,13.0,96.5
200000021,2026-03-01 02:36:00+00:00,11.995143,44.13419,13.66,268.6
200000022,2026-03-01 02:36:00+00:00,12.748772,44.503047,15.11,265.4
200000023,2026-03-01 02:36:00+00:00,13.309047,45.467327,15.4,57.6
200000024,2026-03-01 02:36:00+00:00,12.643274,44.92518,12.21,283.0
200000025,2026-03-01 02:36:00+00:00,12.515057,44.458734,10.23,60.0
200000026,2026-03-01 02:36:00+00:00,12.178001,44.023582,14.15,265.8
200000027,2026-03-01 02:36:00+00:00,13.381799,44.6385,11.29,69.2
200000028,2026-03-01 02:36:00+00:00,13.026714,45.651971,14.28,63.5
200000029,2026-03-01 02:36:00+00:00,12.211592,45.643765,15.49,88.7
200000030,2026-03-01 02:36:00+00:00,12.13319,45.725178,11.56,90.7
200000031,2026-03-01 02:36:00+00:00,12.576295,46.491307,13.05,72.0
200000032,2026-03-01 02:36:00+00:00,12.722641,44.176459,10.45,258.8
200000033,2026-03-01 02:36:00+00:00,12.96375,44.225398,11.78,270.3
200000034,2026-03-01 02:36:00+00:00,12.213028,43.715629,11.97,284.1
200000035,2026-03-01 02:36:00+00:00,12.748621,46.059528,10.53,54.8
200000036,2026-03-01 02:36:00+00:00,13.041761,44.650556,9.97,49.6
200000037,2026-03-01 02:36:00+00:00,12.656018,45.017602,15.48,252.9
200000038,2026-03-01 02:36:00+00:00,12.879343,45.452514,1.25,197.1
200000039,2026-03-01 02:36:00+00:00,12.882493,45.455326,0.88,348.4
200000040,2026-03-01 02:36:00+00:00,13.009599,45.506506,15.9,130.7
200000001,2026-03-01 02:38:00+00:00,12.853595,43.614583,9.9,249.2
200000002,2026-03-01 02:38:00+00:00,12.737647,45.199669,13.97,260.4
200000003,2026-03-01 02:38:00+00:00,13.032059,45.301831,12.5,90.3
200000004,2026-03-01 02:38:00+00:00,12.48751,45.53267,9.9,269.3
200000005,2026-03-01 02:38:00+00:00,12.543531,46.546808,14.0,83.0
200000006,2026-03-01 02:38:00+00:00,13.082684,44.985104,9.81,94.9
200000007,2026-03-01 02:38:00+00:00,13.064473,44.662183,13.61,277.9
200000008,2026-03-01 02:38:00+00:00,12.953015,45.139385,15.38,254.4
200000009,2026-03-01 02:38:00+00:00,12.313301,44.565038,12.27,89.1
200000010,2026-03-01 02:38:00+00:00,12.27742,45.612666,9.55,91.3
200000011,2026-03-01 02:38:00+00:00,13.580759,44.800536,14.1,89.6
200000012,2026-03-01 02:38:00+00:00,12.572574,44.340694,12.28,260.3
200000013,2026-03-01 02:38:00+00:00,12.315328,44.875083,12.22,243.8
200000014,2026-03-01 02:38:00+00:00,13.156999,45.841086,11.16,90.7
200000015,2026-03-01 02:38:00+00:00,12.796674,45.07983,15.59,102.8
200000016,2026-03-01 02:38:00+00:00,12.461778,45.785997,9.98,71.5
200000017,2026-03-01 02:38:00+00:00,12.52765,46.133314,11.75,86.7
200000018,2026-03-01 02:38:00+00:00,12.436212,44.117715,9.06,247.3
200000019,2026-03-01 02:38:00+00:00,13.061493,46.344601,13.58,84.3
200000020,2026-03-01 02:38:00+00:00,12.681797,44.854305,13.2,97.6
200000021,2026-03-01 02:38:00+00:00,11.995376,44.12653,13.68,268.2
200000022,2026-03-01 02:38:00+00:00,12.748001,44.494442,15.12,264.9
200000023,2026-03-01 02:38:00+00:00,13.313304,45.474726,15.12,58.4
200000024,2026-03-01 02:38:00+00:00,12.645047,44.91845,12.09,283.4
200000025,2026-03-01 02:38:00+00:00,12.51777,44.463873,10.22,61.7
200000026,2026-03-01 02:38:00+00:00,12.177037,44.015684,13.83,262.3
200000027,2026-03-01 02:38:00+00:00,13.383949,44.64462,11.36,70.0
200000028,2026-03-01 02:38:00+00:00,13.030508,45.659027,14.03,60.1
200000029,2026-03-01 02:38:00+00:00,12.211783,45.652612,15.47,89.8
200000030,2026-03-01 02:38:00+00:00,12.133129,45.731814,11.54,86.3
200000031,2026-03-01 02:38:00+00:00,12.578593,46.498355,12.94,69.4
200000032,2026-03-01 02:38:00+00:00,12.72142,44.170559,10.53,254.8
200000033,2026-03-01 02:38:00+00:00,12.963793,44.218776,11.63,270.2
200000034,2026-03-01 02:38:00+00:00,12.214204,43.709057,11.78,280.4
200000035,2026-03-01 02:38:00+00:00,12.752079,46.064294,10.38,52.7
200000036,2026-03-01 02:38:00+00:00,13.045222,44.655017,10.0,53.1
200000037,2026-03-01 02:38:00+00:00,12.653468,45.009159,15.74,253.8
200000038,2026-03-01 02:38:00+00:00,12.879025,45.45205,1.04,16.3
200000039,2026-03-01 02:38:00+00:00,12.882955,45.455331,0.36,324.6
200000040,2026-03-01 02:38:00+00:00,13.002257,45.514959,10.88,133.2
200000001,2026-03-01 02:40:00+00:00,12.851766,43.609217,9.84,248.9
200000002,2026-03-01 02:40:00+00:00,12.736511,45.191778,13.87,263.1
200000003,2026-03-01 02:40:00+00:00,13.032016,45.308856,12.36,90.6
200000004,2026-03-01 02:40:00+00:00,12.487463,45.527028,9.97,268.4
200000005,2026-03-01 02:40:00+00:00,12.544498,46.554708,13.75,82.0
200000006,2026-03-01 02:40:00+00:00,13.082563,44.990712,9.76,90.6
200000007,2026-03-01 02:40:00+00:00,13.065894,44.654505,13.89,283.1
200000008,2026-03-01 02:40:00+00:00,12.950314,45.131091,15.38,251.5
200000009,2026-03-01 02:40:00+00:00,12.313337,44.572024,12.32,92.0
200000010,2026-03-01 02:40:00+00:00,12.277647,45.618137,9.49,83.6
200000011,2026-03-01 02:40:00+00:00,13.58102,44.808731,14.18,89.1
200000012,2026-03-01 02:40:00+00:00,12.571224,44.333812,12.21,262.2
200000013,2026-03-01 02:40:00+00:00,12.311906,44.869041,12.24,237.5
200000014,2026-03-01 02:40:00+00:00,13.156758,45.847514,11.36,95.6
200000015,2026-03-01 02:40:00+00:00,12.794442,45.088496,15.34,108.7
200000016,2026-03-01 02:40:00+00:00,12.463608,45.791382,9.96,71.7
200000017,2026-03-01 02:40:00+00:00,12.528021,46.139809,11.53,85.3
200000018,2026-03-01 02:40:00+00:00,12.434337,44.112856,9.36,245.7
200000019,2026-03-01 02:40:00+00:00,13.061948,46.352412,13.83,86.2
200000020,2026-03-01 02:40:00+00:00,12.681233,44.861757,13.14,94.8
200000021,2026-03-01 02:40:00+00:00,11.995257,44.118868,13.5,269.7
200000022,2026-03-01 02:40:00+00:00,12.747169,44.485842,15.33,262.5
200000023,2026-03-01 02:40:00+00:00,13.317914,45.481899,15.07,58.8
200000024,2026-03-01 02:40:00+00:00,12.646633,44.91167,12.39,284.2
200000025,2026-03-01 02:40:00+00:00,12.520484,44.469012,9.98,59.3
200000026,2026-03-01 02:40:00+00:00,12.175978,44.007798,14.02,264.1
200000027,2026-03-01 02:40:00+00:00,13.386045,44.65076,10.97,67.9
200000028,2026-03-01 02:40:00+00:00,13.034266,45.666103,13.85,60.7
200000029,2026-03-01 02:40:00+00:00,12.212018,45.661457,15.61,90.4
200000030,2026-03-01 02:40:00+00:00,12.133284,45.738448,11.72,89.9
200000031,2026-03-01 02:40:00+00:00,12.581017,46.505359,13.27,68.0
200000032,2026-03-01 02:40:00+00:00,12.720197,44.16466,10.64,253.5
200000033,2026-03-01 02:40:00+00:00,12.964262,44.21217,11.47,276.8
200000034,2026-03-01 02:40:00+00:00,12.215237,43.70246,11.75,276.9
200000035,2026-03-01 02:40:00+00:00,12.755572,46.069034,10.54,56.0
200000036,2026-03-01 02:40:00+00:00,13.048575,44.659563,10.18,51.6
200000037,2026-03-01 02:40:00+00:00,12.650976,45.000697,15.55,251.2
200000038,2026-03-01 02:40:00+00:00,12.880531,45.45287,0.39,38.2
200000039,2026-03-01 02:40:00+00:00,12.883039,45.454924,0.11,317.0
200000040,2026-03-01 02:40:00+00:00,13.001411,45.515932,8.15,86.1
200000001,2026-03-01 02:42:00+00:00,12.849635,43.603969,10.03,249.6
200000002,2026-03-01 02:42:00+00:00,12.735603,45.183855,13.82,261.5
200000003,2026-03-01 02:42:00+00:00,13.031959,45.315881,12.54,92.0
200000004,2026-03-01 02:42:00+00:00,12.487575,45.521387,9.95,268.0
200000005,2026-03-01 02:42:00+00:00,12.54563,46.562585,13.82,82.4
200000006,2026-03-01 02:42:00+00:00,13.082492,44.996322,9.81,90.1
200000007,2026-03-01 02:42:00+00:00,13.067169,44.6468,13.68,281.5
200000008,2026-03-01 02:42:00+00:00,12.948162,45.12263,15.22,258.5
200000009,2026-03-01 02:42:00+00:00,12.312967,44.578999,12.19,91.2
200000010,2026-03-01 02:42:00+00:00,12.27786,45.623608,9.85,86.9
200000011,2026-03-01 02:42:00+00:00,13.581032,44.816931,14.09,88.8
200000012,2026-03-01 02:42:00+00:00,12.569896,44.326925,12.43,259.6
200000013,2026-03-01 02:42:00+00:00,12.308612,44.862924,12.08,245.8
200000014,2026-03-01 02:42:00+00:00,13.156178,45.85392,11.29,94.5
200000015,2026-03-01 02:42:00+00:00,12.792201,45.09716,15.89,104.8
200000016,2026-03-01 02:42:00+00:00,12.465279,45.796821,9.93,71.7
200000017,2026-03-01 02:42:00+00:00,12.528558,46.146292,11.48,86.3
200000018,2026-03-01 02:42:00+00:00,12.432351,44.108043,9.06,247.8
200000019,2026-03-01 02:42:00+00:00,13.062479,46.360218,13.67,86.3
200000020,2026-03-01 02:42:00+00:00,12.680581,44.869202,13.1,93.7
200000021,2026-03-01 02:42:00+00:00,11.995025,44.111208,13.35,269.4
200000022,2026-03-01 02:42:00+00:00,12.745929,44.477295,14.9,263.5
200000023,2026-03-01 02:42:00+00:00,13.322475,45.489104,15.17,57.0
200000024,2026-03-01 02:42:00+00:00,12.648339,44.904921,12.25,288.5
200000025,2026-03-01 02:42:00+00:00,12.523433,44.474012,10.35,58.2
200000026,2026-03-01 02:42:00+00:00,12.174994,43.999903,13.89,262.4
200000027,2026-03-01 02:42:00+00:00,13.388154,44.656896,11.3,72.5
200000028,2026-03-01 02:42:00+00:00,13.037902,45.673246,14.25,65.9
200000029,2026-03-01 02:42:00+00:00,12.212389,45.670298,15.79,88.8
200000030,2026-03-01 02:42:00+00:00,12.13341,45.745083,11.56,88.2
200000031,2026-03-01 02:42:00+00:00,12.583366,46.512389,13.25,68.0
200000032,2026-03-01 02:42:00+00:00,12.718953,44.158766,10.33,260.0
200000033,2026-03-01 02:42:00+00:00,12.964717,44.205564,11.75,275.4
200000034,2026-03-01 02:42:00+00:00,12.216317,43.69587,11.81,280.2
200000035,2026-03-01 02:42:00+00:00,12.759083,46.07376,10.33,51.5
200000036,2026-03-01 02:42:00+00:00,13.052133,44.663941,9.76,49.1
200000038,2026-03-01 02:42:00+00:00,12.879384,45.45235,0.54,206.1
200000039,2026-03-01 02:42:00+00:00,12.883138,45.455146,0.56,103.7
200000040,2026-03-01 02:42:00+00:00,13.002869,45.523814,8.88,81.0
200000001,2026-03-01 02:44:00+00:00,12.84786,43.598583,9.84,248.9
200000002,2026-03-01 02:44:00+00:00,12.734606,45.175944,13.9,261.3
200000003,2026-03-01 02:44:00+00:00,13.032049,45.322906,12.44,89.9
200000004,2026-03-01 02:44:00+00:00,12.487876,45.515754,10.02,273.1
200000005,2026-03-01 02:44:00+00:00,12.546299,46.570517,13.87,86.8
200000006,2026-03-01 02:44:00+00:00,13.082378,45.00193,9.7,87.4
200000007,2026-03-01 02:44:00+00:00,13.068342,44.639078,13.65,280.1
200000008,2026-03-01 02:44:00+00:00,12.946338,45.114089,15.3,256.0
200000009,2026-03-01 02:44:00+00:00,12.312486,44.585967,12.46,94.1
200000010,2026-03-01 02:44:00+00:00,12.277994,45.629083,10.02,85.0
200000011,2026-03-01 02:44:00+00:00,13.580846,44.825129,14.63,87.7
200000012,2026-03-01 02:44:00+00:00,12.568625,44.320028,12.09,260.4
200000013,2026-03-01 02:44:00+00:00,12.305867,44.85653,12.39,246.4
200000014,2026-03-01 02:44:00+00:00,13.155649,45.860331,11.27,96.9
200000015,2026-03-01 02:44:00+00:00,12.790222,45.105891,15.67,100.5
200000016,2026-03-01 02:44:00+00:00,12.46708,45.802216,10.14,71.0
200000017,2026-03-01 02:44:00+00:00,12.529163,46.152769,11.66,84.8
200000018,2026-03-01 02:44:00+00:00,12.430296,44.103261,9.24,250.0
200000019,2026-03-01 02:44:00+00:00,13.06335,46.367992,13.81,82.7
200000020,2026-03-01 02:44:00+00:00,12.679963,44.876651,13.26,95.8
200000021,2026-03-01 02:44:00+00:00,11.994822,44.103548,13.45,268.3
200000022,2026-03-01 02:44:00+00:00,12.744615,44.468759,14.9,263.1
200000023,2026-03-01 02:44:00+00:00,13.326689,45.49653,14.97,64.1
200000024,2026-03-01 02:44:00+00:00,12.649859,44.898126,12.12,278.0
200000025,2026-03-01 02:44:00+00:00,12.52648,44.478952,10.32,52.9
200000026,2026-03-01 02:44:00+00:00,12.173628,43.992067,14.09,262.1
200000027,2026-03-01 02:44:00+00:00,13.390123,44.66308,11.66,72.3
200000028,2026-03-01 02:44:00+00:00,13.041202,45.680559,13.99,67.2
200000029,2026-03-01 02:44:00+00:00,12.21288,45.679132,15.57,88.7
200000030,2026-03-01 02:44:00+00:00,12.133554,45.751717,11.47,91.1
200000031,2026-03-01 02:44:00+00:00,12.585959,46.519329,13.34,71.2
200000032,2026-03-01 02:44:00+00:00,12.718057,44.152805,10.5,257.9
200000033,2026-03-01 02:44:00+00:00,12.965143,44.198956,11.68,275.1
200000034,2026-03-01 02:44:00+00:00,12.217662,43.689332,11.69,281.5
200000035,2026-03-01 02:44:00+00:00,12.762624,46.078462,10.67,53.6
200000036,2026-03-01 02:44:00+00:00,13.055621,44.668379,10.08,51.0
200000038,2026-03-01 02:44:00+00:00,12.880104,45.452624,0.48,58.6
200000039,2026-03-01 02:44:00+00:00,12.882867,45.45553,0.26,148.4
200000040,2026-03-01 02:44:00+00:00,13.003249,45.525872,8.83,80.6
200000001,2026-03-01 02:46:00+00:00,12.84619,43.593162,9.96,254.1
200000002,2026-03-01 02:46:00+00:00,12.733066,45.168125,14.06,256.9
200000003,2026-03-01 02:46:00+00:00,13.031986,45.329931,12.24,90.0
200000004,2026-03-01 02:46:00+00:00,12.488153,45.510119,9.95,273.5
200000005,2026-03-01 02:46:00+00:00,12.547107,46.578436,14.06,85.4
200000006,2026-03-01 02:46:00+00:00,13.082378,45.00754,9.62,91.4
200000007,2026-03-01 02:46:00+00:00,13.070005,44.631452,13.57,282.4
200000008,2026-03-01 02:46:00+00:00,12.944476,45.105556,15.3,259.4
200000009,2026-03-01 02:46:00+00:00,12.312141,44.592943,12.23,97.4
200000010,2026-03-01 02:46:00+00:00,12.278224,45.634554,9.45,85.7
200000011,2026-03-01 02:46:00+00:00,13.581092,44.833325,14.34,90.2
200000012,2026-03-01 02:46:00+00:00,12.56715,44.313173,12.26,256.7
200000013,2026-03-01 02:46:00+00:00,12.303404,44.850017,12.28,249.9
200000014,2026-03-01 02:46:00+00:00,13.154704,45.866691,11.29,99.8
200000015,2026-03-01 02:46:00+00:00,12.788202,45.114611,15.83,100.1
200000016,2026-03-01 02:46:00+00:00,12.469195,45.80749,10.14,69.7
200000017,2026-03-01 02:46:00+00:00,12.529692,46.159252,11.6,85.6
200000018,2026-03-01 02:46:00+00:00,12.428263,44.098469,9.12,243.8
200000019,2026-03-01 02:46:00+00:00,13.064281,46.375759,13.5,87.2
200000020,2026-03-01 02:46:00+00:00,12.679411,44.884104,13.3,95.3
200000021,2026-03-01 02:46:00+00:00,11.994731,44.095885,13.67,268.2
200000022,2026-03-01 02:46:00+00:00,12.743473,44.460197,15.17,261.0
200000023,2026-03-01 02:46:00+00:00,13.330658,45.504096,15.04,62.8
200000024,2026-03-01 02:46:00+00:00,12.651184,44.891288,12.42,279.3
200000025,2026-03-01 02:46:00+00:00,12.529707,44.483769,10.39,55.2
200000026,2026-03-01 02:46:00+00:00,12.172337,43.984218,13.65,261.9
200000027,2026-03-01 02:46:00+00:00,13.392014,44.66929,11.44,73.9
200000028,2026-03-01 02:46:00+00:00,13.044566,45.687841,14.02,65.6
200000029,2026-03-01 02:46:00+00:00,12.213261,45.687973,15.64,86.4
200000030,2026-03-01 02:46:00+00:00,12.133597,45.758353,11.51,85.0
200000031,2026-03-01 02:46:00+00:00,12.588533,46.526277,13.1,70.8
200000032,2026-03-01 02:46:00+00:00,12.717236,44.146833,10.97,264.8
200000033,2026-03-01 02:46:00+00:00,12.965317,44.192335,11.55,271.3
200000034,2026-03-01 02:46:00+00:00,12.218733,43.682741,11.61,280.5
200000035,2026-03-01 02:46:00+00:00,12.766339,46.08302,10.3,49.8
200000036,2026-03-01 02:46:00+00:00,13.059123,44.672806,10.2,53.6
200000038,2026-03-01 02:46:00+00:00,12.879673,45.452886,1.17,335.6
200000039,2026-03-01 02:46:00+00:00,12.883023,45.455226,0.39,240.9
200000040,2026-03-01 02:46:00+00:00,13.004745,45.533959,8.82,81.2
200000001,2026-03-01 02:48:00+00:00,12.844642,43.587703,9.86,257.9
200000002,2026-03-01 02:48:00+00:00,12.731365,45.160341,13.88,258.8
200000003,2026-03-01 02:48:00+00:00,13.03178,45.336953,12.43,89.0
200000004,2026-03-01 02:48:00+00:00,12.488497,45.504488,9.72,270.6
200000005,2026-03-01 02:48:00+00:00,12.547669,46.586376,14.14,86.4
200000006,2026-03-01 02:48:00+00:00,13.082432,45.01315,9.84,89.2
200000007,2026-03-01 02:48:00+00:00,13.071253,44.623742,13.79,276.0
200000008,2026-03-01 02:48:00+00:00,12.942619,45.097022,15.34,255.2
200000009,2026-03-01 02:48:00+00:00,12.311814,44.599921,12.41,96.0
200000010,2026-03-01 02:48:00+00:00,12.278537,45.64002,9.34,86.7
200000011,2026-03-01 02:48:00+00:00,13.581301,44.841522,14.4,85.8
200000012,2026-03-01 02:48:00+00:00,12.565758,44.3063,12.21,257.2
200000013,2026-03-01 02:48:00+00:00,12.300948,44.843502,12.35,247.5
200000014,2026-03-01 02:48:00+00:00,13.153813,45.873059,11.2,96.6
200000015,2026-03-01 02:48:00+00:00,12.786407,45.123383,15.73,104.1
200000016,2026-03-01 02:48:00+00:00,12.471385,45.812732,10.04,68.2
200000017,2026-03-01 02:48:00+00:00,12.530093,46.165746,11.74,85.9
200000018,2026-03-01 02:48:00+00:00,12.42615,44.093714,9.23,248.3
200000019,2026-03-01 02:48:00+00:00,13.064881,46.38356,13.45,82.7
200000020,2026-03-01 02:48:00+00:00,12.679012,44.891568,13.08,91.3
200000021,2026-03-01 02:48:00+00:00,11.99464,44.088222,13.64,271.8
200000022,2026-03-01 02:48:00+00:00,12.74199,44.45169,14.85,260.0
200000023,2026-03-01 02:48:00+00:00,13.334442,45.511763,14.83,62.1
200000024,2026-03-01 02:48:00+00:00,12.652443,44.884436,12.38,280.8
200000025,2026-03-01 02:48:00+00:00,12.533004,44.488537,10.23,52.8
200000026,2026-03-01 02:48:00+00:00,12.17106,43.976367,13.93,264.3
200000027,2026-03-01 02:48:00+00:00,13.393971,44.675479,11.65,72.9
200000028,2026-03-01 02:48:00+00:00,13.047853,45.695161,14.16,64.2
200000029,2026-03-01 02:48:00+00:00,12.214213,45.696768,15.57,84.7
200000030,2026-03-01 02:48:00+00:00,12.133775,45.764987,11.5,87.7
200000031,2026-03-01 02:48:00+00:00,12.591107,46.533224,12.96,69.9
200000032,2026-03-01 02:48:00+00:00,12.716527,44.140847,10.52,262.0
200000033,2026-03-01 02:48:00+00:00,12.965437,44.185714,11.46,274.3
200000034,2026-03-01 02:48:00+00:00,12.219865,43.67616,11.6,280.4
200000035,2026-03-01 02:48:00+00:00,12.770035,46.087595,10.23,47.5
200000036,2026-03-01 02:48:00+00:00,13.062583,44.677268,10.37,52.5
200000038,2026-03-01 02:48:00+00:00,12.881129,45.452195,0.54,313.3
200000039,2026-03-01 02:48:00+00:00,12.88252,45.454865,0.55,193.7
200000040,2026-03-01 02:48:00+00:00,13.005078,45.53576,2.16,124.7
200000001,2026-03-01 02:50:00+00:00,12.843105,43.582241,10.03,252.2
200000002,2026-03-01 02:50:00+00:00,12.72964,45.152563,14.02,260.2
200000003,2026-03-01 02:50:00+00:00,13.031659,45.343977,12.1,88.9
200000004,2026-03-01 02:50:00+00:00,12.488619,45.498847,10.15,272.2
200000005,2026-03-01 02:50:00+00:00,12.548171,46.594322,14.1,86.5
200000006,2026-03-01 02:50:00+00:00,13.082673,45.018755,9.7,89.4
200000007,2026-03-01 02:50:00+00:00,13.072267,44.615997,13.72,278.0
200000008,2026-03-01 02:50:00+00:00,12.940643,45.088516,15.25,256.7
200000009,2026-03-01 02:50:00+00:00,12.311564,44.606901,12.15,91.9
200000010,2026-03-01 02:50:00+00:00,12.2788,45.645489,9.66,86.7
200000011,2026-03-01 02:50:00+00:00,13.581636,44.849714,14.4,88.9
200000012,2026-03-01 02:50:00+00:00,12.564398,44.29942,12.41,259.4
200000013,2026-03-01 02:50:00+00:00,12.298651,44.836925,12.46,251.0
200000014,2026-03-01 02:50:00+00:00,13.153032,45.879442,11.24,91.0
200000015,2026-03-01 02:50:00+00:00,12.784534,45.132138,15.6,102.5
200000016,2026-03-01 02:50:00+00:00,12.473681,45.817927,9.97,67.2
200000017,2026-03-01 02:50:00+00:00,12.530463,46.172241,11.37,88.7
200000018,2026-03-01 02:50:00+00:00,12.424291,44.088849,9.03,245.7
200000019,2026-03-01 02:50:00+00:00,13.065546,46.391355,13.76,83.5
200000020,2026-03-01 02:50:00+00:00,12.678986,44.899043,12.92,87.4
200000021,2026-03-01 02:50:00+00:00,11.994672,44.080559,13.78,267.7
200000022,2026-03-01 02:50:00+00:00,12.740365,44.443211,15.16,262.4
200000023,2026-03-01 02:50:00+00:00,13.338334,45.519372,15.05,63.4
200000024,2026-03-01 02:50:00+00:00,12.654033,44.877658,12.22,285.3
200000025,2026-03-01 02:50:00+00:00,12.53625,44.493341,9.96,52.0
200000026,2026-03-01 02:50:00+00:00,12.170059,43.968474,14.06,259.8
200000027,2026-03-01 02:50:00+00:00,13.39586,44.68169,11.51,76.0
200000028,2026-03-01 02:50:00+00:00,13.050924,45.702579,14.02,67.1
200000029,2026-03-01 02:50:00+00:00,12.214872,45.705591,15.68,87.7
200000030,2026-03-01 02:50:00+00:00,12.134078,45.771615,11.73,85.8
200000031,2026-03-01 02:50:00+00:00,12.593499,46.54024,13.11,71.9
200000032,2026-03-01 02:50:00+00:00,12.715739,44.13487,10.73,262.1
200000033,2026-03-01 02:50:00+00:00,12.965846,44.179104,11.56,272.0
200000034,2026-03-01 02:50:00+00:00,12.221092,43.669598,11.81,279.8
200000035,2026-03-01 02:50:00+00:00,12.773814,46.092099,10.5,51.8
200000036,2026-03-01 02:50:00+00:00,13.065998,44.681765,10.09,50.4
200000038,2026-03-01 02:50:00+00:00,12.880017,45.452518,0.99,200.6
200000039,2026-03-01 02:50:00+00:00,12.882404,45.455092,0.51,82.9
200000040,2026-03-01 02:50:00+00:00,13.003434,45.535725,4.16,182.0
200000001,2026-03-01 02:52:00+00:00,12.841294,43.576869,10.17,251.7
200000002,2026-03-01 02:52:00+00:00,12.728019,45.144761,13.59,255.4
200000003,2026-03-01 02:52:00+00:00,13.031498,45.351,11.93,89.6
200000004,2026-03-01 02:52:00+00:00,12.488729,45.493206,9.83,271.8
200000005,2026-03-01 02:52:00+00:00,12.548844,46.602254,13.87,82.1
200000006,2026-03-01 02:52:00+00:00,13.082853,45.024361,10.06,88.9
200000007,2026-03-01 02:52:00+00:00,13.073635,44.608308,13.57,280.0
200000008,2026-03-01 02:52:00+00:00,12.938819,45.079975,15.3,259.7
200000009,2026-03-01 02:52:00+00:00,12.311404,44.613885,12.26,92.1
200000010,2026-03-01 02:52:00+00:00,12.279051,45.650959,9.95,84.5
200000011,2026-03-01 02:52:00+00:00,13.581919,44.857909,14.2,84.5
200000012,2026-03-01 02:52:00+00:00,12.563036,44.292541,12.34,262.6
200000013,2026-03-01 02:52:00+00:00,12.2967,44.830233,12.04,249.4
200000014,2026-03-01 02:52:00+00:00,13.152521,45.885854,11.16,97.1
200000015,2026-03-01 02:52:00+00:00,12.782531,45.140863,15.48,107.0
200000016,2026-03-01 02:52:00+00:00,12.476061,45.823081,10.13,66.8
200000017,2026-03-01 02:52:00+00:00,12.530786,46.178739,11.57,90.5
200000018,2026-03-01 02:52:00+00:00,12.422338,44.084022,9.18,246.8
200000019,2026-03-01 02:52:00+00:00,13.066022,46.399165,13.64,88.4
200000020,2026-03-01 02:52:00+00:00,12.678875,44.906517,13.11,91.2
200000021,2026-03-01 02:52:00+00:00,11.994593,44.072896,13.64,271.9
200000022,2026-03-01 02:52:00+00:00,12.739255,44.434645,14.81,261.3
200000023,2026-03-01 02:52:00+00:00,13.342354,45.52691,15.01,57.1
200000024,2026-03-01 02:52:00+00:00,12.655624,44.870879,12.31,280.9
200000025,2026-03-01 02:52:00+00:00,12.539681,44.498008,10.4,55.2
200000026,2026-03-01 02:52:00+00:00,12.168821,43.960616,14.24,260.3
200000027,2026-03-01 02:52:00+00:00,13.397472,44.687983,11.46,74.9
200000028,2026-03-01 02:52:00+00:00,13.054326,45.709842,14.38,65.2
200000029,2026-03-01 02:52:00+00:00,12.215408,45.714423,15.77,86.9
200000030,2026-03-01 02:52:00+00:00,12.134393,45.778244,11.79,89.5
200000031,2026-03-01 02:52:00+00:00,12.596016,46.547209,12.97,67.7
200000032,2026-03-01 02:52:00+00:00,12.715159,44.128869,10.67,266.7
200000033,2026-03-01 02:52:00+00:00,12.966531,44.172519,11.57,274.7
200000034,2026-03-01 02:52:00+00:00,12.222222,43.663017,11.59,278.7
200000035,2026-03-01 02:52:00+00:00,12.777614,46.096584,10.23,49.7
200000036,2026-03-01 02:52:00+00:00,13.06942,44.686257,10.0,49.6
200000038,2026-03-01 02:52:00+00:00,12.880272,45.451877,0.77,196.4
200000039,2026-03-01 02:52:00+00:00,12.882628,45.455599,0.56,251.5
200000040,2026-03-01 02:52:00+00:00,13.000549,45.535663,10.94,179.0
200000001,2026-03-01 02:54:00+00:00,12.839528,43.57148,9.97,250.3
200000002,2026-03-01 02:54:00+00:00,12.726477,45.136943,13.89,263.9
200000003,2026-03-01 02:54:00+00:00,13.031464,45.358025,12.33,92.3
200000004,2026-03-01 02:54:00+00:00,12.488807,45.487565,9.97,272.8
200000005,2026-03-01 02:54:00+00:00,12.549706,46.610166,13.89,83.0
200000006,2026-03-01 02:54:00+00:00,13.082757,45.029971,10.02,90.7
200000007,2026-03-01 02:54:00+00:00,13.074923,44.600606,13.41,279.2
200000008,2026-03-01 02:54:00+00:00,12.937232,45.071384,15.25,257.3
200000009,2026-03-01 02:54:00+00:00,12.310974,44.620856,12.21,92.2
200000010,2026-03-01 02:54:00+00:00,12.279256,45.656431,9.82,85.9
200000011,2026-03-01 02:54:00+00:00,13.582156,44.866105,14.29,90.1
200000012,2026-03-01 02:54:00+00:00,12.56174,44.285648,12.14,259.0
200000013,2026-03-01 02:54:00+00:00,12.294754,44.823539,12.28,255.4
200000014,2026-03-01 02:54:00+00:00,13.152106,45.892274,11.3,94.8
200000015,2026-03-01 02:54:00+00:00,12.780477,45.149575,15.6,105.7
200000016,2026-03-01 02:54:00+00:00,12.478658,45.828125,10.15,62.8
200000017,2026-03-01 02:54:00+00:00,12.531192,46.185232,11.5,82.1
200000018,2026-03-01 02:54:00+00:00,12.420238,44.079261,9.31,249.9
200000019,2026-03-01 02:54:00+00:00,13.066251,46.406987,13.85,87.6
200000020,2026-03-01 02:54:00+00:00,12.678742,44.913991,13.17,92.3
200000021,2026-03-01 02:54:00+00:00,11.99464,44.065233,13.47,268.8
200000022,2026-03-01 02:54:00+00:00,12.738164,44.426077,15.14,262.5
200000023,2026-03-01 02:54:00+00:00,13.346497,45.534378,14.89,57.6
200000024,2026-03-01 02:54:00+00:00,12.657299,44.864122,12.56,282.8
200000025,2026-03-01 02:54:00+00:00,12.543117,44.502672,10.08,54.3
200000026,2026-03-01 02:54:00+00:00,12.167844,43.95272,14.13,259.6
200000027,2026-03-01 02:54:00+00:00,13.399069,44.69428,11.37,75.5
200000028,2026-03-01 02:54:00+00:00,13.057927,45.717005,14.3,63.8
200000029,2026-03-01 02:54:00+00:00,12.215684,45.723267,15.57,89.2
200000030,2026-03-01 02:54:00+00:00,12.13478,45.784868,11.51,84.8
200000031,2026-03-01 02:54:00+00:00,12.598348,46.554247,13.27,71.1
200000032,2026-03-01 02:54:00+00:00,12.714636,44.122862,10.44,268.4
200000033,2026-03-01 02:54:00+00:00,12.967381,44.165954,11.72,274.7
200000034,2026-03-01 02:54:00+00:00,12.22334,43.656434,11.74,282.4
200000035,2026-03-01 02:54:00+00:00,12.78152,46.100971,10.34,46.7
200000036,2026-03-01 02:54:00+00:00,13.072773,44.690804,10.03,52.5
200000038,2026-03-01 02:54:00+00:00,12.879354,45.452315,0.63,216.4
200000039,2026-03-01 02:54:00+00:00,12.882238,45.45447,0.75,235.8
200000040,2026-03-01 02:54:00+00:00,12.990919,45.535457,10.77,182.1
200000001,2026-03-01 02:56:00+00:00,12.83783,43.566069,9.9,252.2
200000002,2026-03-01 02:56:00+00:00,12.724951,45.129121,13.94,257.8
200000003,2026-03-01 02:56:00+00:00,13.031456,45.365051,12.5,89.5
200000004,2026-03-01 02:56:00+00:00,12.488514,45.481931,10.08,268.1
200000005,2026-03-01 02:56:00+00:00,12.550247,46.618109,14.0,87.0
200000006,2026-03-01 02:56:00+00:00,13.082527,45.035576,9.85,95.0
200000007,2026-03-01 02:56:00+00:00,13.076308,44.592921,13.98,282.9
200000008,2026-03-01 02:56:00+00:00,12.935241,45.062882,15.33,251.3
200000009,2026-03-01 02:56:00+00:00,12.310774,44.627838,12.29,92.4
200000010,2026-03-01 02:56:00+00:00,12.27981,45.661878,9.7,83.0
200000011,2026-03-01 02:56:00+00:00,13.582383,44.874302,14.25,86.9
200000012,2026-03-01 02:56:00+00:00,12.560298,44.278786,12.13,257.9
200000013,2026-03-01 02:56:00+00:00,12.29301,44.816788,12.4,256.2
200000014,2026-03-01 02:56:00+00:00,13.151747,45.898697,11.42,93.9
200000015,2026-03-01 02:56:00+00:00,12.778409,45.158283,15.86,104.0
200000016,2026-03-01 02:56:00+00:00,12.481375,45.833101,10.07,58.7
200000017,2026-03-01 02:56:00+00:00,12.531815,46.191706,11.6,86.3
200000018,2026-03-01 02:56:00+00:00,12.418176,44.074482,9.01,243.6
200000019,2026-03-01 02:56:00+00:00,13.066623,46.414803,13.38,86.8
200000020,2026-03-01 02:56:00+00:00,12.678674,44.921466,13.26,88.5
200000021,2026-03-01 02:56:00+00:00,11.994757,44.057571,13.34,272.8
200000022,2026-03-01 02:56:00+00:00,12.737284,44.417482,14.89,264.4
200000023,2026-03-01 02:56:00+00:00,13.350638,45.541847,15.0,59.7
200000024,2026-03-01 02:56:00+00:00,12.659328,44.857467,12.28,284.2
200000025,2026-03-01 02:56:00+00:00,12.54665,44.507259,10.41,53.4
200000026,2026-03-01 02:56:00+00:00,12.166651,43.944855,14.05,263.5
200000027,2026-03-01 02:56:00+00:00,13.400538,44.70061,11.16,74.9
200000028,2026-03-01 02:56:00+00:00,13.061314,45.724276,13.93,66.6
200000029,2026-03-01 02:56:00+00:00,12.216003,45.73211,15.71,86.3
200000030,2026-03-01 02:56:00+00:00,12.135368,45.791477,11.43,86.0
200000031,2026-03-01 02:56:00+00:00,12.600528,46.561334,12.83,77.1
200000032,2026-03-01 02:56:00+00:00,12.7141,44.116857,10.74,262.8
200000033,2026-03-01 02:56:00+00:00,12.967892,44.159352,11.6,276.0
200000034,2026-03-01 02:56:00+00:00,12.224465,43.649852,11.41,283.7
200000035,2026-03-01 02:56:00+00:00,12.785497,46.105292,10.29,42.5
200000036,2026-03-01 02:56:00+00:00,13.076038,44.695418,9.65,54.3
200000038,2026-03-01 02:56:00+00:00,12.879626,45.451473,0.4,120.4
200000039,2026-03-01 02:56:00+00:00,12.88233,45.455132,1.77,44.4
200000040,2026-03-01 02:56:00+00:00,12.988593,45.535407,3.37,209.7
200000001,2026-03-01 02:58:00+00:00,12.836053,43.560684,9.82,251.4
200000002,2026-03-01 02:58:00+00:00,12.723551,45.121275,13.79,259.3
200000003,2026-03-01 02:58:00+00:00,13.031697,45.372072,12.31,88.6
200000004,2026-03-01 02:58:00+00:00,12.488281,45.476294,9.85,271.4
200000005,2026-03-01 02:58:00+00:00,12.550439,46.626068,13.94,89.9
200000006,2026-03-01 02:58:00+00:00,13.082117,45.04117,9.6,97.5
200000007,2026-03-01 02:58:00+00:00,13.078107,44.585327,13.53,284.2
200000008,2026-03-01 02:58:00+00:00,12.933073,45.054426,15.43,259.0
200000009,2026-03-01 02:58:00+00:00,12.310558,44.63482,12.46,92.9
200000010,2026-03-01 02:58:00+00:00,12.280533,45.667304,9.62,82.4
200000011,2026-03-01 02:58:00+00:00,13.582455,44.882501,14.51,87.5
200000012,2026-03-01 02:58:00+00:00,12.558601,44.271985,12.42,256.3
200000013,2026-03-01 02:58:00+00:00,12.291395,44.810003,12.21,258.3
200000014,2026-03-01 02:58:00+00:00,13.151231,45.905108,11.31,95.9
200000015,2026-03-01 02:58:00+00:00,12.776557,45.167043,15.47,101.2
200000016,2026-03-01 02:58:00+00:00,12.484276,45.837968,9.92,61.0
200000017,2026-03-01 02:58:00+00:00,12.532218,46.1982,11.39,84.8
200000018,2026-03-01 02:58:00+00:00,12.416066,44.069725,9.32,242.7
200000019,2026-03-01 02:58:00+00:00,13.067157,46.422609,13.74,88.1
200000020,2026-03-01 02:58:00+00:00,12.678829,44.928939,13.11,87.2
200000021,2026-03-01 02:58:00+00:00,11.994898,44.049909,13.65,274.1
200000022,2026-03-01 02:58:00+00:00,12.736481,44.40888,15.1,263.8
200000023,2026-03-01 02:58:00+00:00,13.354889,45.549251,14.87,61.5
200000024,2026-03-01 02:58:00+00:00,12.661231,44.850773,12.44,284.8
200000025,2026-03-01 02:58:00+00:00,12.550087,44.511922,9.96,51.3
200000026,2026-03-01 02:58:00+00:00,12.16551,43.936982,13.99,260.7
200000027,2026-03-01 02:58:00+00:00,13.401895,44.706966,11.58,77.1
200000028,2026-03-01 02:58:00+00:00,13.064492,45.731647,14.1,65.6
200000029,2026-03-01 02:58:00+00:00,12.216541,45.740942,15.56,82.9
200000030,2026-03-01 02:58:00+00:00,12.135856,45.798094,11.19,81.8
200000031,2026-03-01 02:58:00+00:00,12.602501,46.568486,12.83,74.2
200000032,2026-03-01 02:58:00+00:00,12.713598,44.110848,10.67,265.4
200000033,2026-03-01 02:58:00+00:00,12.968456,44.152755,11.77,274.5
200000034,2026-03-01 02:58:00+00:00,12.225567,43.643266,11.75,276.6
200000035,2026-03-01 02:58:00+00:00,12.789382,46.1097,10.38,46.6
200000036,2026-03-01 02:58:00+00:00,13.079279,44.700049,9.99,51.4
200000038,2026-03-01 02:58:00+00:00,12.879137,45.452677,0.8,83.9
200000039,2026-03-01 02:58:00+00:00,12.88361,45.455832,1.09,0.9
200000040,2026-03-01 02:58:00+00:00,12.988088,45.53361,7.48,253.7
200000001,2026-03-01 03:00:00+00:00,12.834109,43.555361,9.97,249.8
200000002,2026-03-01 03:00:00+00:00,12.722398,45.113387,14.0,260.9
200000003,2026-03-01 03:00:00+00:00,13.032033,45.379089,12.57,88.0
200000004,2026-03-01 03:00:00+00:00,12.488099,45.470655,9.9,265.1
200000005,2026-03-01 03:00:00+00:00,12.551055,46.634005,14.14,84.9
200000006,2026-03-01 03:00:00+00:00,13.081566,45.046751,10.03,96.2
200000007,2026-03-01 03:00:00+00:00,13.079767,44.577699,13.72,281.5
200000008,2026-03-01 03:00:00+00:00,12.931118,45.045915,15.35,259.2
200000009,2026-03-01 03:00:00+00:00,12.310255,44.641798,12.46,92.0
200000010,2026-03-01 03:00:00+00:00,12.281314,45.672721,9.45,82.7
200000011,2026-03-01 03:00:00+00:00,13.582532,44.890701,13.96,89.4
200000012,2026-03-01 03:00:00+00:00,12.556984,44.265165,12.4,255.9
200000013,2026-03-01 03:00:00+00:00,12.289866,44.803197,12.66,256.6
200000014,2026-03-01 03:00:00+00:00,13.150514,45.9115,11.37,98.2
200000015,2026-03-01 03:00:00+00:00,12.774962,45.175855,15.83,99.8
200000016,2026-03-01 03:00:00+00:00,12.487057,45.842908,9.83,62.3
200000017,2026-03-01 03:00:00+00:00,12.532403,46.204703,11.65,90.7
200000018,2026-03-01 03:00:00+00:00,12.413895,44.064998,9.29,248.0
200000019,2026-03-01 03:00:00+00:00,13.067533,46.430425,13.37,87.9
200000020,2026-03-01 03:00:00+00:00,12.678894,44.936414,13.16,85.7
200000021,2026-03-01 03:00:00+00:00,11.995121,44.042249,13.49,271.2
200000022,2026-03-01 03:00:00+00:00,12.735605,44.400286,14.9,263.4
200000023,2026-03-01 03:00:00+00:00,13.35904,45.556715,15.09,62.0
200000024,2026-03-01 03:00:00+00:00,12.663174,44.844092,12.03,284.4
200000025,2026-03-01 03:00:00+00:00,12.553464,44.516631,10.07,55.6
200000026,2026-03-01 03:00:00+00:00,12.164291,43.929121,14.29,261.3
200000027,2026-03-01 03:00:00+00:00,13.403424,44.713281,11.11,71.8
200000028,2026-03-01 03:00:00+00:00,13.067551,45.73907,14.2,68.1
200000029,2026-03-01 03:00:00+00:00,12.217124,45.74977,15.64,88.6
200000030,2026-03-01 03:00:00+00:00,12.136419,45.804705,11.83,84.3
200000031,2026-03-01 03:00:00+00:00,12.604498,46.57563,13.05,71.4
200000032,2026-03-01 03:00:00+00:00,12.713166,44.104833,10.56,263.5
200000033,2026-03-01 03:00:00+00:00,12.969087,44.146163,11.62,272.2
200000034,2026-03-01 03:00:00+00:00,12.226819,43.636709,11.73,280.6
200000035,2026-03-01 03:00:00+00:00,12.793424,46.113955,10.14,47.4
200000036,2026-03-01 03:00:00+00:00,13.082562,44.70465,9.75,52.7
200000038,2026-03-01 03:00:00+00:00,12.879761,45.452448,0.47,107.1
200000039,2026-03-01 03:00:00+00:00,12.883453,45.455185,0.51,175.1
200000040,2026-03-01 03:00:00+00:00,12.986326,45.527345,11.55,250.2
200000001,2026-03-01 03:02:00+00:00,12.832028,43.550091,9.92,250.7
200000002,2026-03-01 03:02:00+00:00,12.721266,45.105495,13.87,259.9
200000003,2026-03-01 03:02:00+00:00,13.032479,45.386099,12.23,86.1
200000004,2026-03-01 03:02:00+00:00,12.487672,45.46503,9.73,262.8
200000005,2026-03-01 03:02:00+00:00,12.551555,46.641951,14.01,88.2
200000006,2026-03-01 03:02:00+00:00,13.081043,45.052335,9.64,95.8
200000007,2026-03-01 03:02:00+00:00,13.081311,44.570046,13.61,282.0
200000008,2026-03-01 03:02:00+00:00,12.929444,45.037342,15.33,260.3
200000009,2026-03-01 03:02:00+00:00,12.310059,44.648781,12.46,91.0
200000010,2026-03-01 03:02:00+00:00,12.282106,45.678137,9.46,79.1
200000011,2026-03-01 03:02:00+00:00,13.582891,44.898892,14.28,88.9
200000012,2026-03-01 03:02:00+00:00,12.554986,44.258451,12.4,250.7
200000013,2026-03-01 03:02:00+00:00,12.288232,44.796417,12.26,259.4
200000014,2026-03-01 03:02:00+00:00,13.149681,45.917876,11.34,100.7
200000015,2026-03-01 03:02:00+00:00,12.773568,45.184703,15.5,100.6
200000016,2026-03-01 03:02:00+00:00,12.489974,45.847765,10.05,59.5
200000017,2026-03-01 03:02:00+00:00,12.532478,46.211209,11.39,88.7
200000018,2026-03-01 03:02:00+00:00,12.411816,44.060227,9.25,248.5
200000019,2026-03-01 03:02:00+00:00,13.06805,46.438232,13.78,83.5
200000020,2026-03-01 03:02:00+00:00,12.678732,44.943887,12.93,90.7
200000021,2026-03-01 03:02:00+00:00,11.995354,44.034589,13.13,272.2
200000022,2026-03-01 03:02:00+00:00,12.734633,44.391703,15.31,265.1
200000023,2026-03-01 03:02:00+00:00,13.363238,45.564151,15.41,62.7
200000024,2026-03-01 03:02:00+00:00,12.665145,44.837418,12.24,290.0
200000025,2026-03-01 03:02:00+00:00,12.556775,44.521389,10.43,52.9
200000026,2026-03-01 03:02:00+00:00,12.162764,43.921317,14.32,264.9
200000027,2026-03-01 03:02:00+00:00,13.405259,44.719509,11.49,73.4
200000028,2026-03-01 03:02:00+00:00,13.070927,45.746347,13.75,63.1
200000029,2026-03-01 03:02:00+00:00,12.21752,45.75861,15.46,86.8
200000030,2026-03-01 03:02:00+00:00,12.136936,45.81132,11.6,84.8
200000031,2026-03-01 03:02:00+00:00,12.606727,46.582703,13.1,69.2
200000032,2026-03-01 03:02:00+00:00,12.71273,44.098819,10.68,266.0
200000033,2026-03-01 03:02:00+00:00,12.969573,44.139559,11.46,277.0
200000034,2026-03-01 03:02:00+00:00,12.228086,43.630154,11.61,282.5
200000035,2026-03-01 03:02:00+00:00,12.797388,46.118289,10.46,44.8
200000036,2026-03-01 03:02:00+00:00,13.085903,44.709206,9.96,50.9
200000038,2026-03-01 03:02:00+00:00,12.878922,45.453342,1.33,283.1
200000039,2026-03-01 03:02:00+00:00,12.883112,45.455884,0.52,171.3
200000040,2026-03-01 03:02:00+00:00,12.984519,45.520914,12.01,253.8
200000001,2026-03-01 03:04:00+00:00,12.830069,43.544774,10.02,245.1
200000002,2026-03-01 03:04:00+00:00,12.720052,45.097616,14.1,262.1
200000003,2026-03-01 03:04:00+00:00,13.032782,45.393117,12.46,88.3
200000004,2026-03-01 03:04:00+00:00,12.487044,45.459425,9.86,264.4
200000005,2026-03-01 03:04:00+00:00,12.551919,46.649904,13.86,92.8
200000006,2026-03-01 03:04:00+00:00,13.080406,45.057907,9.92,96.8
200000007,2026-03-01 03:04:00+00:00,13.082935,44.56241,13.61,281.9
200000008,2026-03-01 03:04:00+00:00,12.927829,45.028757,15.48,255.7
200000009,2026-03-01 03:04:00+00:00,12.30998,44.655766,12.2,90.8
200000010,2026-03-01 03:04:00+00:00,12.282929,45.683548,9.5,81.3
200000011,2026-03-01 03:04:00+00:00,13.583012,44.907091,14.3,87.6
200000012,2026-03-01 03:04:00+00:00,12.55309,44.251706,12.46,259.0
200000013,2026-03-01 03:04:00+00:00,12.28708,44.789533,12.14,260.5
200000014,2026-03-01 03:04:00+00:00,13.148725,45.924234,11.27,100.1
200000015,2026-03-01 03:04:00+00:00,12.772125,45.193543,15.74,98.2
200000016,2026-03-01 03:04:00+00:00,12.492919,45.852603,10.16,59.6
200000017,2026-03-01 03:04:00+00:00,12.532468,46.217715,11.27,88.3
200000018,2026-03-01 03:04:00+00:00,12.409905,44.055383,8.81,249.4
200000019,2026-03-01 03:04:00+00:00,13.068786,46.446021,13.68,83.4
200000020,2026-03-01 03:04:00+00:00,12.67843,44.951355,13.18,94.0
200000021,2026-03-01 03:04:00+00:00,11.995884,44.026945,13.59,272.4
200000022,2026-03-01 03:04:00+00:00,12.733492,44.383141,15.16,259.2
200000023,2026-03-01 03:04:00+00:00,13.367604,45.571484,15.15,61.4
200000024,2026-03-01 03:04:00+00:00,12.667256,44.83079,12.34,286.4
200000025,2026-03-01 03:04:00+00:00,12.560223,44.526044,10.52,51.2
200000026,2026-03-01 03:04:00+00:00,12.16138,43.913485,14.17,262.9
200000027,2026-03-01 03:04:00+00:00,13.407174,44.725712,11.32,71.9
200000028,2026-03-01 03:04:00+00:00,13.074055,45.753741,14.13,65.6
200000029,2026-03-01 03:04:00+00:00,12.217661,45.767458,15.79,88.0
200000030,2026-03-01 03:04:00+00:00,12.13732,45.817945,11.59,85.1
200000031,2026-03-01 03:04:00+00:00,12.608948,46.589777,13.22,73.6
200000032,2026-03-01 03:04:00+00:00,12.712333,44.092803,10.61,269.6
200000033,2026-03-01 03:04:00+00:00,12.970216,44.13297,11.77,277.0
200000034,2026-03-01 03:04:00+00:00,12.229282,43.623585,11.41,280.3
200000035,2026-03-01 03:04:00+00:00,12.801287,46.122684,10.5,47.9
200000036,2026-03-01 03:04:00+00:00,13.089073,44.713889,9.89,52.7
200000038,2026-03-01 03:04:00+00:00,12.880039,45.451228,0.97,289.2
200000039,2026-03-01 03:04:00+00:00,12.882664,45.455283,1.23,301.3
200000040,2026-03-01 03:04:00+00:00,12.98269,45.514408,9.0,279.1
200000001,2026-03-01 03:06:00+00:00,12.828008,43.539497,9.94,246.5
200000002,2026-03-01 03:06:00+00:00,12.719379,45.08967,14.06,261.3
200000003,2026-03-01 03:06:00+00:00,13.033095,45.400135,12.16,89.4
200000004,2026-03-01 03:06:00+00:00,12.486308,45.453833,10.05,264.2
200000005,2026-03-01 03:06:00+00:00,12.552155,46.657862,13.99,89.0
200000006,2026-03-01 03:06:00+00:00,13.079733,45.063474,9.99,96.6
200000007,2026-03-01 03:06:00+00:00,13.084545,44.554771,13.81,283.4
200000008,2026-03-01 03:06:00+00:00,12.926191,45.020177,15.18,261.7
200000009,2026-03-01 03:06:00+00:00,12.30983,44.662749,12.26,89.2
200000010,2026-03-01 03:06:00+00:00,12.283937,45.688926,9.65,80.6
200000011,2026-03-01 03:06:00+00:00,13.583286,44.915286,14.41,88.1
200000012,2026-03-01 03:06:00+00:00,12.551553,44.244865,12.5,256.8
200000013,2026-03-01 03:06:00+00:00,12.286051,44.78263,12.37,261.5
200000014,2026-03-01 03:06:00+00:00,13.147364,45.930514,11.37,101.3
200000015,2026-03-01 03:06:00+00:00,12.770802,45.202402,15.74,99.3
200000016,2026-03-01 03:06:00+00:00,12.495685,45.857552,10.01,55.7
200000017,2026-03-01 03:06:00+00:00,12.532774,46.224214,11.74,86.0
200000018,2026-03-01 03:06:00+00:00,12.407987,44.050542,9.1,247.0
200000019,2026-03-01 03:06:00+00:00,13.069213,46.453834,13.85,84.3
200000020,2026-03-01 03:06:00+00:00,12.678357,44.95883,13.21,92.4
200000021,2026-03-01 03:06:00+00:00,11.996522,44.01931,13.42,275.9
200000022,2026-03-01 03:06:00+00:00,12.732398,44.374573,15.13,265.5
200000023,2026-03-01 03:06:00+00:00,13.371833,45.578902,14.88,56.9
200000024,2026-03-01 03:06:00+00:00,12.669235,44.82412,12.35,284.3
200000025,2026-03-01 03:06:00+00:00,12.563847,44.530556,10.28,52.5
200000026,2026-03-01 03:06:00+00:00,12.16023,43.905614,13.97,265.3
200000027,2026-03-01 03:06:00+00:00,13.409013,44.731939,11.46,73.4
200000028,2026-03-01 03:06:00+00:00,13.077023,45.761203,14.17,68.5
200000029,2026-03-01 03:06:00+00:00,12.21757,45.776306,15.73,88.2
200000030,2026-03-01 03:06:00+00:00,12.137864,45.824557,11.92,88.4
200000031,2026-03-01 03:06:00+00:00,12.611145,46.59686,13.0,72.2
200000032,2026-03-01 03:06:00+00:00,12.712312,44.086772,10.83,273.9
200000033,2026-03-01 03:06:00+00:00,12.971185,44.126422,11.58,282.6
200000034,2026-03-01 03:06:00+00:00,12.230441,43.617009,11.58,281.1
200000035,2026-03-01 03:06:00+00:00,12.805104,46.127154,10.22,51.8
200000036,2026-03-01 03:06:00+00:00,13.092426,44.718436,9.76,51.1
200000038,2026-03-01 03:06:00+00:00,12.879259,45.452365,1.07,123.0
200000039,2026-03-01 03:06:00+00:00,12.883898,45.454565,0.61,210.1
200000040,2026-03-01 03:06:00+00:00,12.9861,45.510744,6.91,313.1
200000001,2026-03-01 03:08:00+00:00,12.825968,43.534211,9.64,246.6
200000002,2026-03-01 03:08:00+00:00,12.71841,45.081756,13.88,264.7
200000003,2026-03-01 03:08:00+00:00,13.033599,45.407142,12.37,84.6
200000004,2026-03-01 03:08:00+00:00,12.485496,45.448253,9.94,263.0
200000005,2026-03-01 03:08:00+00:00,12.552435,46.665819,14.21,89.1
200000006,2026-03-01 03:08:00+00:00,13.079023,45.069036,9.92,96.7
200000007,2026-03-01 03:08:00+00:00,13.086052,44.54711,13.51,280.4
200000008,2026-03-01 03:08:00+00:00,12.924563,45.011594,15.38,259.0
200000009,2026-03-01 03:08:00+00:00,12.309555,44.669729,12.17,94.5
200000010,2026-03-01 03:08:00+00:00,12.284894,45.694313,9.75,80.5
200000011,2026-03-01 03:08:00+00:00,13.583752,44.923472,14.33,88.5
200000012,2026-03-01 03:08:00+00:00,12.550081,44.23801,12.63,258.7
200000013,2026-03-01 03:08:00+00:00,12.28514,44.775709,12.52,260.2
200000014,2026-03-01 03:08:00+00:00,13.146331,45.936859,11.42,104.8
200000015,2026-03-01 03:08:00+00:00,12.769392,45.211247,15.58,98.4
200000016,2026-03-01 03:08:00+00:00,12.498493,45.862476,10.07,61.1
200000017,2026-03-01 03:08:00+00:00,12.533103,46.230711,11.24,86.0
200000018,2026-03-01 03:08:00+00:00,12.406221,44.045641,9.59,250.5
200000019,2026-03-01 03:08:00+00:00,13.069792,46.461637,13.89,86.0
200000020,2026-03-01 03:08:00+00:00,12.678028,44.966297,13.21,94.6
200000021,2026-03-01 03:08:00+00:00,11.997003,44.011662,13.57,272.8
200000022,2026-03-01 03:08:00+00:00,12.731365,44.365997,15.17,264.0
200000023,2026-03-01 03:08:00+00:00,13.376433,45.586082,15.04,54.6
200000024,2026-03-01 03:08:00+00:00,12.670925,44.817366,12.32,286.0
200000025,2026-03-01 03:08:00+00:00,12.56729,44.535214,10.29,53.6
200000026,2026-03-01 03:08:00+00:00,12.159637,43.897678,13.96,267.5
200000027,2026-03-01 03:08:00+00:00,13.411037,44.738105,11.41,71.5
200000028,2026-03-01 03:08:00+00:00,13.080194,45.768577,14.03,66.0
200000029,2026-03-01 03:08:00+00:00,12.217616,45.785155,15.58,92.7
200000030,2026-03-01 03:08:00+00:00,12.138333,45.831176,11.85,87.1
200000031,2026-03-01 03:08:00+00:00,12.613272,46.603965,13.02,70.1
200000032,2026-03-01 03:08:00+00:00,12.712463,44.080743,10.67,271.3
200000033,2026-03-01 03:08:00+00:00,12.972366,44.11991,11.56,282.9
200000034,2026-03-01 03:08:00+00:00,12.231608,43.610435,11.76,282.1
200000035,2026-03-01 03:08:00+00:00,12.808929,46.131616,10.25,51.8
200000036,2026-03-01 03:08:00+00:00,13.095919,44.722871,9.86,56.0
200000038,2026-03-01 03:08:00+00:00,12.879335,45.452363,0.09,209.2
200000039,2026-03-01 03:08:00+00:00,12.882144,45.454959,1.91,156.0
200000040,2026-03-01 03:08:00+00:00,12.988,45.508703,4.31,313.3
200000001,2026-03-01 03:10:00+00:00,12.823627,43.529059,9.88,240.0
200000002,2026-03-01 03:10:00+00:00,12.717338,45.073855,13.84,261.1
200000003,2026-03-01 03:10:00+00:00,13.034173,45.414142,12.61,88.1
200000004,2026-03-01 03:10:00+00:00,12.484641,45.442679,10.25,262.2
200000005,2026-03-01 03:10:00+00:00,12.552921,46.673765,14.14,90.7
200000006,2026-03-01 03:10:00+00:00,13.078392,45.074609,9.86,99.3
200000007,2026-03-01 03:10:00+00:00,13.087533,44.539444,13.94,283.8
200000008,2026-03-01 03:10:00+00:00,12.922778,45.003045,15.51,257.2
200000009,2026-03-01 03:10:00+00:00,12.30905,44.676695,12.31,94.4
200000010,2026-03-01 03:10:00+00:00,12.28606,45.699658,9.71,74.5
200000011,2026-03-01 03:10:00+00:00,13.583846,44.931672,14.41,89.7
200000012,2026-03-01 03:10:00+00:00,12.548758,44.231123,12.51,261.5
200000013,2026-03-01 03:10:00+00:00,12.284306,44.768778,12.39,262.9
200000014,2026-03-01 03:10:00+00:00,13.144964,45.943137,11.25,101.0
200000015,2026-03-01 03:10:00+00:00,12.767814,45.220063,15.8,99.4
200000016,2026-03-01 03:10:00+00:00,12.501255,45.867427,9.8,61.4
200000017,2026-03-01 03:10:00+00:00,12.533201,46.237217,11.24,90.5
200000018,2026-03-01 03:10:00+00:00,12.40446,44.040738,9.25,249.0
200000019,2026-03-01 03:10:00+00:00,13.070475,46.469431,13.45,84.0
200000020,2026-03-01 03:10:00+00:00,12.677784,44.973768,13.25,93.7
200000021,2026-03-01 03:10:00+00:00,11.997306,44.004005,13.18,271.0
200000022,2026-03-01 03:10:00+00:00,12.730199,44.357439,15.16,260.1
200000023,2026-03-01 03:10:00+00:00,13.38102,45.593273,15.22,55.6
200000024,2026-03-01 03:10:00+00:00,12.672658,44.810624,12.07,282.4
200000025,2026-03-01 03:10:00+00:00,12.570756,44.539855,10.21,50.4
200000026,2026-03-01 03:10:00+00:00,12.159196,43.889732,13.85,267.4
200000027,2026-03-01 03:10:00+00:00,13.413272,44.744194,11.26,69.8
200000028,2026-03-01 03:10:00+00:00,13.083306,45.775978,14.17,65.3
200000029,2026-03-01 03:10:00+00:00,12.217687,45.794004,15.29,87.8
200000030,2026-03-01 03:10:00+00:00,12.138829,45.837793,11.8,86.2
200000031,2026-03-01 03:10:00+00:00,12.615728,46.610958,12.96,68.3
200000032,2026-03-01 03:10:00+00:00,12.71261,44.074715,10.64,270.5
200000033,2026-03-01 03:10:00+00:00,12.973528,44.113396,11.57,278.3
200000034,2026-03-01 03:10:00+00:00,12.232797,43.603865,11.64,283.9
200000035,2026-03-01 03:10:00+00:00,12.812581,46.13623,10.19,51.7
200000036,2026-03-01 03:10:00+00:00,13.099528,44.727207,10.34,47.5
200000038,2026-03-01 03:10:00+00:00,12.878973,45.452202,0.13,87.8
200000039,2026-03-01 03:10:00+00:00,12.882082,45.45548,0.48,19.7
200000040,2026-03-01 03:10:00+00:00,12.989422,45.507175,8.13,312.8
200000001,2026-03-01 03:12:00+00:00,12.821183,43.523957,10.13,246.1
200000002,2026-03-01 03:12:00+00:00,12.716552,45.06592,13.96,262.4
200000003,2026-03-01 03:12:00+00:00,13.034728,45.421145,12.38,84.5
200000004,2026-03-01 03:12:00+00:00,12.48365,45.437129,10.15,255.9
200000005,2026-03-01 03:12:00+00:00,12.552924,46.681727,14.28,90.2
200000006,2026-03-01 03:12:00+00:00,13.077495,45.080142,9.89,99.2
200000007,2026-03-01 03:12:00+00:00,13.088754,44.531729,13.76,282.8
200000008,2026-03-01 03:12:00+00:00,12.920978,44.994499,15.63,258.5
200000009,2026-03-01 03:12:00+00:00,12.308331,44.683641,12.54,95.8
200000010,2026-03-01 03:12:00+00:00,12.287462,45.704943,9.52,76.3
200000011,2026-03-01 03:12:00+00:00,13.584024,44.939869,14.42,90.3
200000012,2026-03-01 03:12:00+00:00,12.547724,44.224185,12.55,258.9
200000013,2026-03-01 03:12:00+00:00,12.283435,44.761852,12.53,259.1
200000014,2026-03-01 03:12:00+00:00,13.143556,45.949406,11.19,101.6
200000015,2026-03-01 03:12:00+00:00,12.766197,45.22887,15.77,101.0
200000016,2026-03-01 03:12:00+00:00,12.503888,45.872452,10.01,64.3
200000017,2026-03-01 03:12:00+00:00,12.533014,46.24372,11.71,96.4
200000018,2026-03-01 03:12:00+00:00,12.402697,44.035836,9.18,249.9
200000019,2026-03-01 03:12:00+00:00,13.071174,46.477223,13.67,82.3
200000020,2026-03-01 03:12:00+00:00,12.677534,44.981239,13.03,91.4
200000021,2026-03-01 03:12:00+00:00,11.997634,43.996349,13.33,273.9
200000022,2026-03-01 03:12:00+00:00,12.728945,44.348894,15.13,258.8
200000023,2026-03-01 03:12:00+00:00,13.386059,45.600135,15.02,56.8
200000024,2026-03-01 03:12:00+00:00,12.673949,44.803778,12.54,277.0
200000025,2026-03-01 03:12:00+00:00,12.574366,44.544379,10.15,48.5
200000026,2026-03-01 03:12:00+00:00,12.158865,43.88178,14.21,266.8
200000027,2026-03-01 03:12:00+00:00,13.415618,44.750239,11.44,69.8
200000028,2026-03-01 03:12:00+00:00,13.086348,45.783409,13.92,66.8
200000029,2026-03-01 03:12:00+00:00,12.217887,45.80285,15.75,85.6
200000030,2026-03-01 03:12:00+00:00,12.139502,45.844393,11.48,85.8
200000031,2026-03-01 03:12:00+00:00,12.618357,46.617885,13.02,66.5
200000032,2026-03-01 03:12:00+00:00,12.712605,44.068684,10.69,270.8
200000033,2026-03-01 03:12:00+00:00,12.974785,44.1069,11.64,277.6
200000034,2026-03-01 03:12:00+00:00,12.234096,43.597316,11.64,282.9
200000035,2026-03-01 03:12:00+00:00,12.815986,46.141037,10.61,51.6
200000036,2026-03-01 03:12:00+00:00,13.103212,44.731475,10.12,47.2
200000038,2026-03-01 03:12:00+00:00,12.879343,45.452543,0.25,4.7
200000039,2026-03-01 03:12:00+00:00,12.883034,45.455254,0.46,345.6
200000040,2026-03-01 03:12:00+00:00,12.994215,45.502026,14.59,344.3
200000001,2026-03-01 03:14:00+00:00,12.818712,43.518868,9.88,242.7
200000002,2026-03-01 03:14:00+00:00,12.716057,45.05796,14.11,262.4
200000003,2026-03-01 03:14:00+00:00,13.035357,45.42814,12.58,83.6
200000004,2026-03-01 03:14:00+00:00,12.482515,45.431608,9.8,256.8
200000005,2026-03-01 03:14:00+00:00,12.552761,46.689687,14.21,91.1
200000006,2026-03-01 03:14:00+00:00,13.07668,45.08569,9.79,96.5
200000007,2026-03-01 03:14:00+00:00,13.090066,44.52403,13.88,280.3
200000008,2026-03-01 03:14:00+00:00,12.919337,44.985919,15.62,257.4
200000009,2026-03-01 03:14:00+00:00,12.30756,44.690582,12.25,96.4
200000010,2026-03-01 03:14:00+00:00,12.288748,45.710258,9.69,75.3
200000011,2026-03-01 03:14:00+00:00,13.584164,44.948068,14.7,91.0
200000012,2026-03-01 03:14:00+00:00,12.546875,44.21722,12.21,265.6
200000013,2026-03-01 03:14:00+00:00,12.282545,44.754928,12.23,264.0
200000014,2026-03-01 03:14:00+00:00,13.142344,45.955718,11.56,100.2
200000015,2026-03-01 03:14:00+00:00,12.76461,45.237684,15.81,97.7
200000016,2026-03-01 03:14:00+00:00,12.506446,45.877516,9.76,61.1
200000017,2026-03-01 03:14:00+00:00,12.532654,46.250216,11.45,93.1
200000018,2026-03-01 03:14:00+00:00,12.400998,44.03091,9.08,251.6
200000019,2026-03-01 03:14:00+00:00,13.072094,46.484992,13.66,84.6
200000020,2026-03-01 03:14:00+00:00,12.67703,44.988696,12.87,92.5
200000021,2026-03-01 03:14:00+00:00,11.997669,43.988686,13.27,271.5
200000022,2026-03-01 03:14:00+00:00,12.727548,44.340373,15.02,259.2
200000023,2026-03-01 03:14:00+00:00,13.391135,45.606969,14.96,52.8
200000024,2026-03-01 03:14:00+00:00,12.674971,44.796885,12.24,277.4
200000025,2026-03-01 03:14:00+00:00,12.578046,44.548844,10.37,52.3
200000026,2026-03-01 03:14:00+00:00,12.15866,43.873824,13.89,264.8
200000027,2026-03-01 03:14:00+00:00,13.418021,44.75626,11.46,65.8
200000028,2026-03-01 03:14:00+00:00,13.089457,45.790811,14.16,68.7
200000029,2026-03-01 03:14:00+00:00,12.217986,45.811699,15.55,87.7
200000030,2026-03-01 03:14:00+00:00,12.139795,45.851023,11.68,90.6
200000031,2026-03-01 03:14:00+00:00,12.621242,46.624704,13.1,66.1
200000032,2026-03-01 03:14:00+00:00,12.712593,44.062653,10.81,268.7
200000033,2026-03-01 03:14:00+00:00,12.975756,44.100352,11.84,284.5
200000034,2026-03-01 03:14:00+00:00,12.235411,43.590771,11.9,280.3
200000035,2026-03-01 03:14:00+00:00,12.819325,46.145893,10.17,52.4
200000036,2026-03-01 03:14:00+00:00,13.1068,44.73583,9.88,51.2
200000038,2026-03-01 03:14:00+00:00,12.879439,45.452219,1.81,343.5
200000039,2026-03-01 03:14:00+00:00,12.882761,45.455281,1.21,148.5
200000040,2026-03-01 03:14:00+00:00,13.005213,45.503139,18.08,5.1
200000001,2026-03-01 03:16:00+00:00,12.816184,43.51381,9.91,245.7
200000002,2026-03-01 03:16:00+00:00,12.715151,45.050038,14.18,261.8
200000003,2026-03-01 03:16:00+00:00,13.035811,45.43515,12.38,80.7
200000004,2026-03-01 03:16:00+00:00,12.481425,45.426078,9.51,258.4
200000005,2026-03-01 03:16:00+00:00,12.552631,46.697648,14.13,91.7
200000006,2026-03-01 03:16:00+00:00,13.076034,45.09126,9.87,95.5
200000007,2026-03-01 03:16:00+00:00,13.091542,44.516362,13.4,280.9
200000008,2026-03-01 03:16:00+00:00,12.917567,44.977366,15.25,258.5
200000009,2026-03-01 03:16:00+00:00,12.306786,44.697522,12.27,95.5
200000010,2026-03-01 03:16:00+00:00,12.290045,45.715571,9.85,77.2
200000011,2026-03-01 03:16:00+00:00,13.584312,44.956267,14.37,86.7
200000012,2026-03-01 03:16:00+00:00,12.546432,44.210216,12.3,264.9
200000013,2026-03-01 03:16:00+00:00,12.281693,44.748,12.4,265.4
200000014,2026-03-01 03:16:00+00:00,13.141448,45.962085,11.3,98.8
200000015,2026-03-01 03:16:00+00:00,12.763142,45.246519,15.75,101.3
200000016,2026-03-01 03:16:00+00:00,12.50908,45.88254,9.99,59.3
200000017,2026-03-01 03:16:00+00:00,12.532268,46.25671,11.52,93.5
200000018,2026-03-01 03:16:00+00:00,12.399177,44.02603,9.49,248.5
200000019,2026-03-01 03:16:00+00:00,13.072573,46.492802,13.81,83.7
200000020,2026-03-01 03:16:00+00:00,12.676433,44.996146,12.82,91.1
200000021,2026-03-01 03:16:00+00:00,11.997758,43.981023,13.61,271.0
200000022,2026-03-01 03:16:00+00:00,12.726174,44.331847,15.29,260.4
200000023,2026-03-01 03:16:00+00:00,13.396136,45.613861,14.99,52.2
200000024,2026-03-01 03:16:00+00:00,12.675871,44.789973,12.17,279.0
200000025,2026-03-01 03:16:00+00:00,12.581578,44.553433,9.95,50.1
200000026,2026-03-01 03:16:00+00:00,12.158223,43.865878,13.93,269.6
200000027,2026-03-01 03:16:00+00:00,13.420237,44.762356,11.49,70.6
200000028,2026-03-01 03:16:00+00:00,13.092068,45.798414,14.3,70.6
200000029,2026-03-01 03:16:00+00:00,12.218257,45.820543,15.42,89.5
200000030,2026-03-01 03:16:00+00:00,12.139899,45.857658,11.55,87.1
200000031,2026-03-01 03:16:00+00:00,12.62381,46.631655,13.0,70.2
200000032,2026-03-01 03:16:00+00:00,12.712391,44.056626,10.55,262.8
200000033,2026-03-01 03:16:00+00:00,12.97706,44.093866,11.48,279.7
200000034,2026-03-01 03:16:00+00:00,12.236574,43.584196,11.66,283.8
200000035,2026-03-01 03:16:00+00:00,12.822927,46.150547,10.45,53.8
200000036,2026-03-01 03:16:00+00:00,13.110197,44.740342,10.0,53.0
200000038,2026-03-01 03:16:00+00:00,12.881139,45.45192,0.22,5.4
200000039,2026-03-01 03:16:00+00:00,12.882111,45.455863,0.59,286.7
200000040,2026-03-01 03:16:00+00:00,13.014212,45.504049,15.06,6.9
200000001,2026-03-01 03:18:00+00:00,12.813818,43.50867,9.87,243.0
200000002,2026-03-01 03:18:00+00:00,12.714269,45.042113,13.95,264.7
200000003,2026-03-01 03:18:00+00:00,13.036476,45.442142,12.46,84.3
200000004,2026-03-01 03:18:00+00:00,12.480267,45.420562,10.12,256.7
200000005,2026-03-01 03:18:00+00:00,12.552582,46.70561,13.94,88.2
200000006,2026-03-01 03:18:00+00:00,13.07545,45.096838,9.73,95.4
200000007,2026-03-01 03:18:00+00:00,13.092986,44.508688,13.51,281.0
200000008,2026-03-01 03:18:00+00:00,12.915567,44.968867,15.59,254.2
200000009,2026-03-01 03:18:00+00:00,12.305969,44.704457,12.36,97.8
200000010,2026-03-01 03:18:00+00:00,12.291163,45.720926,9.82,80.0
200000011,2026-03-01 03:18:00+00:00,13.584561,44.964463,14.03,86.7
200000012,2026-03-01 03:18:00+00:00,12.545834,44.203224,12.56,263.6
200000013,2026-03-01 03:18:00+00:00,12.280573,44.741111,12.12,263.1
200000014,2026-03-01 03:18:00+00:00,13.140388,45.968425,11.21,98.0
200000015,2026-03-01 03:18:00+00:00,12.761794,45.255374,15.86,98.4
200000016,2026-03-01 03:18:00+00:00,12.511847,45.887489,10.05,57.1
200000017,2026-03-01 03:18:00+00:00,12.531736,46.263194,11.47,94.0
200000018,2026-03-01 03:18:00+00:00,12.397261,44.021189,9.14,246.8
200000019,2026-03-01 03:18:00+00:00,13.073211,46.5006,13.76,81.0
200000020,2026-03-01 03:18:00+00:00,12.675932,45.003603,13.11,91.5
200000021,2026-03-01 03:18:00+00:00,11.99771,43.97336,13.42,272.2
200000022,2026-03-01 03:18:00+00:00,12.72476,44.323329,15.28,258.6
200000023,2026-03-01 03:18:00+00:00,13.401464,45.62049,15.15,49.4
200000024,2026-03-01 03:18:00+00:00,12.676914,44.783084,12.27,275.0
200000025,2026-03-01 03:18:00+00:00,12.585237,44.557916,10.44,49.8
200000026,2026-03-01 03:18:00+00:00,12.157744,43.857934,14.18,264.7
200000027,2026-03-01 03:18:00+00:00,13.422549,44.768414,11.6,69.2
200000028,2026-03-01 03:18:00+00:00,13.094521,45.806071,14.14,72.0
200000029,2026-03-01 03:18:00+00:00,12.218762,45.829377,15.45,86.0
200000030,2026-03-01 03:18:00+00:00,12.13971,45.864292,11.58,91.1
200000031,2026-03-01 03:18:00+00:00,12.626048,46.638724,12.86,69.3
200000032,2026-03-01 03:18:00+00:00,12.712051,44.050606,10.75,265.0
200000033,2026-03-01 03:18:00+00:00,12.9783,44.087366,11.32,282.1
200000034,2026-03-01 03:18:00+00:00,12.237836,43.57764,11.56,279.3
200000035,2026-03-01 03:18:00+00:00,12.826449,46.155265,10.44,51.2
200000036,2026-03-01 03:18:00+00:00,13.113586,44.744861,10.24,50.9
200000038,2026-03-01 03:18:00+00:00,12.879619,45.452241,1.32,204.1
200000039,2026-03-01 03:18:00+00:00,12.882973,45.454609,1.17,25.4
200000040,2026-03-01 03:18:00+00:00,13.021917,45.504828,9.0,6.1
200000001,2026-03-01 03:20:00+00:00,12.811308,43.503602,9.86,242.3
200000002,2026-03-01 03:20:00+00:00,12.713183,45.034215,13.79,260.0
200000003,2026-03-01 03:20:00+00:00,13.036996,45.449147,12.4,84.8
200000004,2026-03-01 03:20:00+00:00,12.479094,45.41505,9.94,255.8
200000005,2026-03-01 03:20:00+00:00,12.552754,46.71357,14.07,87.8
200000006,2026-03-01 03:20:00+00:00,13.074811,45.102409,9.8,93.3
200000007,2026-03-01 03:20:00+00:00,13.094386,44.501006,13.96,281.5
200000008,2026-03-01 03:20:00+00:00,12.913623,44.960355,15.23,255.4
200000009,2026-03-01 03:20:00+00:00,12.305351,44.711413,12.11,94.9
200000010,2026-03-01 03:20:00+00:00,12.292505,45.726228,9.41,69.7
200000011,2026-03-01 03:20:00+00:00,13.58465,44.972662,14.37,89.2
200000012,2026-03-01 03:20:00+00:00,12.545175,44.196238,12.38,265.6
200000013,2026-03-01 03:20:00+00:00,12.279521,44.734211,12.23,258.1
200000014,2026-03-01 03:20:00+00:00,13.139334,45.974767,11.29,98.7
200000015,2026-03-01 03:20:00+00:00,12.760669,45.264262,15.83,97.1
200000016,2026-03-01 03:20:00+00:00,12.514449,45.892531,9.68,62.2
200000017,2026-03-01 03:20:00+00:00,12.531011,46.269657,11.54,98.7
200000018,2026-03-01 03:20:00+00:00,12.395138,44.016438,9.41,245.6
200000019,2026-03-01 03:20:00+00:00,13.073624,46.508414,13.8,82.9
200000020,2026-03-01 03:20:00+00:00,12.67536,45.011055,13.21,94.6
200000021,2026-03-01 03:20:00+00:00,11.997251,43.965711,13.36,265.1
200000022,2026-03-01 03:20:00+00:00,12.723153,44.314847,15.11,260.1
200000023,2026-03-01 03:20:00+00:00,13.406972,45.626961,15.04,49.7
200000024,2026-03-01 03:20:00+00:00,12.677785,44.776168,12.07,279.6
200000025,2026-03-01 03:20:00+00:00,12.588812,44.562469,10.38,52.0
200000026,2026-03-01 03:20:00+00:00,12.157271,43.84999,13.9,267.1
200000027,2026-03-01 03:20:00+00:00,13.424545,44.77459,11.09,67.4
200000028,2026-03-01 03:20:00+00:00,13.096969,45.813731,14.23,70.5
200000029,2026-03-01 03:20:00+00:00,12.219389,45.838203,15.42,84.6
200000030,2026-03-01 03:20:00+00:00,12.139535,45.870925,11.65,89.6
200000031,2026-03-01 03:20:00+00:00,12.628536,46.645706,13.14,69.5
200000032,2026-03-01 03:20:00+00:00,12.711885,44.044578,10.96,271.6
200000033,2026-03-01 03:20:00+00:00,12.979885,44.080946,11.49,283.4
200000034,2026-03-01 03:20:00+00:00,12.239089,43.571082,11.8,283.6
200000035,2026-03-01 03:20:00+00:00,12.829947,46.160002,10.37,56.8
200000036,2026-03-01 03:20:00+00:00,13.116939,44.749409,10.18,52.6
200000038,2026-03-01 03:20:00+00:00,12.879664,45.451282,0.44,115.4
200000039,2026-03-01 03:20:00+00:00,12.883323,45.456389,0.64,129.7
200000040,2026-03-01 03:20:00+00:00,13.024372,45.505077,7.28,317.1
200000001,2026-03-01 03:22:00+00:00,12.808812,43.498527,9.8,243.6
200000002,2026-03-01 03:22:00+00:00,12.711996,45.026332,14.11,261.7
200000003,2026-03-01 03:22:00+00:00,13.037562,45.456149,12.18,86.5
200000004,2026-03-01 03:22:00+00:00,12.477889,45.409545,9.84,258.3
200000005,2026-03-01 03:22:00+00:00,12.553062,46.721526,13.88,85.7
200000006,2026-03-01 03:22:00+00:00,13.074135,45.107976,10.0,98.5
200000007,2026-03-01 03:22:00+00:00,13.095894,44.493345,13.58,278.7
200000008,2026-03-01 03:22:00+00:00,12.911472,44.951895,15.44,259.8
200000009,2026-03-01 03:22:00+00:00,12.304873,44.718381,12.26,95.5
200000010,2026-03-01 03:22:00+00:00,12.294062,45.731467,9.68,73.2
200000011,2026-03-01 03:22:00+00:00,13.584777,44.980861,14.31,88.5
200000012,2026-03-01 03:22:00+00:00,12.544602,44.189243,12.3,259.4
200000013,2026-03-01 03:22:00+00:00,12.278224,44.727355,11.95,256.0
200000014,2026-03-01 03:22:00+00:00,13.138278,45.981108,11.39,97.7
200000015,2026-03-01 03:22:00+00:00,12.759635,45.273161,15.46,98.9
200000016,2026-03-01 03:22:00+00:00,12.517027,45.897585,10.1,60.2
200000017,2026-03-01 03:22:00+00:00,12.530235,46.276115,11.52,95.9
200000018,2026-03-01 03:22:00+00:00,12.392992,44.011699,9.16,246.7
200000019,2026-03-01 03:22:00+00:00,13.074086,46.516225,13.76,86.8
200000020,2026-03-01 03:22:00+00:00,12.674586,45.018487,13.24,95.6
200000021,2026-03-01 03:22:00+00:00,11.996611,43.958075,13.6,264.9
200000022,2026-03-01 03:22:00+00:00,12.721641,44.306346,15.14,254.6
200000023,2026-03-01 03:22:00+00:00,13.412545,45.633373,15.01,45.6
200000024,2026-03-01 03:22:00+00:00,12.678572,44.769243,12.14,277.7
200000025,2026-03-01 03:22:00+00:00,12.592613,44.566826,10.21,46.7
200000026,2026-03-01 03:22:00+00:00,12.156541,43.842066,13.98,264.9
200000027,2026-03-01 03:22:00+00:00,13.426541,44.780767,11.33,67.1
200000028,2026-03-01 03:22:00+00:00,13.099331,45.821419,13.89,74.8
200000029,2026-03-01 03:22:00+00:00,12.220017,45.847029,15.53,83.6
200000030,2026-03-01 03:22:00+00:00,12.139375,45.87756,11.71,88.8
200000031,2026-03-01 03:22:00+00:00,12.631037,46.652682,13.06,70.4
200000032,2026-03-01 03:22:00+00:00,12.711936,44.038547,10.78,269.6
200000033,2026-03-01 03:22:00+00:00,12.981143,44.07445,11.66,282.1
200000034,2026-03-01 03:22:00+00:00,12.240256,43.564508,11.82,282.1
200000035,2026-03-01 03:22:00+00:00,12.833527,46.164674,10.35,52.1
200000036,2026-03-01 03:22:00+00:00,13.120276,44.753969,9.95,51.3
200000038,2026-03-01 03:22:00+00:00,12.879406,45.452622,1.75,86.1
200000039,2026-03-01 03:22:00+00:00,12.882498,45.455226,1.4,198.4
200000040,2026-03-01 03:22:00+00:00,13.027533,45.498659,11.51,296.4
200000001,2026-03-01 03:24:00+00:00,12.806199,43.493514,10.18,239.3
200000002,2026-03-01 03:24:00+00:00,12.710689,45.018469,14.0,259.3
200000003,2026-03-01 03:24:00+00:00,13.03795,45.463163,12.21,89.0
200000004,2026-03-01 03:24:00+00:00,12.476748,45.404025,9.74,260.3
200000005,2026-03-01 03:24:00+00:00,12.553439,46.729478,13.79,88.5
200000006,2026-03-01 03:24:00+00:00,13.073439,45.11354,9.56,95.7
200000007,2026-03-01 03:24:00+00:00,13.097296,44.485662,13.41,276.6
200000008,2026-03-01 03:24:00+00:00,12.909711,44.943341,15.19,257.2
200000009,2026-03-01 03:24:00+00:00,12.304493,44.725356,12.12,93.8
200000010,2026-03-01 03:24:00+00:00,12.295737,45.736668,9.73,67.5
200000011,2026-03-01 03:24:00+00:00,13.585113,44.989054,14.38,89.1
200000012,2026-03-01 03:24:00+00:00,12.543741,44.18228,12.05,262.3
200000013,2026-03-01 03:24:00+00:00,12.276957,44.720494,12.37,258.7
200000014,2026-03-01 03:24:00+00:00,13.13752,45.987494,11.29,100.9
200000015,2026-03-01 03:24:00+00:00,12.758578,45.282058,16.13,97.8
200000016,2026-03-01 03:24:00+00:00,12.519697,45.902589,10.08,61.7
200000017,2026-03-01 03:24:00+00:00,12.529124,46.282521,11.18,98.1
200000018,2026-03-01 03:24:00+00:00,12.390871,44.006948,8.93,246.1
200000019,2026-03-01 03:24:00+00:00,13.074514,46.524038,13.77,88.5
200000020,2026-03-01 03:24:00+00:00,12.673933,45.025932,13.2,99.7
200000021,2026-03-01 03:24:00+00:00,11.99565,43.950475,13.43,260.8
200000022,2026-03-01 03:24:00+00:00,12.719797,44.297915,15.17,253.3
200000023,2026-03-01 03:24:00+00:00,13.418314,45.6396,14.74,47.9
200000024,2026-03-01 03:24:00+00:00,12.679563,44.762344,12.39,278.5
200000025,2026-03-01 03:24:00+00:00,12.596179,44.571387,10.47,50.2
200000026,2026-03-01 03:24:00+00:00,12.155749,43.834149,14.15,259.6
200000027,2026-03-01 03:24:00+00:00,13.428581,44.786928,11.18,70.3
200000028,2026-03-01 03:24:00+00:00,13.101792,45.829074,14.18,71.2
200000029,2026-03-01 03:24:00+00:00,12.221043,45.855815,15.59,81.4
200000030,2026-03-01 03:24:00+00:00,12.139319,45.884196,11.75,85.6
200000031,2026-03-01 03:24:00+00:00,12.633444,46.659694,13.21,66.3
200000032,2026-03-01 03:24:00+00:00,12.71194,44.032517,10.53,266.2
200000033,2026-03-01 03:24:00+00:00,12.982548,44.067985,11.48,284.6
200000034,2026-03-01 03:24:00+00:00,12.241662,43.557982,12.0,280.1
200000035,2026-03-01 03:24:00+00:00,12.837277,46.169204,10.18,50.1
200000036,2026-03-01 03:24:00+00:00,13.123677,44.758478,10.05,51.8
200000038,2026-03-01 03:24:00+00:00,12.879793,45.453282,1.52,345.3
200000039,2026-03-01 03:24:00+00:00,12.881994,45.455822,1.11,78.2
200000040,2026-03-01 03:24:00+00:00,13.03009,45.493467,6.14,298.4
200000001,2026-03-01 03:26:00+00:00,12.803566,43.488512,10.15,243.3
200000002,2026-03-01 03:26:00+00:00,12.709428,45.010599,14.13,264.2
200000003,2026-03-01 03:26:00+00:00,13.038232,45.470183,12.4,81.6
200000004,2026-03-01 03:26:00+00:00,12.475585,45.39851,9.63,259.1
200000005,2026-03-01 03:26:00+00:00,12.554082,46.737413,13.99,87.2
200000006,2026-03-01 03:26:00+00:00,13.072813,45.119113,9.5,97.2
200000007,2026-03-01 03:26:00+00:00,13.098638,44.477968,13.95,281.8
200000008,2026-03-01 03:26:00+00:00,12.907728,44.934838,15.34,256.5
200000009,2026-03-01 03:26:00+00:00,12.304025,44.732324,12.43,95.1
200000010,2026-03-01 03:26:00+00:00,12.297515,45.741833,9.81,68.6
200000011,2026-03-01 03:26:00+00:00,13.585377,44.997249,14.07,87.4
200000012,2026-03-01 03:26:00+00:00,12.542878,44.175317,12.66,261.4
200000013,2026-03-01 03:26:00+00:00,12.27566,44.713638,12.1,261.8
200000014,2026-03-01 03:26:00+00:00,13.136694,45.993871,11.09,93.0
200000015,2026-03-01 03:26:00+00:00,12.75772,45.290976,15.61,95.5
200000016,2026-03-01 03:26:00+00:00,12.522412,45.907568,10.11,60.9
200000017,2026-03-01 03:26:00+00:00,12.52827,46.288968,11.44,98.3
200000018,2026-03-01 03:26:00+00:00,12.388863,44.002146,9.19,246.1
200000019,2026-03-01 03:26:00+00:00,13.074872,46.531855,13.68,85.6
200000020,2026-03-01 03:26:00+00:00,12.673269,45.033376,13.06,94.1
200000021,2026-03-01 03:26:00+00:00,11.9946,43.942887,13.52,255.9
200000022,2026-03-01 03:26:00+00:00,12.717828,44.289513,14.99,254.2
200000023,2026-03-01 03:26:00+00:00,13.424075,45.645835,15.06,47.0
200000024,2026-03-01 03:26:00+00:00,12.68058,44.75545,12.1,276.5
200000025,2026-03-01 03:26:00+00:00,12.599739,44.575953,10.05,53.4
200000026,2026-03-01 03:26:00+00:00,12.154538,43.826287,13.79,262.3
200000027,2026-03-01 03:26:00+00:00,13.430479,44.793137,11.33,68.6
200000028,2026-03-01 03:26:00+00:00,13.104457,45.836657,14.26,67.9
200000029,2026-03-01 03:26:00+00:00,12.222402,45.864554,15.58,80.2
200000030,2026-03-01 03:26:00+00:00,12.139587,45.890826,11.61,86.1
200000031,2026-03-01 03:26:00+00:00,12.635913,46.666683,12.94,66.7
200000032,2026-03-01 03:26:00+00:00,12.711783,44.026488,10.47,264.7
200000033,2026-03-01 03:26:00+00:00,12.98399,44.06153,11.96,280.7
200000034,2026-03-01 03:26:00+00:00,12.242896,43.551421,11.8,281.2
200000035,2026-03-01 03:26:00+00:00,12.841019,46.173741,10.33,44.9
200000036,2026-03-01 03:26:00+00:00,13.12724,44.762855,10.19,46.2
200000038,2026-03-01 03:26:00+00:00,12.880906,45.45213,0.81,308.5
200000039,2026-03-01 03:26:00+00:00,12.882738,45.456194,1.3,347.9
200000040,2026-03-01 03:26:00+00:00,13.030498,45.492637,5.86,296.9
200000001,2026-03-01 03:28:00+00:00,12.801005,43.483471,10.15,240.5
200000002,2026-03-01 03:28:00+00:00,12.708624,45.002665,14.19,264.2
200000003,2026-03-01 03:28:00+00:00,13.038536,45.477201,12.53,88.9
200000004,2026-03-01 03:28:00+00:00,12.474544,45.39297,9.84,262.2
200000005,2026-03-01 03:28:00+00:00,12.554462,46.745366,14.07,86.8
200000006,2026-03-01 03:28:00+00:00,13.071959,45.124653,10.07,99.7
200000007,2026-03-01 03:28:00+00:00,13.099967,44.470272,13.68,280.8
200000008,2026-03-01 03:28:00+00:00,12.90605,44.926266,15.18,258.6
200000009,2026-03-01 03:28:00+00:00,12.303501,44.739289,12.27,93.7
200000010,2026-03-01 03:28:00+00:00,12.299312,45.746991,9.82,68.3
200000011,2026-03-01 03:28:00+00:00,13.585346,45.005449,14.32,85.9
200000012,2026-03-01 03:28:00+00:00,12.542028,44.168353,12.33,268.0
200000013,2026-03-01 03:28:00+00:00,12.274619,44.706737,12.34,258.3
200000014,2026-03-01 03:28:00+00:00,13.135975,46.000261,11.79,97.5
200000015,2026-03-01 03:28:00+00:00,12.757163,45.29992,15.69,92.3
200000016,2026-03-01 03:28:00+00:00,12.525133,45.912543,9.76,59.4
200000017,2026-03-01 03:28:00+00:00,12.527189,46.295379,11.1,103.0
200000018,2026-03-01 03:28:00+00:00,12.38688,43.997333,9.23,245.3
200000019,2026-03-01 03:28:00+00:00,13.075324,46.539667,13.64,88.1
200000020,2026-03-01 03:28:00+00:00,12.672706,45.040829,13.12,94.4
200000021,2026-03-01 03:28:00+00:00,11.993233,43.935352,13.22,261.4
200000022,2026-03-01 03:28:00+00:00,12.715946,44.281091,15.19,256.1
200000023,2026-03-01 03:28:00+00:00,13.43003,45.651874,14.79,49.6
200000024,2026-03-01 03:28:00+00:00,12.68152,44.748544,12.32,272.4
200000025,2026-03-01 03:28:00+00:00,12.603363,44.580466,10.17,48.4
200000026,2026-03-01 03:28:00+00:00,12.153043,43.818477,13.62,260.3
200000027,2026-03-01 03:28:00+00:00,13.432456,44.79932,11.48,69.0
200000028,2026-03-01 03:28:00+00:00,13.106937,45.844306,14.07,72.4
200000029,2026-03-01 03:28:00+00:00,12.223828,45.873282,15.47,82.3
200000030,2026-03-01 03:28:00+00:00,12.139797,45.897459,11.67,88.8
200000031,2026-03-01 03:28:00+00:00,12.63869,46.673549,12.99,71.1
200000032,2026-03-01 03:28:00+00:00,12.711447,44.020467,10.58,266.4
200000033,2026-03-01 03:28:00+00:00,12.98531,44.055046,11.38,281.6
200000034,2026-03-01 03:28:00+00:00,12.243926,43.544822,11.98,280.4
200000035,2026-03-01 03:28:00+00:00,12.844878,46.178174,10.43,45.0
200000036,2026-03-01 03:28:00+00:00,13.130755,44.767271,10.06,50.7
200000037,2026-03-01 03:28:00+00:00,12.59714,44.796206,15.38,253.3
200000038,2026-03-01 03:28:00+00:00,12.880266,45.452604,0.68,227.7
200000039,2026-03-01 03:28:00+00:00,12.88348,45.455526,1.58,266.0
200000040,2026-03-01 03:28:00+00:00,13.033088,45.487379,6.79,321.9
200000001,2026-03-01 03:30:00+00:00,12.798653,43.478325,10.13,244.5
200000002,2026-03-01 03:30:00+00:00,12.707972,44.994717,14.24,261.9
200000003,2026-03-01 03:30:00+00:00,13.038652,45.484226,12.43,90.2
200000004,2026-03-01 03:30:00+00:00,12.473518,45.387427,10.03,255.8
200000005,2026-03-01 03:30:00+00:00,12.554921,46.753314,13.97,85.6
200000006,2026-03-01 03:30:00+00:00,13.071011,45.130178,9.61,98.2
200000007,2026-03-01 03:30:00+00:00,13.101583,44.462634,13.7,282.2
200000008,2026-03-01 03:30:00+00:00,12.904451,44.917679,15.37,260.6
200000009,2026-03-01 03:30:00+00:00,12.302769,44.746233,12.56,95.5
200000010,2026-03-01 03:30:00+00:00,12.301262,45.752091,9.48,69.8
200000011,2026-03-01 03:30:00+00:00,13.585804,45.013635,14.24,87.0
200000012,2026-03-01 03:30:00+00:00,12.541409,44.161362,12.34,266.6
200000013,2026-03-01 03:30:00+00:00,12.273552,44.699839,12.43,259.4
200000014,2026-03-01 03:30:00+00:00,13.134835,46.006587,11.5,99.5
200000015,2026-03-01 03:30:00+00:00,12.756844,45.308876,15.69,93.3
200000016,2026-03-01 03:30:00+00:00,12.528078,45.917383,10.04,61.4
200000017,2026-03-01 03:30:00+00:00,12.526073,46.301784,11.31,100.4
200000018,2026-03-01 03:30:00+00:00,12.384879,43.992528,9.04,247.2
200000019,2026-03-01 03:30:00+00:00,13.075698,46.547483,13.76,87.5
200000020,2026-03-01 03:30:00+00:00,12.67214,45.048281,13.48,96.7
200000021,2026-03-01 03:30:00+00:00,11.99195,43.927802,13.11,259.4
200000022,2026-03-01 03:30:00+00:00,12.713781,44.27274,14.98,251.7
200000023,2026-03-01 03:30:00+00:00,13.436171,45.657712,15.01,44.3
200000024,2026-03-01 03:30:00+00:00,12.682317,44.74162,12.11,276.7
200000025,2026-03-01 03:30:00+00:00,12.607099,44.584882,10.1,46.8
200000026,2026-03-01 03:30:00+00:00,12.151609,43.810655,14.06,254.2
200000027,2026-03-01 03:30:00+00:00,13.434502,44.805479,11.27,71.1
200000028,2026-03-01 03:30:00+00:00,13.109206,45.852023,14.0,70.2
200000029,2026-03-01 03:30:00+00:00,12.224933,45.882059,15.33,85.3
200000030,2026-03-01 03:30:00+00:00,12.139996,45.904092,11.55,87.7
200000031,2026-03-01 03:30:00+00:00,12.641315,46.680478,13.05,65.2
200000032,2026-03-01 03:30:00+00:00,12.711261,44.01444,10.31,264.5
200000033,2026-03-01 03:30:00+00:00,12.986764,44.048593,11.54,282.5
200000034,2026-03-01 03:30:00+00:00,12.245188,43.538266,11.84,280.7
200000035,2026-03-01 03:30:00+00:00,12.848923,46.182428,10.41,44.1
200000036,2026-03-01 03:30:00+00:00,13.134347,44.771623,10.1,48.1
200000037,2026-03-01 03:30:00+00:00,12.594631,44.787752,15.35,258.9
200000038,2026-03-01 03:30:00+00:00,12.880465,45.45168,0.46,249.4
200000039,2026-03-01 03:30:00+00:00,12.882666,45.454453,0.82,218.7
200000040,2026-03-01 03:30:00+00:00,13.036742,45.487948,8.59,5.5
200000001,2026-03-01 03:32:00+00:00,12.796304,43.473176,10.07,245.2
200000002,2026-03-01 03:32:00+00:00,12.706948,44.986811,13.99,266.4
200000003,2026-03-01 03:32:00+00:00,13.038833,45.491249,12.4,87.6
200000004,2026-03-01 03:32:00+00:00,12.472618,45.381861,9.55,259.5
200000005,2026-03-01 03:32:00+00:00,12.555317,46.761266,13.73,88.2
200000006,2026-03-01 03:32:00+00:00,13.070047,45.1357,9.9,101.4
200000007,2026-03-01 03:32:00+00:00,13.10319,44.454994,13.91,282.9
200000008,2026-03-01 03:32:00+00:00,12.903313,44.909014,15.17,266.8
200000009,2026-03-01 03:32:00+00:00,12.301904,44.753162,12.26,97.4
200000010,2026-03-01 03:32:00+00:00,12.303116,45.757228,9.69,66.5
200000011,2026-03-01 03:32:00+00:00,13.586334,45.021817,14.18,85.6
200000012,2026-03-01 03:32:00+00:00,12.540981,44.154357,12.38,265.3
200000013,2026-03-01 03:32:00+00:00,12.272531,44.692935,12.34,265.2
200000014,2026-03-01 03:32:00+00:00,13.133322,46.01283,11.35,104.4
200000015,2026-03-01 03:32:00+00:00,12.756427,45.317828,15.77,93.1
200000016,2026-03-01 03:32:00+00:00,12.530962,45.922261,9.8,64.2
200000017,2026-03-01 03:32:00+00:00,12.525028,46.308202,11.56,96.9
200000018,2026-03-01 03:32:00+00:00,12.38291,43.987708,8.97,246.7
200000019,2026-03-01 03:32:00+00:00,13.076019,46.555302,13.6,89.1
200000020,2026-03-01 03:32:00+00:00,12.67163,45.055737,13.3,96.5
200000021,2026-03-01 03:32:00+00:00,11.990724,43.920242,13.49,259.2
200000022,2026-03-01 03:32:00+00:00,12.711457,44.264434,15.18,256.2
200000023,2026-03-01 03:32:00+00:00,13.442174,45.663701,14.93,44.6
200000024,2026-03-01 03:32:00+00:00,12.683074,44.73469,12.32,275.8
200000025,2026-03-01 03:32:00+00:00,12.61104,44.589107,10.28,44.1
200000026,2026-03-01 03:32:00+00:00,12.149827,43.802907,13.74,257.7
200000027,2026-03-01 03:32:00+00:00,13.436651,44.811601,11.55,72.2
200000028,2026-03-01 03:32:00+00:00,13.11142,45.859758,13.93,78.2
200000029,2026-03-01 03:32:00+00:00,12.226036,45.890836,15.47,87.0
200000030,2026-03-01 03:32:00+00:00,12.140034,45.910728,11.5,86.8
200000031,2026-03-01 03:32:00+00:00,12.644141,46.687323,13.07,65.4
200000032,2026-03-01 03:32:00+00:00,12.711172,44.00841,10.55,273.2
200000033,2026-03-01 03:32:00+00:00,12.988019,44.042096,11.65,281.7
200000034,2026-03-01 03:32:00+00:00,12.246285,43.531678,11.75,281.4
200000035,2026-03-01 03:32:00+00:00,12.853087,46.18656,10.42,42.7
200000036,2026-03-01 03:32:00+00:00,13.137997,44.775923,9.9,46.6
200000037,2026-03-01 03:32:00+00:00,12.592121,44.779298,15.34,251.1
200000038,2026-03-01 03:32:00+00:00,12.879979,45.451764,1.42,135.8
200000039,2026-03-01 03:32:00+00:00,12.882947,45.45503,1.24,58.6
200000040,2026-03-01 03:32:00+00:00,13.042446,45.488835,12.65,9.8
200000001,2026-03-01 03:34:00+00:00,12.79389,43.46806,9.77,241.3
200000002,2026-03-01 03:34:00+00:00,12.705977,44.978897,13.73,263.0
200000003,2026-03-01 03:34:00+00:00,13.039076,45.49827,12.48,87.1
200000004,2026-03-01 03:34:00+00:00,12.471896,45.376269,9.84,261.0
200000005,2026-03-01 03:34:00+00:00,12.555963,46.7692,13.98,85.4
200000006,2026-03-01 03:34:00+00:00,13.068992,45.141204,9.65,99.1
200000007,2026-03-01 03:34:00+00:00,13.104774,44.447349,13.41,284.0
200000008,2026-03-01 03:34:00+00:00,12.902527,44.900309,15.37,262.1
200000009,2026-03-01 03:34:00+00:00,12.300495,44.759997,12.28,101.2
200000010,2026-03-01 03:34:00+00:00,12.305221,45.762263,9.66,69.0
200000011,2026-03-01 03:34:00+00:00,13.586687,45.030009,14.19,84.7
200000012,2026-03-01 03:34:00+00:00,12.540691,44.147345,12.2,267.1
200000013,2026-03-01 03:34:00+00:00,12.271372,44.686053,12.36,261.2
200000014,2026-03-01 03:34:00+00:00,13.131808,46.019072,11.51,101.3
200000015,2026-03-01 03:34:00+00:00,12.756034,45.326781,15.75,93.2
200000016,2026-03-01 03:34:00+00:00,12.533716,45.927218,10.01,57.7
200000017,2026-03-01 03:34:00+00:00,12.523946,46.314612,11.89,97.0
200000018,2026-03-01 03:34:00+00:00,12.380982,43.982873,9.18,249.9
200000019,2026-03-01 03:34:00+00:00,13.076132,46.563127,13.66,88.0
200000020,2026-03-01 03:34:00+00:00,12.67118,45.063198,12.97,93.4
200000021,2026-03-01 03:34:00+00:00,11.989507,43.912681,13.41,261.3
200000022,2026-03-01 03:34:00+00:00,12.709196,44.256111,15.34,255.0
200000023,2026-03-01 03:34:00+00:00,13.448156,45.669712,15.02,45.6
200000024,2026-03-01 03:34:00+00:00,12.683894,44.727769,12.28,275.4
200000025,2026-03-01 03:34:00+00:00,12.615031,44.593283,10.27,42.1
200000026,2026-03-01 03:34:00+00:00,12.148003,43.795171,13.99,252.0
200000027,2026-03-01 03:34:00+00:00,13.438745,44.817743,11.65,69.1
200000028,2026-03-01 03:34:00+00:00,13.113634,45.867493,14.16,73.0
200000029,2026-03-01 03:34:00+00:00,12.227304,45.89959,15.49,81.9
200000030,2026-03-01 03:34:00+00:00,12.140055,45.917364,11.54,93.1
200000031,2026-03-01 03:34:00+00:00,12.647055,46.69413,13.16,65.4
200000032,2026-03-01 03:34:00+00:00,12.711279,44.00238,10.76,273.3
200000033,2026-03-01 03:34:00+00:00,12.989251,44.035595,11.66,282.7
200000034,2026-03-01 03:34:00+00:00,12.247451,43.525104,11.87,280.2
200000035,2026-03-01 03:34:00+00:00,12.857374,46.190558,10.22,42.3
200000036,2026-03-01 03:34:00+00:00,13.141674,44.780199,9.92,48.8
200000037,2026-03-01 03:34:00+00:00,12.589385,44.770918,15.46,252.7
200000038,2026-03-01 03:34:00+00:00,12.879492,45.452762,0.67,147.2
200000039,2026-03-01 03:34:00+00:00,12.883413,45.455868,0.31,278.5
200000040,2026-03-01 03:34:00+00:00,13.050365,45.490067,15.13,10.7
200000001,2026-03-01 03:36:00+00:00,12.791138,43.463126,10.12,239.2
200000002,2026-03-01 03:36:00+00:00,12.70494,44.970992,14.0,260.7
200000003,2026-03-01 03:36:00+00:00,13.039477,45.505283,12.23,84.3
200000004,2026-03-01 03:36:00+00:00,12.470966,45.370708,9.92,262.3
200000005,2026-03-01 03:36:00+00:00,12.556716,46.777125,14.03,81.0
200000006,2026-03-01 03:36:00+00:00,13.06811,45.14674,9.9,99.8
200000007,2026-03-01 03:36:00+00:00,13.106327,44.439697,13.41,280.7
200000008,2026-03-01 03:36:00+00:00,12.901623,44.891616,15.47,265.1
200000009,2026-03-01 03:36:00+00:00,12.299337,44.76688,12.27,99.6
200000010,2026-03-01 03:36:00+00:00,12.307315,45.767303,9.81,67.7
200000011,2026-03-01 03:36:00+00:00,13.587228,45.03819,14.3,82.2
200000012,2026-03-01 03:36:00+00:00,12.540525,44.140328,12.33,267.2
200000013,2026-03-01 03:36:00+00:00,12.270078,44.679197,12.43,267.6
200000014,2026-03-01 03:36:00+00:00,13.130508,46.025365,11.33,103.9
200000015,2026-03-01 03:36:00+00:00,12.755508,45.335727,15.9,94.0
200000016,2026-03-01 03:36:00+00:00,12.536552,45.932126,9.98,61.0
200000017,2026-03-01 03:36:00+00:00,12.522794,46.321011,11.45,100.4
200000018,2026-03-01 03:36:00+00:00,12.37903,43.978046,9.24,245.6
200000019,2026-03-01 03:36:00+00:00,13.076335,46.570949,13.66,88.1
200000020,2026-03-01 03:36:00+00:00,12.671035,45.070671,13.04,94.2
200000021,2026-03-01 03:36:00+00:00,11.988186,43.905137,13.45,255.1
200000022,2026-03-01 03:36:00+00:00,12.707047,44.247756,15.23,254.4
200000023,2026-03-01 03:36:00+00:00,13.454074,45.67579,15.14,41.7
200000024,2026-03-01 03:36:00+00:00,12.684639,44.720838,12.43,275.4
200000025,2026-03-01 03:36:00+00:00,12.619117,44.59736,10.24,44.5
200000026,2026-03-01 03:36:00+00:00,12.145846,43.787524,13.8,249.0
200000027,2026-03-01 03:36:00+00:00,13.440819,44.823892,11.44,68.2
200000028,2026-03-01 03:36:00+00:00,13.115891,45.875215,14.3,74.4
200000029,2026-03-01 03:36:00+00:00,12.228932,45.908281,15.51,79.6
200000030,2026-03-01 03:36:00+00:00,12.139724,45.923992,11.61,87.3
200000031,2026-03-01 03:36:00+00:00,12.649924,46.700956,13.0,66.3
200000032,2026-03-01 03:36:00+00:00,12.711207,43.99635,10.7,271.5
200000033,2026-03-01 03:36:00+00:00,12.990436,44.029084,11.4,277.6
200000034,2026-03-01 03:36:00+00:00,12.248654,43.518536,11.57,279.8
200000035,2026-03-01 03:36:00+00:00,12.861743,46.194461,10.59,43.1
200000036,2026-03-01 03:36:00+00:00,13.145479,44.784354,9.74,47.7
200000037,2026-03-01 03:36:00+00:00,12.586499,44.762591,15.57,248.6
200000038,2026-03-01 03:36:00+00:00,12.879217,45.452324,0.77,41.1
200000039,2026-03-01 03:36:00+00:00,12.88305,45.454499,1.49,219.1
200000040,2026-03-01 03:36:00+00:00,13.059216,45.491444,10.66,311.9
200000001,2026-03-01 03:38:00+00:00,12.788398,43.458185,9.82,240.9
200000002,2026-03-01 03:38:00+00:00,12.703951,44.963081,14.29,265.9
200000003,2026-03-01 03:38:00+00:00,13.039956,45.512292,12.38,85.5
200000004,2026-03-01 03:38:00+00:00,12.470167,45.365126,9.71,259.4
200000005,2026-03-01 03:38:00+00:00,12.557762,46.785014,14.15,83.3
200000006,2026-03-01 03:38:00+00:00,13.067102,45.152253,10.04,103.1
200000007,2026-03-01 03:38:00+00:00,13.107805,44.432029,13.49,280.5
200000008,2026-03-01 03:38:00+00:00,12.900586,44.882938,15.33,263.2
200000009,2026-03-01 03:38:00+00:00,12.298223,44.773772,12.47,98.2
200000010,2026-03-01 03:38:00+00:00,12.309302,45.772388,9.6,65.2
200000011,2026-03-01 03:38:00+00:00,13.587778,45.046371,14.21,84.3
200000012,2026-03-01 03:38:00+00:00,12.54037,44.133311,12.26,269.4
200000013,2026-03-01 03:38:00+00:00,12.269479,44.672241,12.22,265.2
200000014,2026-03-01 03:38:00+00:00,13.129183,46.031652,11.13,104.5
200000015,2026-03-01 03:38:00+00:00,12.754817,45.344661,15.71,93.2
200000016,2026-03-01 03:38:00+00:00,12.539493,45.936968,10.03,56.3
200000017,2026-03-01 03:38:00+00:00,12.521316,46.327338,11.45,105.7
200000018,2026-03-01 03:38:00+00:00,12.377018,43.973246,9.09,248.8
200000019,2026-03-01 03:38:00+00:00,13.076504,46.578773,13.68,87.0
200000020,2026-03-01 03:38:00+00:00,12.670921,45.078145,13.14,93.1
200000021,2026-03-01 03:38:00+00:00,11.986926,43.897583,13.58,259.2
200000022,2026-03-01 03:38:00+00:00,12.704955,44.239386,15.44,251.4
200000023,2026-03-01 03:38:00+00:00,13.460245,45.681595,14.78,39.3
200000024,2026-03-01 03:38:00+00:00,12.685464,44.713916,12.23,276.8
200000025,2026-03-01 03:38:00+00:00,12.623161,44.601482,10.38,44.6
200000026,2026-03-01 03:38:00+00:00,12.143516,43.779931,14.01,248.1
200000027,2026-03-01 03:38:00+00:00,13.442695,44.830109,11.18,73.6
200000028,2026-03-01 03:38:00+00:00,13.118119,45.882945,14.04,72.7
200000029,2026-03-01 03:38:00+00:00,12.230792,45.916923,15.74,75.9
200000030,2026-03-01 03:38:00+00:00,12.139632,45.930627,11.57,90.3
200000031,2026-03-01 03:38:00+00:00,12.652713,46.707818,13.07,65.8
200000032,2026-03-01 03:38:00+00:00,12.711254,43.99032,10.37,274.6
200000033,2026-03-01 03:38:00+00:00,12.991381,44.022532,11.63,281.0
200000034,2026-03-01 03:38:00+00:00,12.249629,43.511928,11.94,275.4
200000035,2026-03-01 03:38:00+00:00,12.865842,46.198661,10.14,45.8
200000036,2026-03-01 03:38:00+00:00,13.149149,44.788637,10.12,48.8
200000037,2026-03-01 03:38:00+00:00,12.583371,44.754356,15.6,251.7
200000038,2026-03-01 03:38:00+00:00,12.879946,45.453167,1.49,353.7
200000039,2026-03-01 03:38:00+00:00,12.881997,45.454722,0.72,72.9
200000040,2026-03-01 03:38:00+00:00,13.058081,45.481208,10.67,264.5
200000001,2026-03-01 03:40:00+00:00,12.78551,43.453334,9.61,239.2
200000002,2026-03-01 03:40:00+00:00,12.702915,44.955176,14.25,266.2
200000003,2026-03-01 03:40:00+00:00,13.040402,45.519302,11.99,84.0
200000004,2026-03-01 03:40:00+00:00,12.469623,45.359512,9.95,262.9
200000005,2026-03-01 03:40:00+00:00,12.558894,46.792891,14.06,80.7
200000006,2026-03-01 03:40:00+00:00,13.06604,45.157756,9.9,97.2
200000007,2026-03-01 03:40:00+00:00,13.109093,44.424325,13.51,276.3
200000008,2026-03-01 03:40:00+00:00,12.899535,44.874262,15.27,260.2
200000009,2026-03-01 03:40:00+00:00,12.297153,44.78067,12.41,99.3
200000010,2026-03-01 03:40:00+00:00,12.311267,45.777482,9.59,73.3
200000011,2026-03-01 03:40:00+00:00,13.588479,45.054539,14.59,86.3
200000012,2026-03-01 03:40:00+00:00,12.540268,44.126294,12.51,274.4
200000013,2026-03-01 03:40:00+00:00,12.268641,44.665311,11.99,266.1
200000014,2026-03-01 03:40:00+00:00,13.127776,46.037921,11.39,102.1
200000015,2026-03-01 03:40:00+00:00,12.754392,45.353613,16.11,91.2
200000016,2026-03-01 03:40:00+00:00,12.542484,45.941778,10.12,59.3
200000017,2026-03-01 03:40:00+00:00,12.519598,46.333602,11.45,102.2
200000018,2026-03-01 03:40:00+00:00,12.374994,43.968451,9.03,243.7
200000019,2026-03-01 03:40:00+00:00,13.077234,46.586563,13.75,83.4
200000020,2026-03-01 03:40:00+00:00,12.670762,45.085618,13.16,88.9
200000021,2026-03-01 03:40:00+00:00,11.985258,43.890112,13.49,255.9
200000022,2026-03-01 03:40:00+00:00,12.702776,44.23104,14.77,256.8
200000023,2026-03-01 03:40:00+00:00,13.466588,45.687202,15.15,42.0
200000024,2026-03-01 03:40:00+00:00,12.686099,44.706974,12.38,273.0
200000025,2026-03-01 03:40:00+00:00,12.627215,44.605593,10.39,43.0
200000026,2026-03-01 03:40:00+00:00,12.141063,43.772378,14.13,255.6
200000027,2026-03-01 03:40:00+00:00,13.444636,44.836304,11.12,73.4
200000028,2026-03-01 03:40:00+00:00,13.120274,45.890697,14.08,76.8
200000029,2026-03-01 03:40:00+00:00,12.232401,45.925618,15.48,79.9
200000030,2026-03-01 03:40:00+00:00,12.139807,45.937261,11.59,87.9
200000031,2026-03-01 03:40:00+00:00,12.655434,46.714708,13.1,67.6
200000032,2026-03-01 03:40:00+00:00,12.711419,43.984291,10.57,270.4
200000033,2026-03-01 03:40:00+00:00,12.992331,44.015981,11.61,274.7
200000034,2026-03-01 03:40:00+00:00,12.250426,43.505296,11.73,277.2
200000035,2026-03-01 03:40:00+00:00,12.869911,46.202892,10.47,45.2
200000036,2026-03-01 03:40:00+00:00,13.152734,44.792994,10.09,48.7
200000037,2026-03-01 03:40:00+00:00,12.580087,44.746186,15.53,246.1
200000038,2026-03-01 03:40:00+00:00,12.881017,45.451995,1.39,269.9
200000039,2026-03-01 03:40:00+00:00,12.883362,45.455538,1.89,26.3
200000040,2026-03-01 03:40:00+00:00,13.057894,45.47952,8.98,261.1
200000001,2026-03-01 03:42:00+00:00,12.782759,43.4484,9.76,240.3
200000002,2026-03-01 03:42:00+00:00,12.70183,44.947278,14.16,260.1
200000003,2026-03-01 03:42:00+00:00,13.041015,45.5263,12.21,82.9
200000004,2026-03-01 03:42:00+00:00,12.468939,45.353914,9.9,261.6
200000005,2026-03-01 03:42:00+00:00,12.560497,46.800682,13.93,78.0
200000006,2026-03-01 03:42:00+00:00,13.065001,45.163263,10.06,96.7
200000007,2026-03-01 03:42:00+00:00,13.110201,44.416592,13.55,280.6
200000008,2026-03-01 03:42:00+00:00,12.898194,44.865629,15.45,261.4
200000009,2026-03-01 03:42:00+00:00,12.296251,44.787594,12.4,95.0
200000010,2026-03-01 03:42:00+00:00,12.31317,45.7826,9.59,67.6
200000011,2026-03-01 03:42:00+00:00,13.588874,45.062729,14.49,86.8
200000012,2026-03-01 03:42:00+00:00,12.540302,44.119275,12.22,271.6
200000013,2026-03-01 03:42:00+00:00,12.268067,44.658353,12.25,266.8
200000014,2026-03-01 03:42:00+00:00,13.126501,46.044219,11.47,101.9
200000015,2026-03-01 03:42:00+00:00,12.753914,45.362561,15.51,94.8
200000016,2026-03-01 03:42:00+00:00,12.5455,45.946572,10.02,62.1
200000017,2026-03-01 03:42:00+00:00,12.518019,46.339903,11.47,105.0
200000018,2026-03-01 03:42:00+00:00,12.373052,43.963621,9.28,246.7
200000019,2026-03-01 03:42:00+00:00,13.077847,46.594363,13.45,83.7
200000020,2026-03-01 03:42:00+00:00,12.670404,45.093084,12.95,94.8
200000021,2026-03-01 03:42:00+00:00,11.983723,43.882612,13.22,261.1
200000022,2026-03-01 03:42:00+00:00,12.700102,44.222846,15.05,250.4
200000023,2026-03-01 03:42:00+00:00,13.473022,45.692698,14.9,41.2
200000024,2026-03-01 03:42:00+00:00,12.686547,44.700016,12.13,274.1
200000025,2026-03-01 03:42:00+00:00,12.631271,44.609703,10.26,48.7
200000026,2026-03-01 03:42:00+00:00,12.138693,43.764798,14.06,254.0
200000027,2026-03-01 03:42:00+00:00,13.446437,44.842544,11.51,74.3
200000028,2026-03-01 03:42:00+00:00,13.122391,45.898461,14.22,73.0
200000029,2026-03-01 03:42:00+00:00,12.233765,45.934356,15.26,83.3
200000030,2026-03-01 03:42:00+00:00,12.140097,45.943891,11.6,87.1
200000031,2026-03-01 03:42:00+00:00,12.658117,46.721614,12.95,69.7
200000032,2026-03-01 03:42:00+00:00,12.711519,43.978262,10.52,272.4
200000033,2026-03-01 03:42:00+00:00,12.993406,44.00945,11.71,277.4
200000034,2026-03-01 03:42:00+00:00,12.251476,43.4987,11.55,279.8
200000035,2026-03-01 03:42:00+00:00,12.874035,46.207066,10.87,42.6
200000036,2026-03-01 03:42:00+00:00,13.156452,44.797233,9.98,52.7
200000037,2026-03-01 03:42:00+00:00,12.576885,44.737981,15.19,247.2
200000038,2026-03-01 03:42:00+00:00,12.879931,45.451414,0.79,170.7
200000039,2026-03-01 03:42:00+00:00,12.883712,45.455677,0.59,301.3
200000040,2026-03-01 03:42:00+00:00,13.056927,45.4708,11.35,264.2
200000001,2026-03-01 03:44:00+00:00,12.780118,43.443404,10.19,241.4
200000002,2026-03-01 03:44:00+00:00,12.7009,44.93936,14.39,263.3
200000003,2026-03-01 03:44:00+00:00,13.041556,45.533303,12.11,89.6
200000004,2026-03-01 03:44:00+00:00,12.468252,45.348316,9.89,265.5
200000005,2026-03-01 03:44:00+00:00,12.562252,46.808439,13.74,80.0
200000006,2026-03-01 03:44:00+00:00,13.064232,45.168817,9.82,100.1
200000007,2026-03-01 03:44:00+00:00,13.111478,44.408886,13.67,280.6
200000008,2026-03-01 03:44:00+00:00,12.89666,44.857029,15.4,258.3
200000009,2026-03-01 03:44:00+00:00,12.295568,44.794544,12.45,96.3
200000010,2026-03-01 03:44:00+00:00,12.3153,45.787624,9.8,67.4
200000011,2026-03-01 03:44:00+00:00,13.589121,45.070925,14.63,89.1
200000012,2026-03-01 03:44:00+00:00,12.540517,44.11226,12.18,270.0
200000013,2026-03-01 03:44:00+00:00,12.267318,44.651412,12.13,267.0
200000014,2026-03-01 03:44:00+00:00,13.125361,46.050544,11.34,103.6
200000015,2026-03-01 03:44:00+00:00,12.753331,45.371503,15.76,94.3
200000016,2026-03-01 03:44:00+00:00,12.548265,45.951523,10.34,56.0
200000017,2026-03-01 03:44:00+00:00,12.516267,46.346157,11.46,105.7
200000018,2026-03-01 03:44:00+00:00,12.371272,43.958726,9.16,252.6
200000019,2026-03-01 03:44:00+00:00,13.078762,46.602132,13.7,83.1
200000020,2026-03-01 03:44:00+00:00,12.670307,45.100558,13.1,91.6
200000021,2026-03-01 03:44:00+00:00,11.981907,43.875177,13.48,257.2
200000022,2026-03-01 03:44:00+00:00,12.697001,44.214812,14.94,248.6
200000023,2026-03-01 03:44:00+00:00,13.479394,45.698271,15.35,40.0
200000024,2026-03-01 03:44:00+00:00,12.68707,44.693064,12.08,276.4
200000025,2026-03-01 03:44:00+00:00,12.635269,44.613871,10.08,44.8
200000026,2026-03-01 03:44:00+00:00,12.136432,43.757184,14.26,255.2
200000027,2026-03-01 03:44:00+00:00,13.448125,44.848817,11.23,76.1
200000028,2026-03-01 03:44:00+00:00,13.124508,45.906225,13.88,74.1
200000029,2026-03-01 03:44:00+00:00,12.235351,45.943056,15.5,81.2
200000030,2026-03-01 03:44:00+00:00,12.140556,45.95051,11.6,87.9
200000031,2026-03-01 03:44:00+00:00,12.660671,46.728572,13.06,66.4
200000032,2026-03-01 03:44:00+00:00,12.711725,43.972235,10.79,269.7
200000033,2026-03-01 03:44:00+00:00,12.994686,44.002958,11.65,283.6
200000034,2026-03-01 03:44:00+00:00,12.252528,43.492105,11.9,283.3
200000035,2026-03-01 03:44:00+00:00,12.87809,46.211312,10.44,43.7
200000036,2026-03-01 03:44:00+00:00,13.160053,44.801577,10.14,50.1
200000037,2026-03-01 03:44:00+00:00,12.573661,44.729786,15.47,248.8
200000038,2026-03-01 03:44:00+00:00,12.879993,45.452149,1.23,82.3
200000039,2026-03-01 03:44:00+00:00,12.883707,45.454893,1.86,208.1
200000040,2026-03-01 03:44:00+00:00,13.056497,45.466918,6.3,197.3
200000001,2026-03-01 03:46:00+00:00,12.77756,43.438362,9.93,243.2
200000002,2026-03-01 03:46:00+00:00,12.700179,44.931418,14.05,262.1
200000003,2026-03-01 03:46:00+00:00,13.041779,45.540325,12.4,86.9
200000004,2026-03-01 03:46:00+00:00,12.467513,45.342726,9.67,260.2
200000005,2026-03-01 03:46:00+00:00,12.564308,46.816118,14.34,76.5
200000006,2026-03-01 03:46:00+00:00,13.063626,45.174392,9.68,97.7
200000007,2026-03-01 03:46:00+00:00,13.112643,44.401162,13.91,279.3
200000008,2026-03-01 03:46:00+00:00,12.895034,44.848447,15.33,259.9
200000009,2026-03-01 03:46:00+00:00,12.29486,44.801491,12.7,91.9
200000010,2026-03-01 03:46:00+00:00,12.317379,45.792671,9.5,69.0
200000011,2026-03-01 03:46:00+00:00,13.589408,45.07912,14.45,90.6
200000012,2026-03-01 03:46:00+00:00,12.540603,44.105241,12.07,274.5
200000013,2026-03-01 03:46:00+00:00,12.266812,44.644449,12.11,266.1
200000014,2026-03-01 03:46:00+00:00,13.124038,46.056832,11.31,99.7
200000015,2026-03-01 03:46:00+00:00,12.752756,45.380446,15.59,88.2
200000016,2026-03-01 03:46:00+00:00,12.550922,45.956535,10.03,65.3
200000017,2026-03-01 03:46:00+00:00,12.514249,46.352326,11.34,111.4
200000018,2026-03-01 03:46:00+00:00,12.369601,43.95379,9.13,249.5
200000019,2026-03-01 03:46:00+00:00,13.079641,46.609906,13.66,84.6
200000020,2026-03-01 03:46:00+00:00,12.670196,45.108032,13.04,90.0
200000021,2026-03-01 03:46:00+00:00,11.979922,43.867788,13.56,254.8
200000022,2026-03-01 03:46:00+00:00,12.693623,44.206896,15.07,245.6
200000023,2026-03-01 03:46:00+00:00,13.485803,45.703798,14.93,38.3
200000024,2026-03-01 03:46:00+00:00,12.68755,44.686109,12.31,274.4
200000025,2026-03-01 03:46:00+00:00,12.639128,44.618175,10.21,45.6
200000026,2026-03-01 03:46:00+00:00,12.134125,43.749583,13.98,253.5
200000027,2026-03-01 03:46:00+00:00,13.449961,44.855046,11.5,73.6
200000028,2026-03-01 03:46:00+00:00,13.126957,45.913885,14.24,68.1
200000029,2026-03-01 03:46:00+00:00,12.236683,45.9518,15.36,77.7
200000030,2026-03-01 03:46:00+00:00,12.140961,45.957134,11.87,90.6
200000031,2026-03-01 03:46:00+00:00,12.663258,46.735516,13.15,69.7
200000032,2026-03-01 03:46:00+00:00,12.711873,43.966206,10.43,272.5
200000033,2026-03-01 03:46:00+00:00,12.995981,43.996469,11.62,279.6
200000034,2026-03-01 03:46:00+00:00,12.253859,43.485563,11.58,280.8
200000035,2026-03-01 03:46:00+00:00,12.882314,46.21538,10.76,39.0
200000036,2026-03-01 03:46:00+00:00,13.163607,44.805961,9.95,51.3
200000037,2026-03-01 03:46:00+00:00,12.570456,44.721583,15.67,251.8
200000038,2026-03-01 03:46:00+00:00,12.880011,45.452567,0.14,146.3
200000039,2026-03-01 03:46:00+00:00,12.881896,45.454583,1.04,136.8
200000040,2026-03-01 03:46:00+00:00,13.050037,45.468803,13.51,163.5
200000001,2026-03-01 03:48:00+00:00,12.774874,43.43339,9.94,239.9
200000002,2026-03-01 03:48:00+00:00,12.699244,44.9235,14.0,265.0
200000003,2026-03-01 03:48:00+00:00,13.04183,45.54735,12.42,89.6
200000004,2026-03-01 03:48:00+00:00,12.466837,45.337127,10.01,266.5
200000005,2026-03-01 03:48:00+00:00,12.56629,46.823817,14.13,77.5
200000006,2026-03-01 03:48:00+00:00,13.062589,45.179899,9.91,103.9
200000007,2026-03-01 03:48:00+00:00,13.113826,44.39344,13.79,276.6
200000008,2026-03-01 03:48:00+00:00,12.893199,44.83991,15.47,257.8
200000009,2026-03-01 03:48:00+00:00,12.294242,44.808447,12.28,92.5
200000010,2026-03-01 03:48:00+00:00,12.319464,45.797714,9.69,66.4
200000011,2026-03-01 03:48:00+00:00,13.589693,45.087315,14.29,90.1
200000012,2026-03-01 03:48:00+00:00,12.54077,44.098225,12.27,273.3
200000013,2026-03-01 03:48:00+00:00,12.266566,44.63747,12.41,270.1
200000014,2026-03-01 03:48:00+00:00,13.122881,46.063154,11.53,101.4
200000015,2026-03-01 03:48:00+00:00,12.752319,45.389396,15.69,92.6
200000016,2026-03-01 03:48:00+00:00,12.553555,45.96156,10.1,64.3
200000017,2026-03-01 03:48:00+00:00,12.511992,46.358406,11.37,110.2
200000018,2026-03-01 03:48:00+00:00,12.367848,43.948885,9.09,250.0
200000019,2026-03-01 03:48:00+00:00,13.080095,46.617718,13.61,87.2
200000020,2026-03-01 03:48:00+00:00,12.670098,45.115506,13.23,93.0
200000021,2026-03-01 03:48:00+00:00,11.978024,43.860374,13.73,258.6
200000022,2026-03-01 03:48:00+00:00,12.690582,44.198839,14.91,254.2
200000023,2026-03-01 03:48:00+00:00,13.492379,45.709114,14.91,35.4
200000024,2026-03-01 03:48:00+00:00,12.688442,44.679196,12.28,278.4
200000025,2026-03-01 03:48:00+00:00,12.643059,44.622411,10.53,43.5
200000026,2026-03-01 03:48:00+00:00,12.131882,43.741963,14.12,254.8
200000027,2026-03-01 03:48:00+00:00,13.451767,44.861284,11.32,75.9
200000028,2026-03-01 03:48:00+00:00,13.129899,45.92136,14.39,64.5
200000029,2026-03-01 03:48:00+00:00,12.238293,45.960495,15.46,78.6
200000030,2026-03-01 03:48:00+00:00,12.141313,45.96376,11.58,85.2
200000031,2026-03-01 03:48:00+00:00,12.666209,46.742307,13.04,67.9
200000032,2026-03-01 03:48:00+00:00,12.712237,43.960187,10.7,271.8
200000033,2026-03-01 03:48:00+00:00,12.997242,43.989973,11.56,278.9
200000034,2026-03-01 03:48:00+00:00,12.255301,43.479046,11.6,282.0
200000035,2026-03-01 03:48:00+00:00,12.8866,46.219379,10.28,46.1
200000036,2026-03-01 03:48:00+00:00,13.167199,44.810313,9.97,49.7
200000037,2026-03-01 03:48:00+00:00,12.567201,44.7134,15.69,246.7
200000038,2026-03-01 03:48:00+00:00,12.879829,45.452262,0.42,184.4
200000039,2026-03-01 03:48:00+00:00,12.882878,45.455652,1.56,16.5
200000040,2026-03-01 03:48:00+00:00,13.042027,45.47114,13.61,162.7
200000001,2026-03-01 03:50:00+00:00,12.772228,43.428396,10.23,242.5
200000002,2026-03-01 03:50:00+00:00,12.69892,44.915532,13.84,268.1
200000003,2026-03-01 03:50:00+00:00,13.041884,45.554376,12.23,92.8
200000004,2026-03-01 03:50:00+00:00,12.466235,45.331519,9.88,260.7
200000005,2026-03-01 03:50:00+00:00,12.568423,46.831473,14.0,71.3
200000006,2026-03-01 03:50:00+00:00,13.061334,45.185359,9.67,101.6
200000007,2026-03-01 03:50:00+00:00,13.114915,44.385704,13.69,274.9
200000008,2026-03-01 03:50:00+00:00,12.891564,44.83133,15.4,261.1
200000009,2026-03-01 03:50:00+00:00,12.293569,44.815398,12.06,100.6
200000010,2026-03-01 03:50:00+00:00,12.321638,45.802719,9.61,63.0
200000011,2026-03-01 03:50:00+00:00,13.589736,45.095515,14.5,89.6
200000012,2026-03-01 03:50:00+00:00,12.540924,44.091208,12.17,266.8
200000013,2026-03-01 03:50:00+00:00,12.266365,44.63049,12.0,266.9
200000014,2026-03-01 03:50:00+00:00,13.121822,46.069494,11.48,98.1
200000015,2026-03-01 03:50:00+00:00,12.751898,45.398348,15.91,92.8
200000016,2026-03-01 03:50:00+00:00,12.556267,45.966541,10.11,58.0
200000017,2026-03-01 03:50:00+00:00,12.509448,46.364367,11.5,116.6
200000018,2026-03-01 03:50:00+00:00,12.365981,43.944024,9.32,248.8
200000019,2026-03-01 03:50:00+00:00,13.080355,46.625539,13.94,90.6
200000020,2026-03-01 03:50:00+00:00,12.670052,45.12298,13.11,91.1
200000021,2026-03-01 03:50:00+00:00,11.976324,43.852911,13.67,255.8
200000022,2026-03-01 03:50:00+00:00,12.687423,44.190829,15.22,248.2
200000023,2026-03-01 03:50:00+00:00,13.49919,45.714107,15.12,39.5
200000024,2026-03-01 03:50:00+00:00,12.689157,44.672262,12.46,276.9
200000025,2026-03-01 03:50:00+00:00,12.647116,44.626519,10.25,44.8
200000026,2026-03-01 03:50:00+00:00,12.129559,43.734368,13.88,253.0
200000027,2026-03-01 03:50:00+00:00,13.453694,44.867484,11.48,68.3
200000028,2026-03-01 03:50:00+00:00,13.132832,45.928839,14.0,66.2
200000029,2026-03-01 03:50:00+00:00,12.240178,45.969132,15.75,78.3
200000030,2026-03-01 03:50:00+00:00,12.141894,45.97037,11.6,83.0
200000031,2026-03-01 03:50:00+00:00,12.669259,46.749051,13.01,62.0
200000032,2026-03-01 03:50:00+00:00,12.712517,43.954163,10.58,274.4
200000033,2026-03-01 03:50:00+00:00,12.998211,43.983425,11.82,276.5
200000034,2026-03-01 03:50:00+00:00,12.256954,43.472581,11.54,284.2
200000035,2026-03-01 03:50:00+00:00,12.890847,46.223422,10.47,41.4
200000036,2026-03-01 03:50:00+00:00,13.170825,44.814635,9.84,53.3
200000037,2026-03-01 03:50:00+00:00,12.564122,44.705147,15.43,252.4
200000038,2026-03-01 03:50:00+00:00,12.879325,45.452525,7.84,311.6
200000039,2026-03-01 03:50:00+00:00,12.883662,45.455118,7.61,138.8
200000040,2026-03-01 03:50:00+00:00,13.035525,45.473037,10.68,161.8
200000001,2026-03-01 03:52:00+00:00,12.769699,43.423339,10.01,246.6
200000002,2026-03-01 03:52:00+00:00,12.698851,44.907556,13.9,267.7
200000003,2026-03-01 03:52:00+00:00,13.042066,45.561399,12.38,87.6
200000004,2026-03-01 03:52:00+00:00,12.465538,45.325923,9.61,264.2
200000005,2026-03-01 03:52:00+00:00,12.570494,46.839148,14.08,73.3
200000006,2026-03-01 03:52:00+00:00,13.060014,45.190802,9.71,106.2
200000007,2026-03-01 03:52:00+00:00,13.115742,44.377933,13.79,277.7
200000008,2026-03-01 03:52:00+00:00,12.89,44.822736,15.12,260.9
200000009,2026-03-01 03:52:00+00:00,12.292398,44.822279,12.11,102.7
200000010,2026-03-01 03:52:00+00:00,12.323909,45.807678,9.79,61.8
200000011,2026-03-01 03:52:00+00:00,13.589939,45.103713,14.43,87.5
200000012,2026-03-01 03:52:00+00:00,12.541125,44.084192,12.59,269.3
200000013,2026-03-01 03:52:00+00:00,12.266027,44.623516,12.23,265.2
200000014,2026-03-01 03:52:00+00:00,13.12051,46.075784,11.58,101.6
200000015,2026-03-01 03:52:00+00:00,12.751507,45.407301,15.53,90.9
200000016,2026-03-01 03:52:00+00:00,12.558969,45.971528,9.93,60.8
200000017,2026-03-01 03:52:00+00:00,12.507061,46.370396,11.53,114.6
200000018,2026-03-01 03:52:00+00:00,12.364162,43.939144,9.38,248.9
200000019,2026-03-01 03:52:00+00:00,13.080241,46.633364,13.61,90.3
200000020,2026-03-01 03:52:00+00:00,12.670106,45.130455,12.98,89.4
200000021,2026-03-01 03:52:00+00:00,11.974721,43.845426,13.34,259.9
200000022,2026-03-01 03:52:00+00:00,12.683868,44.182995,15.35,243.8
200000023,2026-03-01 03:52:00+00:00,13.505824,45.719347,14.89,36.3
200000024,2026-03-01 03:52:00+00:00,12.689953,44.665337,12.12,278.6
200000025,2026-03-01 03:52:00+00:00,12.651133,44.630668,10.42,42.7
200000026,2026-03-01 03:52:00+00:00,12.127311,43.726749,14.03,254.5
200000027,2026-03-01 03:52:00+00:00,13.455653,44.873674,11.33,69.3
200000028,2026-03-01 03:52:00+00:00,13.135678,45.936353,14.27,69.3
200000029,2026-03-01 03:52:00+00:00,12.241835,45.977817,15.66,76.8
200000030,2026-03-01 03:52:00+00:00,12.142631,45.976963,11.67,84.2
200000031,2026-03-01 03:52:00+00:00,12.672157,46.755865,12.94,64.8
200000032,2026-03-01 03:52:00+00:00,12.713121,43.948165,10.64,275.8
200000033,2026-03-01 03:52:00+00:00,12.999125,43.976868,11.68,276.7
200000034,2026-03-01 03:52:00+00:00,12.258623,43.46612,11.65,285.0
200000035,2026-03-01 03:52:00+00:00,12.894989,46.227578,10.18,44.4
200000036,2026-03-01 03:52:00+00:00,13.174491,44.818921,9.91,47.4
200000037,2026-03-01 03:52:00+00:00,12.561058,44.696888,15.44,249.3
200000038,2026-03-01 03:52:00+00:00,12.885981,45.445875,16.32,308.0
200000039,2026-03-01 03:52:00+00:00,12.876606,45.4615,16.41,131.5
200000040,2026-03-01 03:52:00+00:00,13.030559,45.474485,10.27,236.7
200000001,2026-03-01 03:54:00+00:00,12.76734,43.418196,9.95,246.6
200000002,2026-03-01 03:54:00+00:00,12.699016,44.899582,13.76,268.3
200000003,2026-03-01 03:54:00+00:00,13.042234,45.568422,12.17,89.3
200000004,2026-03-01 03:54:00+00:00,12.465029,45.320305,9.73,268.4
200000005,2026-03-01 03:54:00+00:00,12.572693,46.846785,13.92,69.7
200000006,2026-03-01 03:54:00+00:00,13.058506,45.196194,10.0,104.0
200000007,2026-03-01 03:54:00+00:00,13.116477,44.370153,13.85,276.5
200000008,2026-03-01 03:54:00+00:00,12.888384,44.814153,15.24,260.6
200000009,2026-03-01 03:54:00+00:00,12.291157,44.829147,12.32,99.0
200000010,2026-03-01 03:54:00+00:00,12.326268,45.812594,9.6,66.9
200000011,2026-03-01 03:54:00+00:00,13.590127,45.11191,14.03,90.1
200000012,2026-03-01 03:54:00+00:00,12.541532,44.077186,12.18,275.6
200000013,2026-03-01 03:54:00+00:00,12.265776,44.616538,12.4,268.8
200000014,2026-03-01 03:54:00+00:00,13.119124,46.082058,11.29,103.0
200000015,2026-03-01 03:54:00+00:00,12.751153,45.416255,15.93,92.2
200000016,2026-03-01 03:54:00+00:00,12.561695,45.976501,10.22,59.7
200000017,2026-03-01 03:54:00+00:00,12.504751,46.376456,11.37,110.7
200000018,2026-03-01 03:54:00+00:00,12.362219,43.934315,9.13,247.2
200000019,2026-03-01 03:54:00+00:00,13.08012,46.641189,13.52,89.7
200000020,2026-03-01 03:54:00+00:00,12.670403,45.137924,13.09,85.9
200000021,2026-03-01 03:54:00+00:00,11.973103,43.837944,13.52,256.3
200000022,2026-03-01 03:54:00+00:00,12.68064,44.175015,15.11,247.6
200000023,2026-03-01 03:54:00+00:00,13.512183,45.724935,15.07,40.2
200000024,2026-03-01 03:54:00+00:00,12.690986,44.658445,12.32,272.2
200000025,2026-03-01 03:54:00+00:00,12.655244,44.634721,10.05,43.3
200000026,2026-03-01 03:54:00+00:00,12.12508,43.719126,14.02,254.8
200000027,2026-03-01 03:54:00+00:00,13.457781,44.879804,11.34,68.0
200000028,2026-03-01 03:54:00+00:00,13.13853,45.943865,14.05,68.9
200000029,2026-03-01 03:54:00+00:00,12.243613,45.986478,15.37,78.9
200000030,2026-03-01 03:54:00+00:00,12.143204,45.983573,12.05,84.0
200000031,2026-03-01 03:54:00+00:00,12.675146,46.762638,13.14,68.0
200000032,2026-03-01 03:54:00+00:00,12.713722,43.942165,10.55,273.0
200000033,2026-03-01 03:54:00+00:00,13.000259,43.970347,11.53,282.8
200000034,2026-03-01 03:54:00+00:00,12.260357,43.459678,11.75,286.4
200000035,2026-03-01 03:54:00+00:00,12.899324,46.231521,10.27,43.3
200000036,2026-03-01 03:54:00+00:00,13.178203,44.823165,9.8,46.5
200000037,2026-03-01 03:54:00+00:00,12.558353,44.688499,15.73,251.0
200000038,2026-03-01 03:54:00+00:00,12.890668,45.438063,16.06,301.9
200000039,2026-03-01 03:54:00+00:00,12.871918,45.469313,16.26,122.6
200000040,2026-03-01 03:54:00+00:00,13.029086,45.463205,12.13,262.9
200000001,2026-03-01 03:56:00+00:00,12.765261,43.412928,9.81,251.4
200000002,2026-03-01 03:56:00+00:00,12.698899,44.891607,14.07,268.0
200000003,2026-03-01 03:56:00+00:00,13.042472,45.575444,12.4,86.2
200000004,2026-03-01 03:56:00+00:00,12.464397,45.314701,10.27,263.8
200000005,2026-03-01 03:56:00+00:00,12.575227,46.854312,14.11,71.7
200000006,2026-03-01 03:56:00+00:00,13.056976,45.201579,10.0,106.6
200000007,2026-03-01 03:56:00+00:00,13.117488,44.362405,13.84,277.0
200000008,2026-03-01 03:56:00+00:00,12.886762,44.80557,15.14,261.8
200000009,2026-03-01 03:56:00+00:00,12.290203,44.836064,12.37,100.6
200000010,2026-03-01 03:56:00+00:00,12.328514,45.817565,9.43,65.0
200000011,2026-03-01 03:56:00+00:00,13.590015,45.12011,14.26,96.6
200000012,2026-03-01 03:56:00+00:00,12.541895,44.070177,12.34,272.0
200000013,2026-03-01 03:56:00+00:00,12.265244,44.609577,12.14,263.0
200000014,2026-03-01 03:56:00+00:00,13.117863,46.088358,11.06,101.9
200000015,2026-03-01 03:56:00+00:00,12.750554,45.425196,15.84,94.6
200000016,2026-03-01 03:56:00+00:00,12.564568,45.981387,9.95,57.5
200000017,2026-03-01 03:56:00+00:00,12.5025,46.382539,11.64,110.4
200000018,2026-03-01 03:56:00+00:00,12.360542,43.929381,9.2,251.1
200000019,2026-03-01 03:56:00+00:00,13.080207,46.649014,13.77,88.1
200000020,2026-03-01 03:56:00+00:00,12.670795,45.145387,13.36,89.5
200000021,2026-03-01 03:56:00+00:00,11.971231,43.830524,13.37,252.7
200000022,2026-03-01 03:56:00+00:00,12.67737,44.167052,15.33,244.0
200000023,2026-03-01 03:56:00+00:00,13.518323,45.730778,14.95,42.7
200000024,2026-03-01 03:56:00+00:00,12.691937,44.651541,12.1,280.0
200000025,2026-03-01 03:56:00+00:00,12.659546,44.638559,10.21,40.3
200000026,2026-03-01 03:56:00+00:00,12.123227,43.711397,13.92,257.6
200000027,2026-03-01 03:56:00+00:00,13.460017,44.885894,11.2,69.7
200000028,2026-03-01 03:56:00+00:00,13.141011,45.951514,14.26,69.9
200000029,2026-03-01 03:56:00+00:00,12.245178,45.995182,15.76,81.7
200000030,2026-03-01 03:56:00+00:00,12.14375,45.990186,11.7,82.9
200000031,2026-03-01 03:56:00+00:00,12.678398,46.769283,13.19,64.4
200000032,2026-03-01 03:56:00+00:00,12.714274,43.936161,10.74,274.1
200000033,2026-03-01 03:56:00+00:00,13.001175,43.96379,11.47,281.4
200000034,2026-03-01 03:56:00+00:00,12.262387,43.453326,11.78,289.3
200000035,2026-03-01 03:56:00+00:00,12.903708,46.235407,10.19,39.1
200000036,2026-03-01 03:56:00+00:00,13.181914,44.827411,10.1,45.5
200000037,2026-03-01 03:56:00+00:00,12.555496,44.680162,15.37,252.8
200000038,2026-03-01 03:56:00+00:00,12.895356,45.43025,15.97,303.7
200000039,2026-03-01 03:56:00+00:00,12.867231,45.477125,16.01,120.4
200000040,2026-03-01 03:56:00+00:00,13.028795,45.460974,6.69,262.7
200000001,2026-03-01 03:58:00+00:00,12.763451,43.407556,9.85,249.8
200000002,2026-03-01 03:58:00+00:00,12.698559,44.883639,14.01,268.1
200000003,2026-03-01 03:58:00+00:00,13.042858,45.582458,12.21,86.6
200000004,2026-03-01 03:58:00+00:00,12.463745,45.309099,9.99,263.7
200000005,2026-03-01 03:58:00+00:00,12.577705,46.861859,13.94,73.4
200000006,2026-03-01 03:58:00+00:00,13.055503,45.20698,9.82,108.3
200000007,2026-03-01 03:58:00+00:00,13.118417,44.354647,13.62,277.5
200000008,2026-03-01 03:58:00+00:00,12.885731,44.796893,15.57,262.8
200000009,2026-03-01 03:58:00+00:00,12.289185,44.84297,12.15,99.5
200000010,2026-03-01 03:58:00+00:00,12.330727,45.822552,9.64,68.6
200000011,2026-03-01 03:58:00+00:00,13.589608,45.128299,14.67,91.1
200000012,2026-03-01 03:58:00+00:00,12.542093,44.063161,12.53,270.4
200000013,2026-03-01 03:58:00+00:00,12.264481,44.602637,12.17,261.2
200000014,2026-03-01 03:58:00+00:00,13.116654,46.09467,11.44,101.8
200000015,2026-03-01 03:58:00+00:00,12.749798,45.434125,15.87,93.8
200000016,2026-03-01 03:58:00+00:00,12.567493,45.98624,10.05,59.0
200000017,2026-03-01 03:58:00+00:00,12.500457,46.388699,11.46,107.2
200000018,2026-03-01 03:58:00+00:00,12.358772,43.924483,9.31,248.8
200000019,2026-03-01 03:58:00+00:00,13.080041,46.656838,13.78,91.8
200000020,2026-03-01 03:58:00+00:00,12.67129,45.152845,13.07,84.6
200000021,2026-03-01 03:58:00+00:00,11.969405,43.823092,13.66,257.1
200000022,2026-03-01 03:58:00+00:00,12.673952,44.159155,15.15,250.5
200000023,2026-03-01 03:58:00+00:00,13.524338,45.736756,14.9,41.8
200000024,2026-03-01 03:58:00+00:00,12.693188,44.644687,12.33,282.6
200000025,2026-03-01 03:58:00+00:00,12.663967,44.642252,10.14,39.8
200000026,2026-03-01 03:58:00+00:00,12.121361,43.703672,13.9,256.1
200000027,2026-03-01 03:58:00+00:00,13.462236,44.89199,11.35,70.9
200000028,2026-03-01 03:58:00+00:00,13.143585,45.959131,14.01,69.9
200000029,2026-03-01 03:58:00+00:00,12.246418,46.00394,15.5,80.4
200000030,2026-03-01 03:58:00+00:00,12.144449,45.996784,11.49,85.3
200000031,2026-03-01 03:58:00+00:00,12.681509,46.775999,12.63,59.7
200000032,2026-03-01 03:58:00+00:00,12.714741,43.93015,10.44,276.1
200000033,2026-03-01 03:58:00+00:00,13.002121,43.957238,11.76,277.8
200000034,2026-03-01 03:58:00+00:00,12.264211,43.446909,11.55,287.9
200000035,2026-03-01 03:58:00+00:00,12.907986,46.239416,10.5,41.6
200000036,2026-03-01 03:58:00+00:00,13.185759,44.831528,10.03,45.8
200000037,2026-03-01 03:58:00+00:00,12.55266,44.671818,15.58,250.2
200000038,2026-03-01 03:58:00+00:00,12.900043,45.422438,16.14,303.0
200000039,2026-03-01 03:58:00+00:00,12.862543,45.484938,16.03,120.3
200000040,2026-03-01 03:58:00+00:00,13.028128,45.455866,7.34,262.3
200000001,2026-03-01 04:00:00+00:00,12.761498,43.402238,9.83,247.7
200000002,2026-03-01 04:00:00+00:00,12.698256,44.87567,14.15,267.0
200000003,2026-03-01 04:00:00+00:00,13.043407,45.589461,12.31,87.1
200000004,2026-03-01 04:00:00+00:00,12.46324,45.303482,10.08,266.2
200000005,2026-03-01 04:00:00+00:00,12.580372,46.869338,14.13,67.2
200000006,2026-03-01 04:00:00+00:00,13.053886,45.212338,9.69,109.1
200000007,2026-03-01 04:00:00+00:00,13.119213,44.346873,13.81,280.1
200000008,2026-03-01 04:00:00+00:00,12.884738,44.78821,15.43,261.1
200000009,2026-03-01 04:00:00+00:00,12.288345,44.849902,12.36,100.1
200000010,2026-03-01 04:00:00+00:00,12.332909,45.827553,9.52,62.9
200000011,2026-03-01 04:00:00+00:00,13.589174,45.136487,14.27,93.3
200000012,2026-03-01 04:00:00+00:00,12.542128,44.056142,12.45,267.4
200000013,2026-03-01 04:00:00+00:00,12.263648,44.595707,12.51,261.4
200000014,2026-03-01 04:00:00+00:00,13.115511,46.100995,11.28,97.9
200000015,2026-03-01 04:00:00+00:00,12.748718,45.443018,15.86,101.8
200000016,2026-03-01 04:00:00+00:00,12.570364,45.991127,10.36,57.9
200000017,2026-03-01 04:00:00+00:00,12.498454,46.394873,11.5,107.2
200000018,2026-03-01 04:00:00+00:00,12.357001,43.919584,9.28,251.2
200000019,2026-03-01 04:00:00+00:00,13.079767,46.664658,13.85,90.6
200000020,2026-03-01 04:00:00+00:00,12.67192,45.160292,13.32,82.9
200000021,2026-03-01 04:00:00+00:00,11.967837,43.815599,13.35,257.5
200000022,2026-03-01 04:00:00+00:00,12.670803,44.151141,15.14,248.2
200000023,2026-03-01 04:00:00+00:00,13.530637,45.742415,14.96,40.2
200000024,2026-03-01 04:00:00+00:00,12.694477,44.63784,12.11,284.6
200000025,2026-03-01 04:00:00+00:00,12.668208,44.646161,10.13,40.7
200000026,2026-03-01 04:00:00+00:00,12.119816,43.695872,14.21,261.7
200000027,2026-03-01 04:00:00+00:00,13.464516,44.898062,11.67,69.9
200000028,2026-03-01 04:00:00+00:00,13.146104,45.966768,14.47,71.8
200000029,2026-03-01 04:00:00+00:00,12.247578,46.01271,15.52,81.1
200000030,2026-03-01 04:00:00+00:00,12.14522,46.003373,11.68,85.2
200000031,2026-03-01 04:00:00+00:00,12.684776,46.782636,12.9,65.8
200000032,2026-03-01 04:00:00+00:00,12.715427,43.92416,10.41,274.5
200000033,2026-03-01 04:00:00+00:00,13.003246,43.950716,11.71,278.9
200000034,2026-03-01 04:00:00+00:00,12.266016,43.440487,11.75,282.0
200000035,2026-03-01 04:00:00+00:00,12.91227,46.243419,10.49,44.4
200000036,2026-03-01 04:00:00+00:00,13.189738,44.83551,10.08,44.9
200000037,2026-03-01 04:00:00+00:00,12.550182,44.663356,15.43,252.5
200000038,2026-03-01 04:00:00+00:00,12.904731,45.414625,15.93,307.0
200000039,2026-03-01 04:00:00+00:00,12.857856,45.49275,16.28,121.5
200000040,2026-03-01 04:00:00+00:00,13.027679,45.452423,4.13,325.1
200000001,2026-03-01 04:02:00+00:00,12.759417,43.39697,10.03,245.8
200000002,2026-03-01 04:02:00+00:00,12.698198,44.867694,14.1,268.1
200000003,2026-03-01 04:02:00+00:00,13.04385,45.596472,12.45,86.0
200000004,2026-03-01 04:02:00+00:00,12.463016,45.297845,9.92,270.0
200000005,2026-03-01 04:02:00+00:00,12.583308,46.876711,13.91,69.5
200000006,2026-03-01 04:02:00+00:00,13.052474,45.217757,9.73,109.8
200000007,2026-03-01 04:02:00+00:00,13.119923,44.33909,13.81,272.9
200000008,2026-03-01 04:02:00+00:00,12.883968,44.779504,15.4,262.7
200000009,2026-03-01 04:02:00+00:00,12.28741,44.856821,12.23,97.9
200000010,2026-03-01 04:02:00+00:00,12.335174,45.832515,9.56,62.0
200000011,2026-03-01 04:02:00+00:00,13.588422,45.144651,14.42,93.8
200000012,2026-03-01 04:02:00+00:00,12.542059,44.049124,12.55,268.8
200000013,2026-03-01 04:02:00+00:00,12.262929,44.588763,12.07,264.9
200000014,2026-03-01 04:02:00+00:00,13.114317,46.107309,11.1,101.5
200000015,2026-03-01 04:02:00+00:00,12.747419,45.45188,15.69,98.0
200000016,2026-03-01 04:02:00+00:00,12.573367,45.99593,9.83,57.6
200000017,2026-03-01 04:02:00+00:00,12.49649,46.401059,11.14,104.7
200000018,2026-03-01 04:02:00+00:00,12.355314,43.914655,9.05,249.6
200000019,2026-03-01 04:02:00+00:00,13.079203,46.672463,13.92,92.7
200000020,2026-03-01 04:02:00+00:00,12.67236,45.167753,13.14,86.2
200000021,2026-03-01 04:02:00+00:00,11.96629,43.808101,13.32,256.1
200000022,2026-03-01 04:02:00+00:00,12.667632,44.143137,15.11,247.9
200000023,2026-03-01 04:02:00+00:00,13.536988,45.748015,15.0,43.4
200000024,2026-03-01 04:02:00+00:00,12.695606,44.630964,12.15,280.8
200000025,2026-03-01 04:02:00+00:00,12.672392,44.650133,10.23,43.5
200000026,2026-03-01 04:02:00+00:00,12.11856,43.688019,14.1,260.0
200000027,2026-03-01 04:02:00+00:00,13.466686,44.904177,11.29,74.7
200000028,2026-03-01 04:02:00+00:00,13.148926,45.974292,14.31,66.7
200000029,2026-03-01 04:02:00+00:00,12.248501,46.02151,15.65,83.3
200000030,2026-03-01 04:02:00+00:00,12.145673,46.009993,11.28,88.8
200000031,2026-03-01 04:02:00+00:00,12.688195,46.789192,12.96,60.5
200000032,2026-03-01 04:02:00+00:00,12.715957,43.918154,10.63,279.1
200000033,2026-03-01 04:02:00+00:00,13.004161,43.944159,11.58,278.8
200000034,2026-03-01 04:02:00+00:00,12.267612,43.434007,11.88,284.8
200000035,2026-03-01 04:02:00+00:00,12.916661,46.247296,10.17,39.1
200000036,2026-03-01 04:02:00+00:00,13.193688,44.839521,10.17,42.4
200000037,2026-03-01 04:02:00+00:00,12.547605,44.654924,15.39,254.7
200000038,2026-03-01 04:02:00+00:00,12.909418,45.406813,16.15,299.4
200000039,2026-03-01 04:02:00+00:00,12.853168,45.500563,15.69,120.7
200000040,2026-03-01 04:02:00+00:00,13.032205,45.453054,13.61,7.1
200000001,2026-03-01 04:04:00+00:00,12.757246,43.391741,9.68,250.1
200000002,2026-03-01 04:04:00+00:00,12.697931,44.859723,14.26,269.7
200000003,2026-03-01 04:04:00+00:00,13.044001,45.603496,12.44,88.6
200000004,2026-03-01 04:04:00+00:00,12.462719,45.292212,10.01,271.8
200000005,2026-03-01 04:04:00+00:00,12.586243,46.884085,13.96,68.9
200000006,2026-03-01 04:04:00+00:00,13.050826,45.223105,9.98,106.4
200000007,2026-03-01 04:04:00+00:00,13.120567,44.331302,13.56,272.4
200000008,2026-03-01 04:04:00+00:00,12.883282,44.77079,15.4,263.7
200000009,2026-03-01 04:04:00+00:00,12.286222,44.863699,12.21,99.8
200000010,2026-03-01 04:04:00+00:00,12.337561,45.837417,9.45,61.3
200000011,2026-03-01 04:04:00+00:00,13.587888,45.152832,14.13,95.8
200000012,2026-03-01 04:04:00+00:00,12.5421,44.042105,12.36,268.8
200000013,2026-03-01 04:04:00+00:00,12.262285,44.581811,12.24,262.7
200000014,2026-03-01 04:04:00+00:00,13.112992,46.113596,11.15,103.3
200000015,2026-03-01 04:04:00+00:00,12.746295,45.460767,15.72,98.6
200000016,2026-03-01 04:04:00+00:00,12.57653,46.000624,10.06,55.6
200000017,2026-03-01 04:04:00+00:00,12.494608,46.407273,11.4,106.7
200000018,2026-03-01 04:04:00+00:00,12.353741,43.909686,9.56,248.0
200000019,2026-03-01 04:04:00+00:00,13.078386,46.680243,13.83,98.1
200000020,2026-03-01 04:04:00+00:00,12.672425,45.175228,12.94,90.3
200000021,2026-03-01 04:04:00+00:00,11.96456,43.800646,13.36,256.7
200000022,2026-03-01 04:04:00+00:00,12.664525,44.135106,15.45,247.9
200000023,2026-03-01 04:04:00+00:00,13.543157,45.753825,14.94,45.7
200000024,2026-03-01 04:04:00+00:00,12.696939,44.624126,12.15,280.2
200000025,2026-03-01 04:04:00+00:00,12.676583,44.654099,10.08,43.6
200000026,2026-03-01 04:04:00+00:00,12.117178,43.680188,14.14,262.6
200000027,2026-03-01 04:04:00+00:00,13.468659,44.910362,11.48,69.7
200000028,2026-03-01 04:04:00+00:00,13.151773,45.981807,14.15,66.7
200000029,2026-03-01 04:04:00+00:00,12.249002,46.030345,15.37,88.3
200000030,2026-03-01 04:04:00+00:00,12.146004,46.016621,11.61,87.6
200000031,2026-03-01 04:04:00+00:00,12.691577,46.795768,13.19,63.4
200000032,2026-03-01 04:04:00+00:00,12.716604,43.91216,10.5,273.2
200000033,2026-03-01 04:04:00+00:00,13.005141,43.937612,11.59,276.6
200000034,2026-03-01 04:04:00+00:00,12.269197,43.427524,11.78,286.0
200000035,2026-03-01 04:04:00+00:00,12.921102,46.251114,10.37,39.0
200000036,2026-03-01 04:04:00+00:00,13.197648,44.843522,10.08,40.8
200000037,2026-03-01 04:04:00+00:00,12.54503,44.646492,15.77,249.8
200000038,2026-03-01 04:04:00+00:00,12.914106,45.399,16.29,300.0
200000039,2026-03-01 04:04:00+00:00,12.848481,45.508375,16.05,121.8
200000040,2026-03-01 04:04:00+00:00,13.042972,45.454556,11.77,5.2
200000001,2026-03-01 04:06:00+00:00,12.755173,43.386471,9.74,248.7
200000002,2026-03-01 04:06:00+00:00,12.697731,44.85175,14.11,269.1
200000003,2026-03-01 04:06:00+00:00,13.044421,45.610508,12.35,86.8
200000004,2026-03-01 04:06:00+00:00,12.462534,45.286573,9.67,267.1
200000005,2026-03-01 04:06:00+00:00,12.589164,46.891464,14.08,71.2
200000006,2026-03-01 04:06:00+00:00,13.048953,45.228375,9.94,111.4
200000007,2026-03-01 04:06:00+00:00,13.121257,44.323517,13.71,272.7
200000008,2026-03-01 04:06:00+00:00,12.88241,44.762094,15.41,261.4
200000009,2026-03-01 04:06:00+00:00,12.285094,44.870587,12.37,104.1
200000010,2026-03-01 04:06:00+00:00,12.340096,45.84224,9.78,60.3
200000011,2026-03-01 04:06:00+00:00,13.587119,45.160994,14.33,91.0
200000012,2026-03-01 04:06:00+00:00,12.542111,44.035087,12.21,269.1
200000013,2026-03-01 04:06:00+00:00,12.26166,44.574858,12.24,265.2
200000014,2026-03-01 04:06:00+00:00,13.111511,46.119846,11.11,105.7
200000015,2026-03-01 04:06:00+00:00,12.745237,45.469663,15.62,99.4
200000016,2026-03-01 04:06:00+00:00,12.579712,46.005305,9.91,55.8
200000017,2026-03-01 04:06:00+00:00,12.492793,46.413507,11.71,109.7
200000018,2026-03-01 04:06:00+00:00,12.352003,43.904776,9.25,249.5
200000019,2026-03-01 04:06:00+00:00,13.077267,46.687984,13.66,97.4
200000020,2026-03-01 04:06:00+00:00,12.6726,45.1827,13.37,86.3
200000021,2026-03-01 04:06:00+00:00,11.96264,43.793239,13.55,256.0
200000022,2026-03-01 04:06:00+00:00,12.661444,44.127065,15.34,250.2
200000023,2026-03-01 04:06:00+00:00,13.548805,45.760172,15.17,50.4
200000024,2026-03-01 04:06:00+00:00,12.69825,44.617283,12.13,279.5
200000025,2026-03-01 04:06:00+00:00,12.680851,44.657977,10.48,44.5
200000026,2026-03-01 04:06:00+00:00,12.115911,43.672337,14.16,258.9
200000027,2026-03-01 04:06:00+00:00,13.470916,44.916444,11.38,67.7
200000028,2026-03-01 04:06:00+00:00,13.154623,45.98932,14.19,69.9
200000029,2026-03-01 04:06:00+00:00,12.249335,46.039188,15.49,89.5
200000030,2026-03-01 04:06:00+00:00,12.146378,46.023246,11.86,86.7
200000031,2026-03-01 04:06:00+00:00,12.694916,46.802368,13.04,60.5
200000032,2026-03-01 04:06:00+00:00,12.717165,43.906157,10.65,275.5
200000033,2026-03-01 04:06:00+00:00,13.006,43.931047,11.69,277.3
200000034,2026-03-01 04:06:00+00:00,12.270973,43.421093,11.66,288.0
200000035,2026-03-01 04:06:00+00:00,12.925693,46.25474,10.37,38.6
200000036,2026-03-01 04:06:00+00:00,13.201722,44.847401,9.94,42.5
200000037,2026-03-01 04:06:00+00:00,12.542616,44.63801,15.37,252.8
200000038,2026-03-01 04:06:00+00:00,12.918793,45.391188,16.15,304.7
200000039,2026-03-01 04:06:00+00:00,12.843793,45.516188,16.11,122.3
200000040,2026-03-01 04:06:00+00:00,13.045202,45.454867,6.19,5.3
200000001,2026-03-01 04:08:00+00:00,12.753182,43.381168,9.87,251.3
200000002,2026-03-01 04:08:00+00:00,12.697925,44.843777,13.93,270.3
200000003,2026-03-01 04:08:00+00:00,13.044477,45.617534,12.42,88.4
200000004,2026-03-01 04:08:00+00:00,12.46238,45.280934,9.78,268.9
200000005,2026-03-01 04:08:00+00:00,12.591807,46.898952,14.08,67.6
200000006,2026-03-01 04:08:00+00:00,13.046794,45.233527,9.76,116.9
200000007,2026-03-01 04:08:00+00:00,13.121864,44.315725,13.91,273.9
200000008,2026-03-01 04:08:00+00:00,12.881661,44.753386,15.31,263.5
200000009,2026-03-01 04:08:00+00:00,12.283892,44.877463,12.22,99.6
200000010,2026-03-01 04:08:00+00:00,12.342632,45.847063,9.8,62.1
200000011,2026-03-01 04:08:00+00:00,13.586187,45.169138,14.48,95.9
200000012,2026-03-01 04:08:00+00:00,12.542015,44.028069,12.47,269.3
200000013,2026-03-01 04:08:00+00:00,12.26134,44.567883,11.98,264.7
200000014,2026-03-01 04:08:00+00:00,13.11006,46.126104,11.24,101.9
200000015,2026-03-01 04:08:00+00:00,12.744154,45.478556,15.44,97.5
200000016,2026-03-01 04:08:00+00:00,12.582941,46.009952,9.95,52.2
200000017,2026-03-01 04:08:00+00:00,12.491095,46.419775,11.61,104.0
200000018,2026-03-01 04:08:00+00:00,12.350321,43.899845,9.3,249.7
200000019,2026-03-01 04:08:00+00:00,13.076,46.695701,13.95,97.4
200000020,2026-03-01 04:08:00+00:00,12.672565,45.190175,13.18,90.8
200000021,2026-03-01 04:08:00+00:00,11.96102,43.785757,13.77,256.6
200000022,2026-03-01 04:08:00+00:00,12.658223,44.119082,15.27,249.6
200000023,2026-03-01 04:08:00+00:00,13.554137,45.766801,15.02,48.2
200000024,2026-03-01 04:08:00+00:00,12.699393,44.610409,12.29,279.0
200000025,2026-03-01 04:08:00+00:00,12.684999,44.66199,10.12,44.3
200000026,2026-03-01 04:08:00+00:00,12.114873,43.66445,13.98,264.4
200000027,2026-03-01 04:08:00+00:00,13.473303,44.922473,11.38,66.9
200000028,2026-03-01 04:08:00+00:00,13.157362,45.996877,14.4,69.8
200000029,2026-03-01 04:08:00+00:00,12.249333,46.048038,15.45,92.8
200000030,2026-03-01 04:08:00+00:00,12.146702,46.029875,11.63,86.3
200000031,2026-03-01 04:08:00+00:00,12.698347,46.808918,13.06,66.4
200000032,2026-03-01 04:08:00+00:00,12.717749,43.900156,10.48,272.3
200000033,2026-03-01 04:08:00+00:00,13.006946,43.924495,11.46,281.9
200000034,2026-03-01 04:08:00+00:00,12.27276,43.414665,11.78,287.2
200000035,2026-03-01 04:08:00+00:00,12.930265,46.258391,10.31,34.9
200000036,2026-03-01 04:08:00+00:00,13.205806,44.851269,9.65,40.3
200000037,2026-03-01 04:08:00+00:00,12.539875,44.629634,15.78,251.0
200000038,2026-03-01 04:08:00+00:00,12.923481,45.383375,16.15,297.4
200000039,2026-03-01 04:08:00+00:00,12.839106,45.524,16.1,120.8
200000040,2026-03-01 04:08:00+00:00,13.049942,45.455529,7.77,31.7
200000001,2026-03-01 04:10:00+00:00,12.751438,43.375773,9.76,249.0
200000002,2026-03-01 04:10:00+00:00,12.697643,44.835807,14.13,267.0
200000003,2026-03-01 04:10:00+00:00,13.044595,45.624558,12.69,89.9
200000004,2026-03-01 04:10:00+00:00,12.461999,45.275306,9.84,266.5
200000005,2026-03-01 04:10:00+00:00,12.594522,46.906414,13.86,68.8
200000006,2026-03-01 04:10:00+00:00,13.044541,45.238638,9.85,111.5
200000007,2026-03-01 04:10:00+00:00,13.122453,44.307931,13.8,274.4
200000008,2026-03-01 04:10:00+00:00,12.880465,44.744731,15.26,264.0
200000009,2026-03-01 04:10:00+00:00,12.282528,44.884306,12.45,101.3
200000010,2026-03-01 04:10:00+00:00,12.345121,45.851912,9.79,60.5
200000011,2026-03-01 04:10:00+00:00,13.585216,45.177277,14.33,101.3
200000012,2026-03-01 04:10:00+00:00,12.542058,44.02105,12.36,269.5
200000013,2026-03-01 04:10:00+00:00,12.260991,44.56091,12.26,267.7
200000014,2026-03-01 04:10:00+00:00,13.108444,46.132319,11.26,105.5
200000015,2026-03-01 04:10:00+00:00,12.743254,45.48747,15.74,90.4
200000016,2026-03-01 04:10:00+00:00,12.586371,46.014444,9.93,54.8
200000017,2026-03-01 04:10:00+00:00,12.489336,46.426026,11.64,106.4
200000018,2026-03-01 04:10:00+00:00,12.348626,43.894919,9.09,253.2
200000019,2026-03-01 04:10:00+00:00,13.075029,46.703463,13.85,95.1
200000020,2026-03-01 04:10:00+00:00,12.672859,45.197644,13.58,84.6
200000021,2026-03-01 04:10:00+00:00,11.959156,43.778336,13.42,255.8
200000022,2026-03-01 04:10:00+00:00,12.655215,44.111013,14.99,249.3
200000023,2026-03-01 04:10:00+00:00,13.559515,45.773391,14.74,48.1
200000024,2026-03-01 04:10:00+00:00,12.700373,44.603509,12.16,281.0
200000025,2026-03-01 04:10:00+00:00,12.689153,44.665995,10.52,42.4
200000026,2026-03-01 04:10:00+00:00,12.11387,43.656559,13.81,262.1
200000027,2026-03-01 04:10:00+00:00,13.47571,44.928494,11.38,67.4
200000028,2026-03-01 04:10:00+00:00,13.16017,46.004407,14.12,68.1
200000029,2026-03-01 04:10:00+00:00,12.249224,46.056888,15.5,90.1
200000030,2026-03-01 04:10:00+00:00,12.147103,46.036498,11.96,87.3
200000031,2026-03-01 04:10:00+00:00,12.701367,46.815677,13.19,63.2
200000032,2026-03-01 04:10:00+00:00,12.718327,43.894154,10.65,276.3
200000033,2026-03-01 04:10:00+00:00,13.007963,43.917954,11.67,282.4
200000034,2026-03-01 04:10:00+00:00,12.274661,43.408272,11.73,287.1
200000035,2026-03-01 04:10:00+00:00,12.934791,46.262103,10.42,38.7
200000036,2026-03-01 04:10:00+00:00,13.21016,44.854813,9.89,37.1
200000037,2026-03-01 04:10:00+00:00,12.537072,44.621279,15.81,247.0
200000038,2026-03-01 04:10:00+00:00,12.928168,45.375563,16.21,300.4
200000039,2026-03-01 04:10:00+00:00,12.834418,45.531813,16.31,120.4
200000040,2026-03-01 04:10:00+00:00,13.05237,45.459632,12.39,57.2
200000001,2026-03-01 04:12:00+00:00,12.74967,43.370387,10.02,252.3
200000002,2026-03-01 04:12:00+00:00,12.697265,44.82784,13.94,268.2
200000003,2026-03-01 04:12:00+00:00,13.044793,45.631581,12.34,84.4
200000004,2026-03-01 04:12:00+00:00,12.46148,45.26969,9.74,263.5
200000005,2026-03-01 04:12:00+00:00,12.597564,46.913742,13.75,70.7
200000006,2026-03-01 04:12:00+00:00,13.042481,45.243833,9.81,109.9
200000007,2026-03-01 04:12:00+00:00,13.122943,44.300131,13.75,271.9
200000008,2026-03-01 04:12:00+00:00,12.879727,44.736022,15.51,263.3
200000009,2026-03-01 04:12:00+00:00,12.281284,44.891174,12.36,96.5
200000010,2026-03-01 04:12:00+00:00,12.347659,45.856734,9.56,64.2
200000011,2026-03-01 04:12:00+00:00,13.58431,45.185424,14.4,97.2
200000012,2026-03-01 04:12:00+00:00,12.542129,44.014032,12.53,268.2
200000013,2026-03-01 04:12:00+00:00,12.260663,44.553935,12.46,266.7
200000014,2026-03-01 04:12:00+00:00,13.107135,46.138609,11.45,99.6
200000015,2026-03-01 04:12:00+00:00,12.742562,45.496403,15.66,94.0
200000016,2026-03-01 04:12:00+00:00,12.589664,46.019044,9.8,54.5
200000017,2026-03-01 04:12:00+00:00,12.487713,46.432315,11.55,104.2
200000018,2026-03-01 04:12:00+00:00,12.346976,43.889976,9.3,249.6
200000019,2026-03-01 04:12:00+00:00,13.074295,46.711252,13.58,98.9
200000020,2026-03-01 04:12:00+00:00,12.673261,45.205107,13.17,87.9
200000021,2026-03-01 04:12:00+00:00,11.957089,43.770971,13.63,252.6
200000022,2026-03-01 04:12:00+00:00,12.652052,44.103006,15.53,246.3
200000023,2026-03-01 04:12:00+00:00,13.564875,45.779996,15.16,48.5
200000024,2026-03-01 04:12:00+00:00,12.701521,44.596636,12.42,282.6
200000025,2026-03-01 04:12:00+00:00,12.693502,44.669778,10.18,37.1
200000026,2026-03-01 04:12:00+00:00,12.112868,43.648668,14.09,261.5
200000027,2026-03-01 04:12:00+00:00,13.478137,44.934506,11.58,68.0
200000028,2026-03-01 04:12:00+00:00,13.16263,46.012064,14.01,70.4
200000029,2026-03-01 04:12:00+00:00,12.249258,46.065737,15.68,91.4
200000030,2026-03-01 04:12:00+00:00,12.147435,46.043126,11.73,86.7
200000031,2026-03-01 04:12:00+00:00,12.704431,46.822416,13.07,65.5
200000032,2026-03-01 04:12:00+00:00,12.71907,43.888172,10.5,280.1
200000033,2026-03-01 04:12:00+00:00,13.009153,43.911444,11.58,278.1
200000034,2026-03-01 04:12:00+00:00,12.276479,43.401853,11.79,282.9
200000035,2026-03-01 04:12:00+00:00,12.939311,46.265822,10.26,37.9
200000036,2026-03-01 04:12:00+00:00,13.214434,44.858458,9.79,37.0
200000037,2026-03-01 04:12:00+00:00,12.534248,44.612931,15.57,250.9
200000038,2026-03-01 04:12:00+00:00,12.932856,45.36775,16.03,303.9
200000039,2026-03-01 04:12:00+00:00,12.829731,45.539625,15.96,118.5
200000040,2026-03-01 04:12:00+00:00,13.05714,45.467694,17.69,55.8
200000001,2026-03-01 04:14:00+00:00,12.74791,43.364999,9.94,253.5
200000002,2026-03-01 04:14:00+00:00,12.697154,44.819866,14.06,267.5
200000003,2026-03-01 04:14:00+00:00,13.044881,45.638606,12.28,92.2
200000004,2026-03-01 04:14:00+00:00,12.460789,45.264093,10.26,265.7
200000005,2026-03-01 04:14:00+00:00,12.600086,46.921274,13.81,71.3
200000006,2026-03-01 04:14:00+00:00,13.040335,45.248992,9.97,113.5
200000007,2026-03-01 04:14:00+00:00,13.123505,44.292335,13.7,273.6
200000008,2026-03-01 04:14:00+00:00,12.879008,44.727311,15.21,264.3
200000009,2026-03-01 04:14:00+00:00,12.280176,44.898066,12.22,100.7
200000010,2026-03-01 04:14:00+00:00,12.350048,45.861635,9.76,63.3
200000011,2026-03-01 04:14:00+00:00,13.583362,45.193566,13.98,97.5
200000012,2026-03-01 04:14:00+00:00,12.542326,44.007016,12.08,276.1
200000013,2026-03-01 04:14:00+00:00,12.260381,44.546958,12.41,268.1
200000014,2026-03-01 04:14:00+00:00,13.106086,46.14495,11.38,99.5
200000015,2026-03-01 04:14:00+00:00,12.742045,45.505349,15.62,89.5
200000016,2026-03-01 04:14:00+00:00,12.592816,46.023746,9.98,58.6
200000017,2026-03-01 04:14:00+00:00,12.485807,46.43852,11.51,108.0
200000018,2026-03-01 04:14:00+00:00,12.345164,43.885094,9.26,251.9
200000019,2026-03-01 04:14:00+00:00,13.073406,46.719024,13.69,96.7
200000020,2026-03-01 04:14:00+00:00,12.673856,45.212557,13.19,87.1
200000021,2026-03-01 04:14:00+00:00,11.955257,43.763541,13.77,255.7
200000022,2026-03-01 04:14:00+00:00,12.648952,44.094973,15.26,246.7
200000023,2026-03-01 04:14:00+00:00,13.57047,45.786392,15.25,48.5
200000024,2026-03-01 04:14:00+00:00,12.702659,44.589761,12.22,279.9
200000025,2026-03-01 04:14:00+00:00,12.698079,44.673266,10.12,35.8
200000026,2026-03-01 04:14:00+00:00,12.111725,43.640797,14.03,258.5
200000027,2026-03-01 04:14:00+00:00,13.480517,44.940538,11.35,65.3
200000028,2026-03-01 04:14:00+00:00,13.165031,46.019741,14.1,72.0
200000029,2026-03-01 04:14:00+00:00,12.249178,46.074587,15.33,88.9
200000030,2026-03-01 04:14:00+00:00,12.147942,46.049742,11.75,85.7
200000031,2026-03-01 04:14:00+00:00,12.707454,46.829174,13.11,62.3
200000032,2026-03-01 04:14:00+00:00,12.719614,43.882167,10.94,276.5
200000033,2026-03-01 04:14:00+00:00,13.010622,43.904993,11.36,283.3
200000034,2026-03-01 04:14:00+00:00,12.277899,43.39533,12.0,280.0
200000035,2026-03-01 04:14:00+00:00,12.943926,46.269416,10.17,36.7
200000036,2026-03-01 04:14:00+00:00,13.218797,44.861989,10.08,38.1
200000037,2026-03-01 04:14:00+00:00,12.531421,44.604585,15.44,249.1
200000038,2026-03-01 04:14:00+00:00,12.937543,45.359938,16.12,300.3
200000039,2026-03-01 04:14:00+00:00,12.825043,45.547438,16.27,120.8
200000040,2026-03-01 04:14:00+00:00,13.062414,45.476606,9.79,59.7
200000001,2026-03-01 04:16:00+00:00,12.746252,43.359576,10.1,249.8
200000002,2026-03-01 04:16:00+00:00,12.696784,44.811899,13.79,267.4
200000003,2026-03-01 04:16:00+00:00,13.044886,45.645632,12.49,89.8
200000004,2026-03-01 04:16:00+00:00,12.460026,45.258506,9.63,262.5
200000005,2026-03-01 04:16:00+00:00,12.602342,46.928895,14.16,69.1
200000006,2026-03-01 04:16:00+00:00,13.038319,45.254205,9.97,110.6
200000007,2026-03-01 04:16:00+00:00,13.124129,44.284544,13.69,275.1
200000008,2026-03-01 04:16:00+00:00,12.87814,44.718615,15.23,264.5
200000009,2026-03-01 04:16:00+00:00,12.279011,44.904948,12.19,99.0
200000010,2026-03-01 04:16:00+00:00,12.35243,45.86654,9.75,65.9
200000011,2026-03-01 04:16:00+00:00,13.582507,45.201718,14.31,97.8
200000012,2026-03-01 04:16:00+00:00,12.542916,44.000023,12.0,279.8
200000013,2026-03-01 04:16:00+00:00,12.260271,44.539976,12.26,270.1
200000014,2026-03-01 04:16:00+00:00,13.105138,46.151309,11.36,103.5
200000015,2026-03-01 04:16:00+00:00,12.741814,45.514308,15.8,94.1
200000016,2026-03-01 04:16:00+00:00,12.595713,46.028617,9.99,60.1
200000017,2026-03-01 04:16:00+00:00,12.483687,46.444652,11.35,108.0
200000018,2026-03-01 04:16:00+00:00,12.343396,43.880195,9.1,246.5
200000019,2026-03-01 04:16:00+00:00,13.072597,46.726806,13.76,99.9
200000020,2026-03-01 04:16:00+00:00,12.674626,45.21999,12.97,87.1
200000021,2026-03-01 04:16:00+00:00,11.953285,43.756148,13.39,257.4
200000022,2026-03-01 04:16:00+00:00,12.64544,44.08712,15.3,241.9
200000023,2026-03-01 04:16:00+00:00,13.576137,45.792721,15.1,49.1
200000024,2026-03-01 04:16:00+00:00,12.703794,44.582886,12.12,281.2
200000025,2026-03-01 04:16:00+00:00,12.702764,44.676601,10.44,34.8
200000026,2026-03-01 04:16:00+00:00,12.110635,43.632918,14.38,262.0
200000027,2026-03-01 04:16:00+00:00,13.482659,44.946664,11.41,73.4
200000028,2026-03-01 04:16:00+00:00,13.167582,46.027367,14.26,73.3
200000029,2026-03-01 04:16:00+00:00,12.248848,46.083431,15.41,92.4
200000030,2026-03-01 04:16:00+00:00,12.148398,46.056362,12.06,82.1
200000031,2026-03-01 04:16:00+00:00,12.710396,46.83597,12.98,64.8
200000032,2026-03-01 04:16:00+00:00,12.720142,43.87616,10.26,272.5
200000033,2026-03-01 04:16:00+00:00,13.012322,43.898604,11.64,283.2
200000034,2026-03-01 04:16:00+00:00,12.279378,43.38882,11.75,283.3
200000035,2026-03-01 04:16:00+00:00,12.948524,46.273033,10.34,37.2
200000036,2026-03-01 04:16:00+00:00,13.223145,44.865541,10.06,38.2
200000037,2026-03-01 04:16:00+00:00,12.528155,44.596408,15.43,247.5
200000038,2026-03-01 04:16:00+00:00,12.942231,45.352125,16.13,302.5
200000039,2026-03-01 04:16:00+00:00,12.820356,45.55525,15.74,123.2
200000040,2026-03-01 04:16:00+00:00,13.062878,45.47739,1.81,109.1
200000001,2026-03-01 04:18:00+00:00,12.744543,43.354171,9.94,250.5
200000002,2026-03-01 04:18:00+00:00,12.696202,44.803946,13.99,261.4
200000003,2026-03-01 04:18:00+00:00,13.044844,45.652658,12.22,88.4
200000004,2026-03-01 04:18:00+00:00,12.459203,45.252928,10.04,260.4
200000005,2026-03-01 04:18:00+00:00,12.604793,46.936452,13.97,71.5
200000006,2026-03-01 04:18:00+00:00,13.036299,45.259416,9.66,111.3
200000007,2026-03-01 04:18:00+00:00,13.124794,44.276757,13.8,274.6
200000008,2026-03-01 04:18:00+00:00,12.877331,44.709912,15.37,263.5
200000009,2026-03-01 04:18:00+00:00,12.277884,44.911836,12.11,103.4
200000010,2026-03-01 04:18:00+00:00,12.354873,45.871413,9.53,61.5
200000011,2026-03-01 04:18:00+00:00,13.58189,45.209893,14.31,91.0
200000012,2026-03-01 04:18:00+00:00,12.54384,43.993068,12.33,278.9
200000013,2026-03-01 04:18:00+00:00,12.259949,44.533001,12.16,267.7
200000014,2026-03-01 04:18:00+00:00,13.103968,46.157628,11.17,101.5
200000015,2026-03-01 04:18:00+00:00,12.741304,45.523254,15.6,94.0
200000016,2026-03-01 04:18:00+00:00,12.598667,46.033453,9.91,59.2
200000017,2026-03-01 04:18:00+00:00,12.481761,46.450851,11.3,105.5
200000018,2026-03-01 04:18:00+00:00,12.341701,43.875269,9.38,252.9
200000019,2026-03-01 04:18:00+00:00,13.07185,46.734594,13.58,97.6
200000020,2026-03-01 04:18:00+00:00,12.675583,45.2274,13.28,80.7
200000021,2026-03-01 04:18:00+00:00,11.951392,43.748735,13.62,259.6
200000022,2026-03-01 04:18:00+00:00,12.642001,44.079234,15.08,247.7
200000023,2026-03-01 04:18:00+00:00,13.581831,45.799025,14.78,50.4
200000024,2026-03-01 04:18:00+00:00,12.70514,44.57605,12.33,285.5
200000025,2026-03-01 04:18:00+00:00,12.707406,44.679998,10.46,33.1
200000026,2026-03-01 04:18:00+00:00,12.109214,43.625094,13.9,257.6
200000027,2026-03-01 04:18:00+00:00,13.484609,44.952857,11.59,73.4
200000028,2026-03-01 04:18:00+00:00,13.170224,46.034961,13.93,67.5
200000029,2026-03-01 04:18:00+00:00,12.248736,46.09228,15.72,92.7
200000030,2026-03-01 04:18:00+00:00,12.148854,46.062982,11.68,89.3
200000031,2026-03-01 04:18:00+00:00,12.713464,46.842707,12.99,66.6
200000032,2026-03-01 04:18:00+00:00,12.720623,43.87015,10.66,279.1
200000033,2026-03-01 04:18:00+00:00,13.013992,43.892205,11.45,286.8
200000034,2026-03-01 04:18:00+00:00,12.280921,43.382326,11.61,286.0
200000035,2026-03-01 04:18:00+00:00,12.953138,46.276629,10.4,37.0
200000036,2026-03-01 04:18:00+00:00,13.227437,44.869163,9.82,39.7
200000037,2026-03-01 04:18:00+00:00,12.52491,44.588223,15.43,244.9
200000038,2026-03-01 04:18:00+00:00,12.946918,45.344313,15.94,302.7
200000039,2026-03-01 04:18:00+00:00,12.815668,45.563063,16.07,120.8
200000040,2026-03-01 04:18:00+00:00,13.061862,45.478273,10.37,140.0
200000001,2026-03-01 04:20:00+00:00,12.74281,43.348773,10.21,248.2
200000002,2026-03-01 04:20:00+00:00,12.695752,44.795983,13.79,268.1
200000003,2026-03-01 04:20:00+00:00,13.04471,45.659682,12.17,92.5
200000004,2026-03-01 04:20:00+00:00,12.458385,45.247349,9.75,263.7
200000005,2026-03-01 04:20:00+00:00,12.607219,46.944017,14.03,74.1
200000006,2026-03-01 04:20:00+00:00,13.034392,45.264672,9.8,111.2
200000007,2026-03-01 04:20:00+00:00,13.125586,44.268982,13.83,276.6
200000008,2026-03-01 04:20:00+00:00,12.876343,44.701229,15.41,264.0
200000009,2026-03-01 04:20:00+00:00,12.276865,44.918742,12.66,100.0
200000010,2026-03-01 04:20:00+00:00,12.357378,45.876253,9.66,61.2
200000011,2026-03-01 04:20:00+00:00,13.581434,45.21808,14.34,92.5
200000012,2026-03-01 04:20:00+00:00,12.544826,43.986123,12.38,277.2
200000013,2026-03-01 04:20:00+00:00,12.259776,44.526021,12.56,268.3
200000014,2026-03-01 04:20:00+00:00,13.102867,46.16396,11.43,98.9
200000015,2026-03-01 04:20:00+00:00,12.740583,45.532185,15.72,90.7
200000016,2026-03-01 04:20:00+00:00,12.601551,46.038333,10.06,59.9
200000017,2026-03-01 04:20:00+00:00,12.48015,46.457143,11.29,108.6
200000018,2026-03-01 04:20:00+00:00,12.339983,43.870351,8.94,248.1
200000019,2026-03-01 04:20:00+00:00,13.071286,46.742398,13.75,96.1
200000020,2026-03-01 04:20:00+00:00,12.676692,45.234788,13.25,81.2
200000021,2026-03-01 04:20:00+00:00,11.949593,43.741297,13.64,254.8
200000022,2026-03-01 04:20:00+00:00,12.639064,44.071137,15.06,247.4
200000023,2026-03-01 04:20:00+00:00,13.587338,45.805502,14.99,48.9
200000024,2026-03-01 04:20:00+00:00,12.706859,44.569303,12.26,281.6
200000025,2026-03-01 04:20:00+00:00,12.712199,44.683167,10.24,30.5
200000026,2026-03-01 04:20:00+00:00,12.107539,43.617323,14.17,257.8
200000027,2026-03-01 04:20:00+00:00,13.486211,44.959155,11.33,77.2
200000028,2026-03-01 04:20:00+00:00,13.173075,46.042474,14.12,71.2
200000029,2026-03-01 04:20:00+00:00,12.24857,46.101128,15.3,90.8
200000030,2026-03-01 04:20:00+00:00,12.14923,46.069607,11.89,86.6
200000031,2026-03-01 04:20:00+00:00,12.716763,46.849328,13.18,62.1
200000032,2026-03-01 04:20:00+00:00,12.721045,43.864135,10.7,275.0
200000033,2026-03-01 04:20:00+00:00,13.015622,43.885796,11.79,285.0
200000034,2026-03-01 04:20:00+00:00,12.282446,43.375828,12.01,282.0
200000035,2026-03-01 04:20:00+00:00,12.95777,46.2802,10.35,38.0
200000036,2026-03-01 04:20:00+00:00,13.231633,44.872902,10.1,42.0
200000037,2026-03-01 04:20:00+00:00,12.521237,44.580231,15.38,246.7
200000038,2026-03-01 04:20:00+00:00,12.951606,45.3365,15.78,300.6
200000039,2026-03-01 04:20:00+00:00,12.810981,45.570875,16.01,123.2
200000040,2026-03-01 04:20:00+00:00,13.053947,45.485154,10.64,140.2
200000001,2026-03-01 04:22:00+00:00,12.741049,43.343384,10.07,251.7
200000002,2026-03-01 04:22:00+00:00,12.695256,44.788024,14.09,268.3
200000003,2026-03-01 04:22:00+00:00,13.044572,45.666706,12.32,91.4
200000004,2026-03-01 04:22:00+00:00,12.457749,45.241745,9.93,264.8
200000005,2026-03-01 04:22:00+00:00,12.610074,46.951424,13.77,67.4
200000006,2026-03-01 04:22:00+00:00,13.032428,45.269907,9.85,110.8
200000007,2026-03-01 04:22:00+00:00,13.126357,44.261206,13.95,270.1
200000008,2026-03-01 04:22:00+00:00,12.875338,44.692549,15.36,265.0
200000009,2026-03-01 04:22:00+00:00,12.275782,44.925638,12.27,103.8
200000010,2026-03-01 04:22:00+00:00,12.359776,45.88115,9.49,59.7
200000011,2026-03-01 04:22:00+00:00,13.580849,45.226258,14.65,97.7
200000012,2026-03-01 04:22:00+00:00,12.545873,43.979186,12.41,283.7
200000013,2026-03-01 04:22:00+00:00,12.259702,44.519039,12.43,266.0
200000014,2026-03-01 04:22:00+00:00,13.10166,46.170272,11.41,100.3
200000015,2026-03-01 04:22:00+00:00,12.740152,45.541136,15.46,91.9
200000016,2026-03-01 04:22:00+00:00,12.60428,46.043305,10.26,62.1
200000017,2026-03-01 04:22:00+00:00,12.478444,46.463409,11.45,103.8
200000018,2026-03-01 04:22:00+00:00,12.338133,43.865483,9.14,248.6
200000019,2026-03-01 04:22:00+00:00,13.070463,46.750177,13.55,96.6
200000020,2026-03-01 04:22:00+00:00,12.677843,45.242169,13.0,79.0
200000021,2026-03-01 04:22:00+00:00,11.947843,43.733846,13.5,257.2
200000022,2026-03-01 04:22:00+00:00,12.636383,44.062948,15.25,254.4
200000023,2026-03-01 04:22:00+00:00,13.592605,45.812187,15.05,51.4
200000024,2026-03-01 04:22:00+00:00,12.708535,44.562545,12.13,287.9
200000025,2026-03-01 04:22:00+00:00,12.717109,44.686143,10.19,35.0
200000026,2026-03-01 04:22:00+00:00,12.105947,43.609534,14.0,258.6
200000027,2026-03-01 04:22:00+00:00,13.487686,44.965485,11.52,73.3
200000028,2026-03-01 04:22:00+00:00,13.175803,46.050036,13.95,69.8
200000029,2026-03-01 04:22:00+00:00,12.248134,46.109967,15.6,94.3
200000030,2026-03-01 04:22:00+00:00,12.149575,46.076234,11.82,90.2
200000031,2026-03-01 04:22:00+00:00,12.720046,46.855958,13.1,63.6
200000032,2026-03-01 04:22:00+00:00,12.721594,43.85813,10.77,275.9
200000033,2026-03-01 04:22:00+00:00,13.017273,43.879392,11.71,282.7
200000034,2026-03-01 04:22:00+00:00,12.284031,43.369345,11.59,283.1
200000035,2026-03-01 04:22:00+00:00,12.962286,46.283925,10.63,44.7
200000036,2026-03-01 04:22:00+00:00,13.235776,44.876704,9.96,42.6
200000037,2026-03-01 04:22:00+00:00,12.517905,44.572082,15.55,247.2
200000038,2026-03-01 04:22:00+00:00,12.956293,45.328688,16.07,301.4
200000039,2026-03-01 04:22:00+00:00,12.806293,45.578688,16.13,122.3
200000040,2026-03-01 04:22:00+00:00,13.052904,45.486061,4.36,140.5
200000001,2026-03-01 04:24:00+00:00,12.739039,43.338089,9.88,251.5
200000002,2026-03-01 04:24:00+00:00,12.694833,44.78006,14.14,269.3
200000003,2026-03-01 04:24:00+00:00,13.044504,45.673731,12.36,93.0
200000004,2026-03-01 04:24:00+00:00,12.457173,45.236135,9.89,270.7
200000005,2026-03-01 04:24:00+00:00,12.612948,46.958823,13.99,65.3
200000006,2026-03-01 04:24:00+00:00,13.030376,45.275105,9.8,109.8
200000007,2026-03-01 04:24:00+00:00,13.127369,44.253458,13.61,280.5
200000008,2026-03-01 04:24:00+00:00,12.874409,44.683859,15.37,263.3
200000009,2026-03-01 04:24:00+00:00,12.27455,44.932508,12.15,99.3
200000010,2026-03-01 04:24:00+00:00,12.362457,45.88589,9.43,57.8
200000011,2026-03-01 04:24:00+00:00,13.58021,45.234431,14.3,96.8
200000012,2026-03-01 04:24:00+00:00,12.547116,43.972284,12.51,280.0
200000013,2026-03-01 04:24:00+00:00,12.259599,44.512057,12.27,269.6
200000014,2026-03-01 04:24:00+00:00,13.100451,46.176583,11.2,100.0
200000015,2026-03-01 04:24:00+00:00,12.739614,45.55008,15.92,97.9
200000016,2026-03-01 04:24:00+00:00,12.606939,46.048317,10.06,64.5
200000017,2026-03-01 04:24:00+00:00,12.476975,46.469738,11.4,102.1
200000018,2026-03-01 04:24:00+00:00,12.336126,43.860682,9.53,247.4
200000019,2026-03-01 04:24:00+00:00,13.069658,46.757959,13.55,94.6
200000020,2026-03-01 04:24:00+00:00,12.678901,45.249565,12.72,87.5
200000021,2026-03-01 04:24:00+00:00,11.946291,43.72635,13.62,254.2
200000022,2026-03-01 04:24:00+00:00,12.63366,44.054773,14.91,249.2
200000023,2026-03-01 04:24:00+00:00,13.598282,45.818507,15.05,48.4
200000024,2026-03-01 04:24:00+00:00,12.710361,44.555827,12.42,286.3
200000025,2026-03-01 04:24:00+00:00,12.72193,44.689266,10.2,34.1
200000026,2026-03-01 04:24:00+00:00,12.104361,43.601744,13.68,255.1
200000027,2026-03-01 04:24:00+00:00,13.489306,44.971778,11.49,78.2
200000028,2026-03-01 04:24:00+00:00,13.178408,46.057643,14.22,70.4
200000029,2026-03-01 04:24:00+00:00,12.247372,46.118783,15.62,96.1
200000030,2026-03-01 04:24:00+00:00,12.149902,46.082863,11.72,88.7
200000031,2026-03-01 04:24:00+00:00,12.723179,46.862663,13.14,62.6
200000032,2026-03-01 04:24:00+00:00,12.722372,43.852152,10.55,279.0
200000033,2026-03-01 04:24:00+00:00,13.018669,43.872925,11.43,282.8
200000034,2026-03-01 04:24:00+00:00,12.28583,43.36292,11.56,284.7
200000035,2026-03-01 04:24:00+00:00,12.966696,46.287781,10.45,35.2
200000036,2026-03-01 04:24:00+00:00,13.239935,44.880487,10.05,46.3
200000037,2026-03-01 04:24:00+00:00,12.515092,44.563731,15.55,251.8
200000038,2026-03-01 04:24:00+00:00,12.960981,45.320875,15.94,303.4
200000039,2026-03-01 04:24:00+00:00,12.801606,45.5865,16.08,121.5
200000040,2026-03-01 04:24:00+00:00,13.050413,45.488226,6.21,189.3
200000001,2026-03-01 04:26:00+00:00,12.737195,43.33273,9.89,252.6
200000002,2026-03-01 04:26:00+00:00,12.694701,44.772086,13.7,272.0
200000003,2026-03-01 04:26:00+00:00,13.044197,45.68075,12.53,95.9
200000004,2026-03-01 04:26:00+00:00,12.456979,45.230497,9.78,266.8
200000005,2026-03-01 04:26:00+00:00,12.615906,46.966188,13.99,61.3
200000006,2026-03-01 04:26:00+00:00,13.028381,45.280326,9.87,108.6
200000007,2026-03-01 04:26:00+00:00,13.128472,44.245723,13.32,282.4
200000008,2026-03-01 04:26:00+00:00,12.873586,44.675158,15.33,261.8
200000009,2026-03-01 04:26:00+00:00,12.273333,44.93938,12.46,100.6
200000010,2026-03-01 04:26:00+00:00,12.365266,45.890552,9.57,61.7
200000011,2026-03-01 04:26:00+00:00,13.579778,45.242619,14.34,95.3
200000012,2026-03-01 04:26:00+00:00,12.548584,43.965428,12.52,279.8
200000013,2026-03-01 04:26:00+00:00,12.2594,44.505077,12.18,268.6
200000014,2026-03-01 04:26:00+00:00,13.09942,46.182927,11.42,100.6
200000015,2026-03-01 04:26:00+00:00,12.738865,45.559009,15.45,94.9
200000016,2026-03-01 04:26:00+00:00,12.609451,46.053408,10.08,62.8
200000017,2026-03-01 04:26:00+00:00,12.475495,46.476064,11.25,100.9
200000018,2026-03-01 04:26:00+00:00,12.334174,43.855856,9.32,249.8
200000019,2026-03-01 04:26:00+00:00,13.068807,46.765736,13.65,97.8
200000020,2026-03-01 04:26:00+00:00,12.679481,45.257017,13.09,84.9
200000021,2026-03-01 04:26:00+00:00,11.944591,43.718888,13.58,257.0
200000022,2026-03-01 04:26:00+00:00,12.630552,44.046744,15.0,248.1
200000023,2026-03-01 04:26:00+00:00,13.603956,45.82483,15.12,48.5
200000024,2026-03-01 04:26:00+00:00,12.712209,44.549116,12.2,283.2
200000025,2026-03-01 04:26:00+00:00,12.726566,44.692673,10.26,35.8
200000026,2026-03-01 04:26:00+00:00,12.102665,43.593978,14.26,259.1
200000027,2026-03-01 04:26:00+00:00,13.49091,44.978076,11.52,72.4
200000028,2026-03-01 04:26:00+00:00,13.181212,46.065175,14.16,71.6
200000029,2026-03-01 04:26:00+00:00,12.246721,46.127607,15.61,95.8
200000030,2026-03-01 04:26:00+00:00,12.150313,46.089486,11.7,89.0
200000031,2026-03-01 04:26:00+00:00,12.726319,46.869366,12.95,64.9
200000032,2026-03-01 04:26:00+00:00,12.722882,43.846144,10.52,276.3
200000033,2026-03-01 04:26:00+00:00,13.020187,43.866486,11.52,281.6
200000034,2026-03-01 04:26:00+00:00,12.287592,43.356485,11.89,286.2
200000035,2026-03-01 04:26:00+00:00,12.971285,46.29141,10.37,40.0
200000036,2026-03-01 04:26:00+00:00,13.244042,44.884329,9.94,41.2
200000037,2026-03-01 04:26:00+00:00,12.512073,44.555457,15.42,252.1
200000038,2026-03-01 04:26:00+00:00,12.965668,45.313063,15.98,300.2
200000039,2026-03-01 04:26:00+00:00,12.796918,45.594313,16.13,119.0
200000040,2026-03-01 04:26:00+00:00,13.045998,45.485227,5.73,209.5
200000001,2026-03-01 04:28:00+00:00,12.735328,43.32738,10.23,247.9
200000002,2026-03-01 04:28:00+00:00,12.694638,44.76411,14.15,270.3
200000003,2026-03-01 04:28:00+00:00,13.043965,45.687772,12.31,96.7
200000004,2026-03-01 04:28:00+00:00,12.45675,45.22486,9.99,269.7
200000005,2026-03-01 04:28:00+00:00,12.619082,46.973456,13.92,70.7
200000006,2026-03-01 04:28:00+00:00,13.026457,45.285576,9.75,110.2
200000007,2026-03-01 04:28:00+00:00,13.129869,44.238039,13.72,276.4
200000008,2026-03-01 04:28:00+00:00,12.872435,44.666497,15.22,263.4
200000009,2026-03-01 04:28:00+00:00,12.272257,44.946277,12.26,98.2
200000010,2026-03-01 04:28:00+00:00,12.368037,45.895238,9.8,58.8
200000011,2026-03-01 04:28:00+00:00,13.579008,45.25078,14.12,97.1
200000012,2026-03-01 04:28:00+00:00,12.549989,43.958558,12.3,281.2
200000013,2026-03-01 04:28:00+00:00,12.259506,44.498095,12.28,270.9
200000014,2026-03-01 04:28:00+00:00,13.098376,46.189269,11.15,103.9
200000015,2026-03-01 04:28:00+00:00,12.738049,45.567931,15.51,95.8
200000016,2026-03-01 04:28:00+00:00,12.611941,46.05851,10.17,67.5
200000017,2026-03-01 04:28:00+00:00,12.474011,46.482388,11.83,107.0
200000018,2026-03-01 04:28:00+00:00,12.332208,43.851037,9.06,247.7
200000019,2026-03-01 04:28:00+00:00,13.067812,46.773494,14.0,100.1
200000020,2026-03-01 04:28:00+00:00,12.679803,45.264484,13.31,87.6
200000021,2026-03-01 04:28:00+00:00,11.943126,43.711374,13.31,255.4
200000022,2026-03-01 04:28:00+00:00,12.627638,44.038639,15.35,249.8
200000023,2026-03-01 04:28:00+00:00,13.609514,45.831261,14.97,48.3
200000024,2026-03-01 04:28:00+00:00,12.71418,44.542442,11.9,287.9
200000025,2026-03-01 04:28:00+00:00,12.731375,44.695817,10.59,33.6
200000026,2026-03-01 04:28:00+00:00,12.101024,43.5862,13.86,258.2
200000027,2026-03-01 04:28:00+00:00,13.492515,44.984373,11.45,76.5
200000028,2026-03-01 04:28:00+00:00,13.183723,46.072816,14.48,69.5
200000029,2026-03-01 04:28:00+00:00,12.246163,46.136439,15.47,91.4
200000030,2026-03-01 04:28:00+00:00,12.150644,46.096114,11.67,88.4
200000031,2026-03-01 04:28:00+00:00,12.729149,46.876212,13.05,70.6
200000032,2026-03-01 04:28:00+00:00,12.72351,43.840148,10.85,277.7
200000033,2026-03-01 04:28:00+00:00,13.021426,43.859985,11.69,282.4
200000034,2026-03-01 04:28:00+00:00,12.28932,43.350039,11.71,281.3
200000035,2026-03-01 04:28:00+00:00,12.975789,46.29515,10.42,38.3
200000036,2026-03-01 04:28:00+00:00,13.248168,44.88815,9.86,47.2
200000037,2026-03-01 04:28:00+00:00,12.509321,44.547085,15.63,253.1
200000038,2026-03-01 04:28:00+00:00,12.970356,45.30525,16.04,301.9
200000039,2026-03-01 04:28:00+00:00,12.792231,45.602125,16.08,119.7
200000040,2026-03-01 04:28:00+00:00,13.045232,45.484707,1.8,210.7
200000001,2026-03-01 04:30:00+00:00,12.733602,43.32198,10.05,253.5
200000002,2026-03-01 04:30:00+00:00,12.694679,44.756135,13.66,272.1
200000003,2026-03-01 04:30:00+00:00,13.043959,45.694797,12.23,88.7
200000004,2026-03-01 04:30:00+00:00,12.456635,45.21922,9.71,271.7
200000005,2026-03-01 04:30:00+00:00,12.622214,46.980745,13.96,68.2
200000006,2026-03-01 04:30:00+00:00,13.024509,45.290816,9.91,109.2
200000007,2026-03-01 04:30:00+00:00,13.131249,44.230351,13.81,278.5
200000008,2026-03-01 04:30:00+00:00,12.871041,44.657873,15.39,258.5
200000009,2026-03-01 04:30:00+00:00,12.270989,44.95314,12.56,98.8
200000010,2026-03-01 04:30:00+00:00,12.370876,45.899882,9.67,59.4
200000011,2026-03-01 04:30:00+00:00,13.578254,45.258943,14.28,96.4
200000012,2026-03-01 04:30:00+00:00,12.551178,43.951646,12.52,277.9
200000013,2026-03-01 04:30:00+00:00,12.259577,44.491113,11.92,266.4
200000014,2026-03-01 04:30:00+00:00,13.096874,46.195514,11.07,104.0
200000015,2026-03-01 04:30:00+00:00,12.737181,45.576848,15.9,96.0
200000016,2026-03-01 04:30:00+00:00,12.614495,46.06358,9.94,64.3
200000017,2026-03-01 04:30:00+00:00,12.472444,46.488692,11.34,104.0
200000018,2026-03-01 04:30:00+00:00,12.330349,43.846174,9.1,248.8
200000019,2026-03-01 04:30:00+00:00,13.066967,46.781271,13.77,91.5
200000020,2026-03-01 04:30:00+00:00,12.68032,45.271941,13.36,85.8
200000021,2026-03-01 04:30:00+00:00,11.941522,43.70389,13.35,258.9
200000022,2026-03-01 04:30:00+00:00,12.624528,44.030611,14.95,246.7
200000023,2026-03-01 04:30:00+00:00,13.61514,45.83763,14.78,47.5
200000024,2026-03-01 04:30:00+00:00,12.716364,44.535837,12.29,289.3
200000025,2026-03-01 04:30:00+00:00,12.736275,44.698809,10.19,33.2
200000026,2026-03-01 04:30:00+00:00,12.099191,43.578467,14.15,255.7
200000027,2026-03-01 04:30:00+00:00,13.494247,44.990635,11.39,74.3
200000028,2026-03-01 04:30:00+00:00,13.186209,46.080465,14.04,73.9
200000029,2026-03-01 04:30:00+00:00,12.245593,46.14527,15.53,97.4
200000030,2026-03-01 04:30:00+00:00,12.150677,46.10275,11.72,91.0
200000031,2026-03-01 04:30:00+00:00,12.731842,46.883116,13.13,72.3
200000032,2026-03-01 04:30:00+00:00,12.72406,43.834143,10.73,274.9
200000033,2026-03-01 04:30:00+00:00,13.02272,43.853496,11.75,281.9
200000034,2026-03-01 04:30:00+00:00,12.290405,43.343449,11.6,280.2
200000035,2026-03-01 04:30:00+00:00,12.980243,46.298953,10.32,42.5
200000036,2026-03-01 04:30:00+00:00,13.252219,44.892055,10.08,50.5
200000037,2026-03-01 04:30:00+00:00,12.507224,44.538516,15.55,254.8
200000038,2026-03-01 04:30:00+00:00,12.975043,45.297438,16.11,299.2
200000039,2026-03-01 04:30:00+00:00,12.787543,45.609938,16.39,122.9
200000040,2026-03-01 04:30:00+00:00,13.044159,45.483978,8.62,211.2
200000001,2026-03-01 04:32:00+00:00,12.732021,43.316533,9.87,254.3
200000002,2026-03-01 04:32:00+00:00,12.694734,44.74816,14.05,269.7
200000003,2026-03-01 04:32:00+00:00,13.0439,45.701823,12.11,87.9
200000004,2026-03-01 04:32:00+00:00,12.45658,45.213579,9.69,270.6
200000005,2026-03-01 04:32:00+00:00,12.625516,46.987955,14.21,63.9
200000006,2026-03-01 04:32:00+00:00,13.022701,45.296109,9.87,108.8
200000007,2026-03-01 04:32:00+00:00,13.132683,44.222674,13.57,283.3
200000008,2026-03-01 04:32:00+00:00,12.869527,44.649271,15.22,260.1
200000009,2026-03-01 04:32:00+00:00,12.270063,44.960059,12.03,99.0
200000010,2026-03-01 04:32:00+00:00,12.373578,45.904609,9.65,56.7
200000011,2026-03-01 04:32:00+00:00,13.57771,45.267124,14.46,97.7
200000012,2026-03-01 04:32:00+00:00,12.552519,43.944763,12.49,280.6
200000013,2026-03-01 04:32:00+00:00,12.259247,44.484139,12.34,269.9
200000014,2026-03-01 04:32:00+00:00,13.095468,46.201782,11.13,104.7
200000015,2026-03-01 04:32:00+00:00,12.736149,45.585747,15.47,94.5
200000016,2026-03-01 04:32:00+00:00,12.616987,46.068681,10.04,64.0
200000017,2026-03-01 04:32:00+00:00,12.470913,46.495005,11.3,104.9
200000018,2026-03-01 04:32:00+00:00,12.328586,43.841273,9.13,250.3
200000019,2026-03-01 04:32:00+00:00,13.066059,46.789041,14.08,97.7
200000020,2026-03-01 04:32:00+00:00,12.681019,45.279381,12.92,85.4
200000021,2026-03-01 04:32:00+00:00,11.939988,43.69639,13.59,257.5
200000022,2026-03-01 04:32:00+00:00,12.621184,44.022682,15.26,246.2
200000023,2026-03-01 04:32:00+00:00,13.620856,45.843913,15.26,46.4
200000024,2026-03-01 04:32:00+00:00,12.718508,44.529219,12.37,290.5
200000025,2026-03-01 04:32:00+00:00,12.741201,44.701757,10.25,29.3
200000026,2026-03-01 04:32:00+00:00,12.097625,43.570673,14.25,257.9
200000027,2026-03-01 04:32:00+00:00,13.495996,44.996892,11.4,77.2
200000028,2026-03-01 04:32:00+00:00,13.188834,46.088066,14.2,73.0
200000029,2026-03-01 04:32:00+00:00,12.244468,46.154044,15.68,98.4
200000030,2026-03-01 04:32:00+00:00,12.150725,46.109386,11.79,87.9
200000031,2026-03-01 04:32:00+00:00,12.734552,46.890012,13.04,69.5
200000032,2026-03-01 04:32:00+00:00,12.724679,43.828146,10.64,275.0
200000033,2026-03-01 04:32:00+00:00,13.02399,43.847001,11.74,285.9
200000034,2026-03-01 04:32:00+00:00,12.2915,43.33686,11.76,280.8
200000035,2026-03-01 04:32:00+00:00,12.984647,46.302817,10.59,41.8
200000036,2026-03-01 04:32:00+00:00,13.256158,44.896079,10.12,44.3
200000037,2026-03-01 04:32:00+00:00,12.505034,44.529972,15.72,254.2
200000038,2026-03-01 04:32:00+00:00,12.979731,45.289625,16.08,299.8
200000039,2026-03-01 04:32:00+00:00,12.782856,45.61775,15.96,124.3
200000040,2026-03-01 04:32:00+00:00,13.037199,45.479251,8.67,180.9
200000001,2026-03-01 04:34:00+00:00,12.730519,43.311064,9.81,254.3
200000002,2026-03-01 04:34:00+00:00,12.694796,44.740184,13.93,267.2
200000003,2026-03-01 04:34:00+00:00,13.044079,45.708846,12.28,87.6
200000004,2026-03-01 04:34:00+00:00,12.456741,45.20794,9.87,270.0
200000005,2026-03-01 04:34:00+00:00,12.628635,46.995249,13.93,64.4
200000006,2026-03-01 04:34:00+00:00,13.021016,45.301444,9.97,108.0
200000007,2026-03-01 04:34:00+00:00,13.133983,44.214972,13.65,277.9
200000008,2026-03-01 04:34:00+00:00,12.86782,44.640706,15.25,255.8
200000009,2026-03-01 04:34:00+00:00,12.2692,44.966988,12.18,95.3
200000010,2026-03-01 04:34:00+00:00,12.376513,45.90919,9.54,54.8
200000011,2026-03-01 04:34:00+00:00,13.576938,45.275285,14.4,96.7
200000012,2026-03-01 04:34:00+00:00,12.5539,43.937888,12.09,284.1
200000013,2026-03-01 04:34:00+00:00,12.259116,44.477157,12.29,268.6
200000014,2026-03-01 04:34:00+00:00,13.093915,46.208013,11.05,106.2
200000015,2026-03-01 04:34:00+00:00,12.734989,45.594629,16.02,99.5
200000016,2026-03-01 04:34:00+00:00,12.619416,46.073815,9.74,63.4
200000017,2026-03-01 04:34:00+00:00,12.469462,46.501338,11.57,105.1
200000018,2026-03-01 04:34:00+00:00,12.3269,43.836344,9.14,253.0
200000019,2026-03-01 04:34:00+00:00,13.065117,46.796806,13.75,98.8
200000020,2026-03-01 04:34:00+00:00,12.681618,45.286831,13.04,85.7
200000021,2026-03-01 04:34:00+00:00,11.938185,43.688953,13.63,255.9
200000022,2026-03-01 04:34:00+00:00,12.617724,44.014807,15.29,247.7
200000023,2026-03-01 04:34:00+00:00,13.626452,45.85031,15.09,47.6
200000024,2026-03-01 04:34:00+00:00,12.720525,44.522559,12.36,289.0
200000025,2026-03-01 04:34:00+00:00,12.746177,44.704615,10.46,29.2
200000026,2026-03-01 04:34:00+00:00,12.096395,43.562816,14.02,262.9
200000027,2026-03-01 04:34:00+00:00,13.497669,45.00317,11.43,77.0
200000028,2026-03-01 04:34:00+00:00,13.191219,46.095749,14.2,70.9
200000029,2026-03-01 04:34:00+00:00,12.243493,46.162838,15.48,93.1
200000030,2026-03-01 04:34:00+00:00,12.150948,46.116019,11.53,88.0
200000031,2026-03-01 04:34:00+00:00,12.736842,46.897068,12.91,72.8
200000032,2026-03-01 04:34:00+00:00,12.725074,43.822128,10.33,275.5
200000033,2026-03-01 04:34:00+00:00,13.025401,43.840537,11.59,279.0
200000034,2026-03-01 04:34:00+00:00,12.292522,43.330259,12.02,273.4
200000035,2026-03-01 04:34:00+00:00,12.988977,46.306767,10.44,37.7
200000036,2026-03-01 04:34:00+00:00,13.260191,44.900004,10.03,44.4
200000037,2026-03-01 04:34:00+00:00,12.502814,44.521436,15.5,254.2
200000038,2026-03-01 04:34:00+00:00,12.984418,45.281813,16.09,299.8
200000039,2026-03-01 04:34:00+00:00,12.778168,45.625563,16.14,120.0
200000040,2026-03-01 04:34:00+00:00,13.034217,45.483676,13.32,126.0
200000001,2026-03-01 04:36:00+00:00,12.72899,43.305602,10.14,252.6
200000002,2026-03-01 04:36:00+00:00,12.694598,44.732211,14.14,268.6
200000003,2026-03-01 04:36:00+00:00,13.044388,45.715864,12.4,87.4
200000004,2026-03-01 04:36:00+00:00,12.456849,45.2023,10.08,267.1
200000005,2026-03-01 04:36:00+00:00,12.631895,47.002479,13.76,68.3
200000006,2026-03-01 04:36:00+00:00,13.019427,45.30681,9.88,108.0
200000007,2026-03-01 04:36:00+00:00,13.135286,44.20727,14.0,282.3
200000008,2026-03-01 04:36:00+00:00,12.866062,44.632153,15.15,257.1
200000009,2026-03-01 04:36:00+00:00,12.268359,44.973918,12.37,101.3
200000010,2026-03-01 04:36:00+00:00,12.379579,45.913679,9.62,58.4
200000011,2026-03-01 04:36:00+00:00,13.575948,45.283421,14.37,95.5
200000012,2026-03-01 04:36:00+00:00,12.555388,43.931036,12.27,278.9
200000013,2026-03-01 04:36:00+00:00,12.258847,44.47018,12.53,264.8
200000014,2026-03-01 04:36:00+00:00,13.092384,46.21425,11.22,105.9
200000015,2026-03-01 04:36:00+00:00,12.733912,45.603522,15.67,95.6
200000016,2026-03-01 04:36:00+00:00,12.621754,46.078992,9.9,68.8
200000017,2026-03-01 04:36:00+00:00,12.468129,46.507698,11.67,105.2
200000018,2026-03-01 04:36:00+00:00,12.325251,43.831402,9.24,255.5
200000019,2026-03-01 04:36:00+00:00,13.064062,46.804556,13.68,95.9
200000020,2026-03-01 04:36:00+00:00,12.682213,45.294281,13.13,83.2
200000021,2026-03-01 04:36:00+00:00,11.936614,43.681461,13.58,260.9
200000022,2026-03-01 04:36:00+00:00,12.614099,44.007009,14.97,241.8
200000023,2026-03-01 04:36:00+00:00,13.632038,45.856716,15.03,52.2
200000024,2026-03-01 04:36:00+00:00,12.722697,44.51595,12.21,289.2
200000025,2026-03-01 04:36:00+00:00,12.751178,44.707426,10.31,21.9
200000026,2026-03-01 04:36:00+00:00,12.095292,43.554939,14.23,259.1
200000027,2026-03-01 04:36:00+00:00,13.499607,45.009368,11.44,74.3
200000028,2026-03-01 04:36:00+00:00,13.193919,46.103321,14.07,69.7
200000029,2026-03-01 04:36:00+00:00,12.242856,46.171664,15.47,96.3
200000030,2026-03-01 04:36:00+00:00,12.151148,46.122652,11.72,86.0
200000031,2026-03-01 04:36:00+00:00,12.739047,46.904151,13.02,69.4
200000032,2026-03-01 04:36:00+00:00,12.725329,43.816103,10.74,271.7
200000033,2026-03-01 04:36:00+00:00,13.026743,43.834057,11.4,279.5
200000034,2026-03-01 04:36:00+00:00,12.293458,43.323645,11.83,280.3
200000035,2026-03-01 04:36:00+00:00,12.993348,46.31067,10.37,42.6
200000036,2026-03-01 04:36:00+00:00,13.264199,44.903955,10.05,39.7
200000037,2026-03-01 04:36:00+00:00,12.500429,44.512947,15.71,252.1
200000038,2026-03-01 04:36:00+00:00,12.989106,45.274,16.09,298.6
200000039,2026-03-01 04:36:00+00:00,12.773481,45.633375,16.16,120.8
200000040,2026-03-01 04:36:00+00:00,13.028847,45.491645,14.97,127.8
200000001,2026-03-01 04:38:00+00:00,12.727273,43.300199,9.87,249.6
200000002,2026-03-01 04:38:00+00:00,12.694483,44.724237,13.93,269.8
200000003,2026-03-01 04:38:00+00:00,13.044508,45.722889,12.09,89.1
200000004,2026-03-01 04:38:00+00:00,12.457078,45.196664,9.8,271.8
200000005,2026-03-01 04:38:00+00:00,12.635205,47.009685,13.92,65.3
200000006,2026-03-01 04:38:00+00:00,13.017968,45.312215,9.69,106.6
200000007,2026-03-01 04:38:00+00:00,13.13675,44.199598,13.65,279.2
200000008,2026-03-01 04:38:00+00:00,12.864397,44.62358,14.93,257.0
200000009,2026-03-01 04:38:00+00:00,12.267435,44.980838,12.16,99.8
200000010,2026-03-01 04:38:00+00:00,12.382628,45.918181,9.37,53.0
200000011,2026-03-01 04:38:00+00:00,13.575134,45.291578,14.28,94.6
200000012,2026-03-01 04:38:00+00:00,12.556971,43.924207,12.45,279.5
200000013,2026-03-01 04:38:00+00:00,12.258527,44.463205,12.17,270.3
200000014,2026-03-01 04:38:00+00:00,13.09087,46.220491,11.32,104.9
200000015,2026-03-01 04:38:00+00:00,12.73278,45.612408,15.54,99.0
200000016,2026-03-01 04:38:00+00:00,12.623948,46.084236,9.85,69.6
200000017,2026-03-01 04:38:00+00:00,12.466998,46.514098,11.69,99.0
200000018,2026-03-01 04:38:00+00:00,12.323714,43.826422,9.31,255.2
200000019,2026-03-01 04:38:00+00:00,13.062867,46.812285,13.71,95.8
200000020,2026-03-01 04:38:00+00:00,12.682608,45.301745,13.06,87.5
200000021,2026-03-01 04:38:00+00:00,11.935518,43.673882,13.46,260.5
200000022,2026-03-01 04:38:00+00:00,12.61054,43.999179,15.22,248.5
200000023,2026-03-01 04:38:00+00:00,13.637398,45.863324,14.95,50.8
200000024,2026-03-01 04:38:00+00:00,12.724864,44.50934,12.21,288.9
200000025,2026-03-01 04:38:00+00:00,12.756333,44.709928,10.45,22.9
200000026,2026-03-01 04:38:00+00:00,12.0941,43.547076,14.09,257.5
200000027,2026-03-01 04:38:00+00:00,13.501468,45.015591,11.42,73.9
200000028,2026-03-01 04:38:00+00:00,13.196613,46.110896,14.42,70.6
200000029,2026-03-01 04:38:00+00:00,12.241992,46.180469,15.51,96.8
200000030,2026-03-01 04:38:00+00:00,12.151163,46.129289,11.8,88.6
200000031,2026-03-01 04:38:00+00:00,12.74126,46.911233,12.98,70.7
200000032,2026-03-01 04:38:00+00:00,12.725497,43.810075,10.74,271.8
200000033,2026-03-01 04:38:00+00:00,13.027942,43.827548,11.48,278.2
200000034,2026-03-01 04:38:00+00:00,12.293976,43.316982,11.64,273.1
200000035,2026-03-01 04:38:00+00:00,12.997668,46.314633,10.15,41.6
200000036,2026-03-01 04:38:00+00:00,13.268104,44.908015,9.87,45.9
200000037,2026-03-01 04:38:00+00:00,12.49789,44.504505,15.47,249.2
200000038,2026-03-01 04:38:00+00:00,12.993793,45.266188,15.93,299.1
200000039,2026-03-01 04:38:00+00:00,12.768793,45.641188,15.99,121.5
200000040,2026-03-01 04:38:00+00:00,13.024725,45.497761,12.73,125.6
200000001,2026-03-01 04:40:00+00:00,12.725525,43.294807,10.24,254.3
200000002,2026-03-01 04:40:00+00:00,12.69433,44.716262,14.21,272.1
200000003,2026-03-01 04:40:00+00:00,13.0448,45.729908,12.45,89.1
200000004,2026-03-01 04:40:00+00:00,12.457541,45.191042,10.05,277.4
200000005,2026-03-01 04:40:00+00:00,12.638574,47.016862,13.99,64.4
200000006,2026-03-01 04:40:00+00:00,13.016392,45.317586,10.04,104.8
200000007,2026-03-01 04:40:00+00:00,13.138142,44.191912,13.67,284.8
200000008,2026-03-01 04:40:00+00:00,12.862619,44.615031,15.31,258.9
200000009,2026-03-01 04:40:00+00:00,12.266389,44.98774,12.24,98.9
200000010,2026-03-01 04:40:00+00:00,12.385615,45.922726,9.62,53.2
200000011,2026-03-01 04:40:00+00:00,13.574372,45.29974,14.45,95.0
200000012,2026-03-01 04:40:00+00:00,12.558432,43.917349,12.28,279.7
200000013,2026-03-01 04:40:00+00:00,12.25827,44.456227,12.2,268.3
200000014,2026-03-01 04:40:00+00:00,13.089437,46.226753,11.19,100.7
200000015,2026-03-01 04:40:00+00:00,12.731644,45.621293,15.82,96.4
200000016,2026-03-01 04:40:00+00:00,12.62612,46.089489,9.88,66.5
200000017,2026-03-01 04:40:00+00:00,12.465701,46.520466,11.53,104.2
200000018,2026-03-01 04:40:00+00:00,12.322367,43.821385,9.32,253.9
200000019,2026-03-01 04:40:00+00:00,13.062002,46.820059,13.67,96.4
200000020,2026-03-01 04:40:00+00:00,12.682789,45.309218,12.98,92.3
200000021,2026-03-01 04:40:00+00:00,11.934529,43.666288,13.37,260.5
200000022,2026-03-01 04:40:00+00:00,12.606703,43.99149,15.13,240.2
200000023,2026-03-01 04:40:00+00:00,13.642729,45.869957,15.15,49.7
200000024,2026-03-01 04:40:00+00:00,12.726953,44.502703,12.19,290.7
200000025,2026-03-01 04:40:00+00:00,12.761535,44.712326,10.17,23.4
200000026,2026-03-01 04:40:00+00:00,12.092654,43.539258,13.87,259.0
200000027,2026-03-01 04:40:00+00:00,13.503144,45.021869,11.12,74.4
200000028,2026-03-01 04:40:00+00:00,13.199192,46.118513,14.2,69.2
200000029,2026-03-01 04:40:00+00:00,12.241455,46.189302,15.79,93.8
200000030,2026-03-01 04:40:00+00:00,12.151245,46.135925,11.91,90.1
200000031,2026-03-01 04:40:00+00:00,12.743207,46.918396,13.26,76.3
200000032,2026-03-01 04:40:00+00:00,12.725772,43.80405,10.88,271.1
200000033,2026-03-01 04:40:00+00:00,13.028944,43.821004,11.56,275.5
200000034,2026-03-01 04:40:00+00:00,12.294446,43.310316,11.85,268.9
200000035,2026-03-01 04:40:00+00:00,13.001998,46.318584,10.39,39.5
200000036,2026-03-01 04:40:00+00:00,13.271855,44.912224,9.78,47.5
200000037,2026-03-01 04:40:00+00:00,12.495264,44.496092,15.77,255.7
200000038,2026-03-01 04:40:00+00:00,12.998481,45.258375,16.25,300.4
200000039,2026-03-01 04:40:00+00:00,12.764106,45.649,15.88,121.1
200000040,2026-03-01 04:40:00+00:00,13.020815,45.503564,7.97,73.6
200000001,2026-03-01 04:42:00+00:00,12.724088,43.289319,10.02,253.7
200000002,2026-03-01 04:42:00+00:00,12.69432,44.708287,13.79,270.4
200000003,2026-03-01 04:42:00+00:00,13.044936,45.736933,12.75,89.2
200000004,2026-03-01 04:42:00+00:00,12.457901,45.185413,10.03,276.5
200000005,2026-03-01 04:42:00+00:00,12.641911,47.024055,14.03,66.8
200000006,2026-03-01 04:42:00+00:00,13.014922,45.322987,9.84,108.6
200000007,2026-03-01 04:42:00+00:00,13.139825,44.184289,13.56,280.2
200000008,2026-03-01 04:42:00+00:00,12.86062,44.606534,15.08,255.3
200000009,2026-03-01 04:42:00+00:00,12.265356,44.994644,12.21,100.8
200000010,2026-03-01 04:42:00+00:00,12.388589,45.92728,9.57,57.6
200000011,2026-03-01 04:42:00+00:00,13.57347,45.307887,14.28,92.9
200000012,2026-03-01 04:42:00+00:00,12.559803,43.910472,12.21,284.5
200000013,2026-03-01 04:42:00+00:00,12.257932,44.449253,12.19,266.6
200000014,2026-03-01 04:42:00+00:00,13.088221,46.233062,11.53,104.0
200000015,2026-03-01 04:42:00+00:00,12.73009,45.630111,15.59,103.2
200000016,2026-03-01 04:42:00+00:00,12.628321,46.094729,9.96,66.5
200000017,2026-03-01 04:42:00+00:00,12.464363,46.526824,11.43,101.8
200000018,2026-03-01 04:42:00+00:00,12.320878,43.816389,9.2,251.0
200000019,2026-03-01 04:42:00+00:00,13.061046,46.827823,13.43,97.5
200000020,2026-03-01 04:42:00+00:00,12.682544,45.316689,13.07,88.5
200000021,2026-03-01 04:42:00+00:00,11.933437,43.658708,13.54,261.7
200000022,2026-03-01 04:42:00+00:00,12.602783,43.983844,15.32,240.4
200000023,2026-03-01 04:42:00+00:00,13.647966,45.876668,15.23,52.3
200000024,2026-03-01 04:42:00+00:00,12.72958,44.49627,12.01,293.9
200000025,2026-03-01 04:42:00+00:00,12.766743,44.71471,10.31,23.7
200000026,2026-03-01 04:42:00+00:00,12.091394,43.531406,14.11,260.4
200000027,2026-03-01 04:42:00+00:00,13.504717,45.028175,11.36,77.6
200000028,2026-03-01 04:42:00+00:00,13.202005,46.126043,14.29,72.2
200000029,2026-03-01 04:42:00+00:00,12.24084,46.198129,15.5,94.2
200000030,2026-03-01 04:42:00+00:00,12.150926,46.142553,11.56,92.1
200000031,2026-03-01 04:42:00+00:00,12.7452,46.925545,13.1,74.7
200000032,2026-03-01 04:42:00+00:00,12.725959,43.798022,10.69,272.0
200000033,2026-03-01 04:42:00+00:00,13.029982,43.814466,11.83,277.5
200000034,2026-03-01 04:42:00+00:00,12.294839,43.303645,11.79,276.4
200000035,2026-03-01 04:42:00+00:00,13.006352,46.322506,10.7,40.2
200000036,2026-03-01 04:42:00+00:00,13.275477,44.916551,10.19,48.7
200000037,2026-03-01 04:42:00+00:00,12.492877,44.487603,15.2,256.5
200000038,2026-03-01 04:42:00+00:00,13.003168,45.250563,16.05,301.1
200000039,2026-03-01 04:42:00+00:00,12.759418,45.656813,15.98,124.4
200000040,2026-03-01 04:42:00+00:00,13.027127,45.506328,11.96,23.9
200000001,2026-03-01 04:44:00+00:00,12.722579,43.283851,10.03,254.7
200000002,2026-03-01 04:44:00+00:00,12.694226,44.700312,13.88,266.1
200000003,2026-03-01 04:44:00+00:00,13.045084,45.743957,12.21,87.5
200000004,2026-03-01 04:44:00+00:00,12.45825,45.179783,9.58,274.3
200000005,2026-03-01 04:44:00+00:00,12.645512,47.031113,14.09,58.9
200000006,2026-03-01 04:44:00+00:00,13.013337,45.328354,9.48,108.9
200000007,2026-03-01 04:44:00+00:00,13.141513,44.176666,13.89,283.4
200000008,2026-03-01 04:44:00+00:00,12.858359,44.598106,15.28,254.3
200000009,2026-03-01 04:44:00+00:00,12.264156,45.001519,12.52,100.0
200000010,2026-03-01 04:44:00+00:00,12.39149,45.931884,9.65,56.4
200000011,2026-03-01 04:44:00+00:00,13.572599,45.316037,14.3,96.9
200000012,2026-03-01 04:44:00+00:00,12.561362,43.903637,12.43,280.0
200000013,2026-03-01 04:44:00+00:00,12.257683,44.442275,12.49,268.2
200000014,2026-03-01 04:44:00+00:00,13.086823,46.239332,11.06,102.7
200000015,2026-03-01 04:44:00+00:00,12.728498,45.638923,15.51,101.1
200000016,2026-03-01 04:44:00+00:00,12.630363,46.100037,9.79,71.1
200000017,2026-03-01 04:44:00+00:00,12.463207,46.53322,11.36,96.4
200000018,2026-03-01 04:44:00+00:00,12.319137,43.811481,9.38,253.7
200000019,2026-03-01 04:44:00+00:00,13.059845,46.83555,13.71,95.9
200000020,2026-03-01 04:44:00+00:00,12.682392,45.324163,13.26,94.1
200000021,2026-03-01 04:44:00+00:00,11.9324,43.65112,13.26,262.5
200000022,2026-03-01 04:44:00+00:00,12.598529,43.976388,15.19,239.8
200000023,2026-03-01 04:44:00+00:00,13.653353,45.883253,15.01,53.3
200000024,2026-03-01 04:44:00+00:00,12.732074,44.489782,12.18,288.2
200000025,2026-03-01 04:44:00+00:00,12.772039,44.716881,10.4,22.2
200000026,2026-03-01 04:44:00+00:00,12.090041,43.523571,14.05,264.0
200000027,2026-03-01 04:44:00+00:00,13.50625,45.034491,11.74,78.6
200000028,2026-03-01 04:44:00+00:00,13.204406,46.133721,14.21,71.8
200000029,2026-03-01 04:44:00+00:00,12.240365,46.206966,15.42,95.0
200000030,2026-03-01 04:44:00+00:00,12.150784,46.149188,11.56,89.9
200000031,2026-03-01 04:44:00+00:00,12.746992,46.932751,13.05,74.7
200000032,2026-03-01 04:44:00+00:00,12.726104,43.791993,10.52,272.2
200000033,2026-03-01 04:44:00+00:00,13.03103,43.807929,11.7,279.7
200000034,2026-03-01 04:44:00+00:00,12.295388,43.296985,11.8,274.6
200000035,2026-03-01 04:44:00+00:00,13.010723,46.326409,10.65,40.1
200000036,2026-03-01 04:44:00+00:00,13.279031,44.920938,10.09,45.1
200000037,2026-03-01 04:44:00+00:00,12.490458,44.479125,15.53,252.7
200000038,2026-03-01 04:44:00+00:00,13.007856,45.24275,16.01,298.9
200000039,2026-03-01 04:44:00+00:00,12.754731,45.664625,16.12,121.3
200000040,2026-03-01 04:44:00+00:00,13.033494,45.509114,16.06,24.0
200000001,2026-03-01 04:46:00+00:00,12.721078,43.278381,10.13,252.0
200000002,2026-03-01 04:46:00+00:00,12.693825,44.692347,14.26,266.4
200000003,2026-03-01 04:46:00+00:00,13.045079,45.750982,12.33,87.9
200000004,2026-03-01 04:46:00+00:00,12.458672,45.174158,9.71,273.3
200000005,2026-03-01 04:46:00+00:00,12.649273,47.038084,13.98,59.8
200000006,2026-03-01 04:46:00+00:00,13.011681,45.333699,9.65,107.1
200000007,2026-03-01 04:46:00+00:00,13.143507,44.169121,13.72,285.4
200000008,2026-03-01 04:46:00+00:00,12.85593,44.589727,15.21,251.5
200000009,2026-03-01 04:46:00+00:00,12.262706,45.008343,12.21,101.0
200000010,2026-03-01 04:46:00+00:00,12.394282,45.936557,9.71,61.8
200000011,2026-03-01 04:46:00+00:00,13.571605,45.324173,14.25,100.7
200000012,2026-03-01 04:46:00+00:00,12.562893,43.896795,12.3,282.5
200000013,2026-03-01 04:46:00+00:00,12.257267,44.435306,12.1,268.0
200000014,2026-03-01 04:46:00+00:00,13.085422,46.245601,11.35,99.4
200000015,2026-03-01 04:46:00+00:00,12.72694,45.64774,15.5,102.3
200000016,2026-03-01 04:46:00+00:00,12.632426,46.105336,10.19,70.0
200000017,2026-03-01 04:46:00+00:00,12.461855,46.539576,11.56,103.8
200000018,2026-03-01 04:46:00+00:00,12.317478,43.806542,9.22,249.3
200000019,2026-03-01 04:46:00+00:00,13.058846,46.843308,13.75,95.2
200000020,2026-03-01 04:46:00+00:00,12.682389,45.331638,13.37,91.6
200000021,2026-03-01 04:46:00+00:00,11.931212,43.643555,13.59,257.5
200000022,2026-03-01 04:46:00+00:00,12.594153,43.969006,15.32,238.2
200000023,2026-03-01 04:46:00+00:00,13.658943,45.889656,14.95,47.0
200000024,2026-03-01 04:46:00+00:00,12.734364,44.483215,12.33,290.3
200000025,2026-03-01 04:46:00+00:00,12.77732,44.719091,10.22,22.3
200000026,2026-03-01 04:46:00+00:00,12.088786,43.515718,14.0,262.1
200000027,2026-03-01 04:46:00+00:00,13.507836,45.040794,11.55,73.2
200000028,2026-03-01 04:46:00+00:00,13.206913,46.141364,14.13,71.3
200000029,2026-03-01 04:46:00+00:00,12.239626,46.215783,15.28,93.4
200000030,2026-03-01 04:46:00+00:00,12.150631,46.155823,11.5,88.2
200000031,2026-03-01 04:46:00+00:00,12.748808,46.93995,13.01,75.6
200000032,2026-03-01 04:46:00+00:00,12.726266,43.785965,10.34,270.2
200000033,2026-03-01 04:46:00+00:00,13.032268,43.801428,11.74,281.9
200000034,2026-03-01 04:46:00+00:00,12.29599,43.29033,11.71,274.7
200000035,2026-03-01 04:46:00+00:00,13.015238,46.330137,10.48,37.2
200000036,2026-03-01 04:46:00+00:00,13.282562,44.925344,9.98,50.3
200000037,2026-03-01 04:46:00+00:00,12.487611,44.470787,15.43,253.2
200000038,2026-03-01 04:46:00+00:00,13.012543,45.234938,16.07,303.6
200000039,2026-03-01 04:46:00+00:00,12.750043,45.672438,16.02,120.1
200000040,2026-03-01 04:46:00+00:00,13.043605,45.513541,11.37,18.7
200000001,2026-03-01 04:48:00+00:00,12.719364,43.272978,10.12,255.3
200000002,2026-03-01 04:48:00+00:00,12.693128,44.684403,14.01,266.2
200000003,2026-03-01 04:48:00+00:00,13.045102,45.758008,12.24,90.1
200000004,2026-03-01 04:48:00+00:00,12.459031,45.168529,9.95,273.3
200000005,2026-03-01 04:48:00+00:00,12.652828,47.045166,13.98,64.6
200000006,2026-03-01 04:48:00+00:00,13.010198,45.339097,9.68,109.4
200000007,2026-03-01 04:48:00+00:00,13.145299,44.161523,13.64,278.6
200000008,2026-03-01 04:48:00+00:00,12.853366,44.581391,15.63,251.7
200000009,2026-03-01 04:48:00+00:00,12.261254,45.015168,12.24,102.3
200000010,2026-03-01 04:48:00+00:00,12.396903,45.941333,10.05,60.7
200000011,2026-03-01 04:48:00+00:00,13.570576,45.332304,14.49,95.8
200000012,2026-03-01 04:48:00+00:00,12.564286,43.889922,12.54,282.5
200000013,2026-03-01 04:48:00+00:00,12.25691,44.428333,12.39,266.8
200000014,2026-03-01 04:48:00+00:00,13.083827,46.25182,11.32,104.5
200000015,2026-03-01 04:48:00+00:00,12.725456,45.656571,15.77,103.3
200000016,2026-03-01 04:48:00+00:00,12.634599,46.110589,10.17,69.6
200000017,2026-03-01 04:48:00+00:00,12.460416,46.545911,11.49,105.8
200000018,2026-03-01 04:48:00+00:00,12.315912,43.801572,9.37,251.3
200000019,2026-03-01 04:48:00+00:00,13.058061,46.851091,13.76,97.2
200000020,2026-03-01 04:48:00+00:00,12.682467,45.339112,13.25,91.1
200000021,2026-03-01 04:48:00+00:00,11.92969,43.636053,13.63,259.3
200000022,2026-03-01 04:48:00+00:00,12.589739,43.961649,15.03,239.6
200000023,2026-03-01 04:48:00+00:00,13.6646,45.895998,15.13,45.0
200000024,2026-03-01 04:48:00+00:00,12.736633,44.47664,12.38,292.5
200000025,2026-03-01 04:48:00+00:00,12.782662,44.72114,10.17,18.3
200000026,2026-03-01 04:48:00+00:00,12.087879,43.507816,14.06,264.9
200000027,2026-03-01 04:48:00+00:00,13.509512,45.047073,11.36,74.7
200000028,2026-03-01 04:48:00+00:00,13.209068,46.149119,13.91,73.0
200000029,2026-03-01 04:48:00+00:00,12.238991,46.224609,15.54,96.2
200000030,2026-03-01 04:48:00+00:00,12.15045,46.162457,11.64,90.1
200000031,2026-03-01 04:48:00+00:00,12.750992,46.947041,12.93,75.3
200000032,2026-03-01 04:48:00+00:00,12.726463,43.779937,10.55,272.2
200000033,2026-03-01 04:48:00+00:00,13.033772,43.794986,11.94,286.6
200000034,2026-03-01 04:48:00+00:00,12.296267,43.283653,11.63,271.2
200000035,2026-03-01 04:48:00+00:00,13.019738,46.333882,10.62,40.5
200000036,2026-03-01 04:48:00+00:00,13.28618,44.929675,9.84,46.3
200000037,2026-03-01 04:48:00+00:00,12.4847,44.462472,15.37,257.0
200000038,2026-03-01 04:48:00+00:00,13.017231,45.227125,15.88,302.1
200000039,2026-03-01 04:48:00+00:00,12.745356,45.68025,16.09,121.8
200000040,2026-03-01 04:48:00+00:00,13.044927,45.514119,2.41,327.8
200000001,2026-03-01 04:50:00+00:00,12.717618,43.267585,10.08,248.3
200000002,2026-03-01 04:50:00+00:00,12.692519,44.676452,13.95,266.4
200000003,2026-03-01 04:50:00+00:00,13.045313,45.76503,12.31,89.1
200000004,2026-03-01 04:50:00+00:00,12.459264,45.162892,10.12,269.8
200000005,2026-03-01 04:50:00+00:00,12.655876,47.052493,13.93,64.8
200000006,2026-03-01 04:50:00+00:00,13.008618,45.344466,9.82,110.7
200000007,2026-03-01 04:50:00+00:00,13.147037,44.153912,13.67,285.3
200000008,2026-03-01 04:50:00+00:00,12.850887,44.573028,15.12,250.2
200000009,2026-03-01 04:50:00+00:00,12.259884,45.022009,12.51,100.0
200000010,2026-03-01 04:50:00+00:00,12.399717,45.945993,9.83,56.4
200000011,2026-03-01 04:50:00+00:00,13.569394,45.340413,14.01,100.7
200000012,2026-03-01 04:50:00+00:00,12.565632,43.88304,12.15,279.0
200000013,2026-03-01 04:50:00+00:00,12.256525,44.421361,12.21,266.5
200000014,2026-03-01 04:50:00+00:00,13.08237,46.258076,11.37,102.4
200000015,2026-03-01 04:50:00+00:00,12.723874,45.665384,15.88,106.2
200000016,2026-03-01 04:50:00+00:00,12.636644,46.115895,10.2,65.3
200000017,2026-03-01 04:50:00+00:00,12.45885,46.552215,11.41,103.0
200000018,2026-03-01 04:50:00+00:00,12.314322,43.79661,9.41,250.1
200000019,2026-03-01 04:50:00+00:00,13.057171,46.858863,13.61,98.1
200000020,2026-03-01 04:50:00+00:00,12.682485,45.346587,13.09,89.2
200000021,2026-03-01 04:50:00+00:00,11.92809,43.628568,13.51,256.9
200000022,2026-03-01 04:50:00+00:00,12.585229,43.954353,15.02,238.9
200000023,2026-03-01 04:50:00+00:00,13.670518,45.902081,14.94,46.7
200000024,2026-03-01 04:50:00+00:00,12.738938,44.470078,12.32,289.9
200000025,2026-03-01 04:50:00+00:00,12.788048,44.723064,10.23,21.4
200000026,2026-03-01 04:50:00+00:00,12.087348,43.499877,14.07,263.8
200000027,2026-03-01 04:50:00+00:00,13.511332,45.053308,11.15,70.6
200000028,2026-03-01 04:50:00+00:00,13.211427,46.156812,14.25,73.9
200000029,2026-03-01 04:50:00+00:00,12.238116,46.233413,15.49,92.7
200000030,2026-03-01 04:50:00+00:00,12.150263,46.16909,11.71,90.6
200000031,2026-03-01 04:50:00+00:00,12.753135,46.954145,13.05,73.2
200000032,2026-03-01 04:50:00+00:00,12.7266,43.773908,10.36,269.2
200000033,2026-03-01 04:50:00+00:00,13.035312,43.788553,11.5,283.6
200000034,2026-03-01 04:50:00+00:00,12.296674,43.276982,11.86,268.9
200000035,2026-03-01 04:50:00+00:00,13.024119,46.337774,10.26,39.1
200000036,2026-03-01 04:50:00+00:00,13.289719,44.934075,10.03,50.6
200000037,2026-03-01 04:50:00+00:00,12.482054,44.454066,15.51,251.7
200000038,2026-03-01 04:50:00+00:00,13.021918,45.219313,16.09,303.6
200000039,2026-03-01 04:50:00+00:00,12.740668,45.688063,16.07,127.4
200000040,2026-03-01 04:50:00+00:00,13.045892,45.511971,4.03,296.9
200000001,2026-03-01 04:52:00+00:00,12.715737,43.26224,10.14,250.2
200000002,2026-03-01 04:52:00+00:00,12.692227,44.668483,14.01,265.9
200000003,2026-03-01 04:52:00+00:00,13.045449,45.772055,12.28,85.4
200000004,2026-03-01 04:52:00+00:00,12.45976,45.157274,9.79,272.0
200000005,2026-03-01 04:52:00+00:00,12.658776,47.059883,13.94,67.5
200000006,2026-03-01 04:52:00+00:00,13.007008,45.349825,9.87,106.8
200000007,2026-03-01 04:52:00+00:00,13.148679,44.146278,14.03,283.0
200000008,2026-03-01 04:52:00+00:00,12.848607,44.564606,15.16,256.5
200000009,2026-03-01 04:52:00+00:00,12.258437,45.028834,12.46,101.4
200000010,2026-03-01 04:52:00+00:00,12.40274,45.950513,9.76,52.5
200000011,2026-03-01 04:52:00+00:00,13.568148,45.348511,14.32,96.3
200000012,2026-03-01 04:52:00+00:00,12.567047,43.876172,12.43,283.1
200000013,2026-03-01 04:52:00+00:00,12.256381,44.41438,12.27,269.8
200000014,2026-03-01 04:52:00+00:00,13.081205,46.264395,11.32,103.2
200000015,2026-03-01 04:52:00+00:00,12.722318,45.674202,15.72,96.7
200000016,2026-03-01 04:52:00+00:00,12.638975,46.121077,10.11,69.0
200000017,2026-03-01 04:52:00+00:00,12.457317,46.558527,11.4,104.7
200000018,2026-03-01 04:52:00+00:00,12.312586,43.791699,9.34,253.2
200000019,2026-03-01 04:52:00+00:00,13.055937,46.866585,13.83,100.1
200000020,2026-03-01 04:52:00+00:00,12.682233,45.354058,13.2,89.8
200000021,2026-03-01 04:52:00+00:00,11.926508,43.621079,13.68,257.5
200000022,2026-03-01 04:52:00+00:00,12.580767,43.947027,15.06,239.4
200000023,2026-03-01 04:52:00+00:00,13.676276,45.908325,15.16,46.7
200000024,2026-03-01 04:52:00+00:00,12.741507,44.463621,12.46,292.0
200000025,2026-03-01 04:52:00+00:00,12.793346,44.725231,9.93,20.0
200000026,2026-03-01 04:52:00+00:00,12.086821,43.491939,14.29,263.7
200000027,2026-03-01 04:52:00+00:00,13.513177,45.059536,11.25,74.0
200000028,2026-03-01 04:52:00+00:00,13.213869,46.164477,14.01,70.4
200000029,2026-03-01 04:52:00+00:00,12.237411,46.242233,15.5,99.1
200000030,2026-03-01 04:52:00+00:00,12.149851,46.175713,11.77,92.5
200000031,2026-03-01 04:52:00+00:00,12.755337,46.96123,13.04,71.7
200000032,2026-03-01 04:52:00+00:00,12.726643,43.767877,10.62,268.9
200000033,2026-03-01 04:52:00+00:00,13.03693,43.78214,11.73,288.1
200000034,2026-03-01 04:52:00+00:00,12.296805,43.2703,11.63,273.0
200000035,2026-03-01 04:52:00+00:00,13.028535,46.341624,10.53,42.3
200000036,2026-03-01 04:52:00+00:00,13.293287,44.93845,9.91,49.8
200000037,2026-03-01 04:52:00+00:00,12.479265,44.445707,15.49,257.0
200000038,2026-03-01 04:52:00+00:00,13.026606,45.2115,15.87,299.1
200000039,2026-03-01 04:52:00+00:00,12.735981,45.695875,15.91,117.3
200000040,2026-03-01 04:52:00+00:00,13.046823,45.509898,8.07,295.8
200000001,2026-03-01 04:54:00+00:00,12.713795,43.256918,9.97,250.8
200000002,2026-03-01 04:54:00+00:00,12.691771,44.660521,14.07,269.8
200000003,2026-03-01 04:54:00+00:00,13.045802,45.779071,12.46,84.0
200000004,2026-03-01 04:54:00+00:00,12.460224,45.151653,9.67,278.1
200000005,2026-03-01 04:54:00+00:00,12.66176,47.067238,14.12,65.4
200000006,2026-03-01 04:54:00+00:00,13.005498,45.355215,10.11,108.2
200000007,2026-03-01 04:54:00+00:00,13.150517,44.138692,13.7,287.2
200000008,2026-03-01 04:54:00+00:00,12.846535,44.556128,15.07,259.0
200000009,2026-03-01 04:54:00+00:00,12.25665,45.035575,12.31,102.9
200000010,2026-03-01 04:54:00+00:00,12.405713,45.955068,9.63,54.4
200000011,2026-03-01 04:54:00+00:00,13.566896,45.356609,14.36,97.9
200000012,2026-03-01 04:54:00+00:00,12.568372,43.869285,12.24,281.2
200000013,2026-03-01 04:54:00+00:00,12.256394,44.407398,12.12,271.8
200000014,2026-03-01 04:54:00+00:00,13.079862,46.270677,11.19,105.5
200000015,2026-03-01 04:54:00+00:00,12.720593,45.682987,15.8,102.6
200000016,2026-03-01 04:54:00+00:00,12.641157,46.126326,10.07,67.2
200000017,2026-03-01 04:54:00+00:00,12.455348,46.564711,11.53,114.5
200000018,2026-03-01 04:54:00+00:00,12.310942,43.786755,8.88,254.4
200000019,2026-03-01 04:54:00+00:00,13.054558,46.87428,13.58,96.8
200000020,2026-03-01 04:54:00+00:00,12.682227,45.361533,13.26,88.4
200000021,2026-03-01 04:54:00+00:00,11.924891,43.613598,13.73,257.0
200000022,2026-03-01 04:54:00+00:00,12.575935,43.939951,15.15,235.4
200000023,2026-03-01 04:54:00+00:00,13.682226,45.914375,15.09,45.1
200000024,2026-03-01 04:54:00+00:00,12.743802,44.457055,12.46,291.1
200000025,2026-03-01 04:54:00+00:00,12.79873,44.727162,10.17,22.5
200000026,2026-03-01 04:54:00+00:00,12.086407,43.483994,14.31,267.1
200000027,2026-03-01 04:54:00+00:00,13.515197,45.065706,11.38,70.3
200000028,2026-03-01 04:54:00+00:00,13.216486,46.172081,14.21,71.0
200000029,2026-03-01 04:54:00+00:00,12.236524,46.251036,15.45,94.0
200000030,2026-03-01 04:54:00+00:00,12.149283,46.182324,11.66,90.5
200000031,2026-03-01 04:54:00+00:00,12.757464,46.968339,12.98,72.8
200000032,2026-03-01 04:54:00+00:00,12.726721,43.761847,10.97,272.6
200000033,2026-03-01 04:54:00+00:00,13.038496,43.775713,11.76,283.1
200000034,2026-03-01 04:54:00+00:00,12.297103,43.263623,11.88,273.4
200000035,2026-03-01 04:54:00+00:00,13.032783,46.345667,10.4,41.4
200000036,2026-03-01 04:54:00+00:00,13.296926,44.942762,10.15,49.4
200000037,2026-03-01 04:54:00+00:00,12.476957,44.437197,15.52,256.2
200000038,2026-03-01 04:54:00+00:00,13.031293,45.203688,15.87,303.2
200000039,2026-03-01 04:54:00+00:00,12.731293,45.703688,16.26,125.4
200000040,2026-03-01 04:54:00+00:00,13.049789,45.503293,10.39,292.5
200000001,2026-03-01 04:56:00+00:00,12.711736,43.251643,9.84,244.1
200000002,2026-03-01 04:56:00+00:00,12.691104,44.652575,13.96,265.3
200000003,2026-03-01 04:56:00+00:00,13.046389,45.786071,12.34,82.3
200000004,2026-03-01 04:56:00+00:00,12.460936,45.146059,9.94,280.2
200000005,2026-03-01 04:56:00+00:00,12.664913,47.074518,13.98,67.0
200000006,2026-03-01 04:56:00+00:00,13.003816,45.360551,9.86,106.5
200000007,2026-03-01 04:56:00+00:00,13.152478,44.131138,13.79,285.5
200000008,2026-03-01 04:56:00+00:00,12.844635,44.547607,15.46,258.7
200000009,2026-03-01 04:56:00+00:00,12.254823,45.042304,12.14,102.9
200000010,2026-03-01 04:56:00+00:00,12.408651,45.959647,9.47,58.6
200000011,2026-03-01 04:56:00+00:00,13.565769,45.364726,14.34,96.8
200000012,2026-03-01 04:56:00+00:00,12.570002,43.862467,12.41,285.0
200000013,2026-03-01 04:56:00+00:00,12.256508,44.400416,12.41,269.9
200000014,2026-03-01 04:56:00+00:00,13.078598,46.276977,11.23,99.0
200000015,2026-03-01 04:56:00+00:00,12.719153,45.691825,15.69,98.0
200000016,2026-03-01 04:56:00+00:00,12.643225,46.131623,9.89,67.7
200000017,2026-03-01 04:56:00+00:00,12.453105,46.570796,11.31,110.7
200000018,2026-03-01 04:56:00+00:00,12.309523,43.781739,9.17,253.1
200000019,2026-03-01 04:56:00+00:00,13.053293,46.881997,13.79,99.9
200000020,2026-03-01 04:56:00+00:00,12.682052,45.369006,13.12,88.8
200000021,2026-03-01 04:56:00+00:00,11.923192,43.606136,12.99,255.5
200000022,2026-03-01 04:56:00+00:00,12.57101,43.932942,15.11,230.2
200000023,2026-03-01 04:56:00+00:00,13.688281,45.920315,15.26,41.5
200000024,2026-03-01 04:56:00+00:00,12.746315,44.450574,12.19,289.6
200000025,2026-03-01 04:56:00+00:00,12.804026,44.729334,10.14,22.2
200000026,2026-03-01 04:56:00+00:00,12.085933,43.476052,13.98,262.9
200000027,2026-03-01 04:56:00+00:00,13.517098,45.071917,11.16,71.4
200000028,2026-03-01 04:56:00+00:00,13.219241,46.179634,14.33,70.4
200000029,2026-03-01 04:56:00+00:00,12.235498,46.259823,15.55,95.1
200000030,2026-03-01 04:56:00+00:00,12.148769,46.18894,11.73,94.5
200000031,2026-03-01 04:56:00+00:00,12.759499,46.975477,12.92,75.6
200000032,2026-03-01 04:56:00+00:00,12.726941,43.75582,10.51,273.7
200000033,2026-03-01 04:56:00+00:00,13.040196,43.769322,11.52,286.7
200000034,2026-03-01 04:56:00+00:00,12.297286,43.256942,11.67,274.1
200000035,2026-03-01 04:56:00+00:00,13.037113,46.34962,10.26,39.1
200000036,2026-03-01 04:56:00+00:00,13.300627,44.947019,10.06,48.4
200000037,2026-03-01 04:56:00+00:00,12.474905,44.428618,15.66,255.1
200000038,2026-03-01 04:56:00+00:00,13.035981,45.195875,15.91,300.6
200000039,2026-03-01 04:56:00+00:00,12.726606,45.7115,16.32,119.0
200000040,2026-03-01 04:56:00+00:00,13.051597,45.499269,6.05,234.9
200000001,2026-03-01 04:58:00+00:00,12.709798,43.24632,10.03,248.4
200000002,2026-03-01 04:58:00+00:00,12.690226,44.64465,14.01,264.2
200000003,2026-03-01 04:58:00+00:00,13.047115,45.793057,12.43,84.8
200000004,2026-03-01 04:58:00+00:00,12.461576,45.140455,10.09,276.6
200000005,2026-03-01 04:58:00+00:00,12.668058,47.081803,13.81,62.0
200000006,2026-03-01 04:58:00+00:00,13.002141,45.365889,9.85,110.0
200000007,2026-03-01 04:58:00+00:00,13.154425,44.12358,13.41,283.6
200000008,2026-03-01 04:58:00+00:00,12.842931,44.539043,15.25,261.5
200000009,2026-03-01 04:58:00+00:00,12.252975,45.049027,12.49,104.1
200000010,2026-03-01 04:58:00+00:00,12.411606,45.964214,9.62,54.3
200000011,2026-03-01 04:58:00+00:00,13.564727,45.372855,14.22,97.4
200000012,2026-03-01 04:58:00+00:00,12.571773,43.855686,11.94,283.3
200000013,2026-03-01 04:58:00+00:00,12.256544,44.393434,12.32,269.7
200000014,2026-03-01 04:58:00+00:00,13.077596,46.283325,11.13,91.1
200000015,2026-03-01 04:58:00+00:00,12.717724,45.700665,15.71,101.5
200000016,2026-03-01 04:58:00+00:00,12.645293,46.136921,9.95,63.1
200000017,2026-03-01 04:58:00+00:00,12.450798,46.576856,11.42,112.1
200000018,2026-03-01 04:58:00+00:00,12.307885,43.776793,9.29,249.9
200000019,2026-03-01 04:58:00+00:00,13.052237,46.889746,13.79,98.0
200000020,2026-03-01 04:58:00+00:00,12.682072,45.376481,12.98,86.0
200000021,2026-03-01 04:58:00+00:00,11.921718,43.598625,13.61,258.5
200000022,2026-03-01 04:58:00+00:00,12.565811,43.926145,15.23,235.7
200000023,2026-03-01 04:58:00+00:00,13.694005,45.926592,15.17,46.8
200000024,2026-03-01 04:58:00+00:00,12.748842,44.444099,12.49,292.5
200000025,2026-03-01 04:58:00+00:00,12.809417,44.731243,10.27,17.7
200000026,2026-03-01 04:58:00+00:00,12.085388,43.468115,14.06,262.2
200000027,2026-03-01 04:58:00+00:00,13.518888,45.078162,11.39,72.9
200000028,2026-03-01 04:58:00+00:00,13.222108,46.187142,14.1,70.3
200000029,2026-03-01 04:58:00+00:00,12.234495,46.268613,15.51,98.6
200000030,2026-03-01 04:58:00+00:00,12.148195,46.19555,11.44,93.5
200000031,2026-03-01 04:58:00+00:00,12.761046,46.982742,13.1,78.6
200000032,2026-03-01 04:58:00+00:00,12.727312,43.749801,10.5,277.5
200000033,2026-03-01 04:58:00+00:00,13.041689,43.762877,11.53,281.9
200000034,2026-03-01 04:58:00+00:00,12.297288,43.250259,11.81,269.8
200000035,2026-03-01 04:58:00+00:00,13.041501,46.353502,10.31,41.6
200000036,2026-03-01 04:58:00+00:00,13.304318,44.951284,9.83,46.5
200000037,2026-03-01 04:58:00+00:00,12.472746,44.420067,15.52,255.7
200000038,2026-03-01 04:58:00+00:00,13.040668,45.188063,16.05,303.3
200000039,2026-03-01 04:58:00+00:00,12.721918,45.719313,16.03,124.9
200000040,2026-03-01 04:58:00+00:00,13.046329,45.497437,9.2,199.1
200000001,2026-03-01 05:00:00+00:00,12.707772,43.241031,10.12,251.5
200000002,2026-03-01 05:00:00+00:00,12.689542,44.636706,14.06,263.8
200000003,2026-03-01 05:00:00+00:00,13.047932,45.800032,12.41,85.9
200000004,2026-03-01 05:00:00+00:00,12.462186,45.134849,9.77,278.9
200000005,2026-03-01 05:00:00+00:00,12.671678,47.088851,14.12,63.7
200000006,2026-03-01 05:00:00+00:00,13.000333,45.371181,9.89,112.2
200000007,2026-03-01 05:00:00+00:00,13.156285,44.115999,13.74,281.1
200000008,2026-03-01 05:00:00+00:00,12.841323,44.53046,15.29,256.2
200000009,2026-03-01 05:00:00+00:00,12.251253,45.055784,12.29,104.6
200000010,2026-03-01 05:00:00+00:00,12.414709,45.968678,9.38,52.6
200000011,2026-03-01 05:00:00+00:00,13.563595,45.380971,14.19,98.0
200000012,2026-03-01 05:00:00+00:00,12.573285,43.848839,12.46,279.9
200000013,2026-03-01 05:00:00+00:00,12.256665,44.386452,12.32,271.0
200000014,2026-03-01 05:00:00+00:00,13.076871,46.289714,11.53,96.3
200000015,2026-03-01 05:00:00+00:00,12.716362,45.709516,16.05,97.3
200000016,2026-03-01 05:00:00+00:00,12.647205,46.142279,10.09,72.7
200000017,2026-03-01 05:00:00+00:00,12.448354,46.582859,11.41,114.2
200000018,2026-03-01 05:00:00+00:00,12.306123,43.771893,9.12,247.9
200000019,2026-03-01 05:00:00+00:00,13.051045,46.897475,13.41,98.2
200000020,2026-03-01 05:00:00+00:00,12.68211,45.383956,13.2,88.8
200000021,2026-03-01 05:00:00+00:00,11.919982,43.591172,13.61,259.4
200000022,2026-03-01 05:00:00+00:00,12.560772,43.919223,15.13,232.7
200000023,2026-03-01 05:00:00+00:00,13.700009,45.932587,15.1,41.6
200000024,2026-03-01 05:00:00+00:00,12.751333,44.437609,12.6,290.4
200000025,2026-03-01 05:00:00+00:00,12.814821,44.733113,10.18,17.5
200000026,2026-03-01 05:00:00+00:00,12.084709,43.460188,13.91,263.5
200000027,2026-03-01 05:00:00+00:00,13.520748,45.084385,11.48,71.8
200000028,2026-03-01 05:00:00+00:00,13.224918,46.194673,14.5,70.4
200000029,2026-03-01 05:00:00+00:00,12.233152,46.277355,15.81,98.8
200000030,2026-03-01 05:00:00+00:00,12.147905,46.20218,11.51,90.3
200000031,2026-03-01 05:00:00+00:00,12.762806,46.989956,13.3,75.0
200000032,2026-03-01 05:00:00+00:00,12.727819,43.743792,10.55,272.6
200000033,2026-03-01 05:00:00+00:00,13.042842,43.756359,11.51,279.3
200000034,2026-03-01 05:00:00+00:00,12.297234,43.243575,11.85,269.6
200000035,2026-03-01 05:00:00+00:00,13.04583,46.357455,10.54,39.8
200000036,2026-03-01 05:00:00+00:00,13.308143,44.955425,9.96,47.3
200000037,2026-03-01 05:00:00+00:00,12.470754,44.411473,15.54,258.9
200000038,2026-03-01 05:00:00+00:00,13.045356,45.18025,16.2,301.3
200000039,2026-03-01 05:00:00+00:00,12.717231,45.727125,16.35,125.1
200000040,2026-03-01 05:00:00+00:00,13.041928,45.495907,9.08,199.6
200000001,2026-03-01 05:02:00+00:00,12.705747,43.235742,9.8,245.7
200000002,2026-03-01 05:02:00+00:00,12.688773,44.628769,14.08,264.4
200000003,2026-03-01 05:02:00+00:00,13.048571,45.807027,12.4,84.0
200000004,2026-03-01 05:02:00+00:00,12.46291,45.129256,9.81,275.0
200000005,2026-03-01 05:02:00+00:00,12.675322,47.095887,13.79,64.9
200000006,2026-03-01 05:02:00+00:00,12.998509,45.376468,9.54,109.0
200000007,2026-03-01 05:02:00+00:00,13.158138,44.108416,13.65,288.1
200000008,2026-03-01 05:02:00+00:00,12.839636,44.521892,15.09,262.0
200000009,2026-03-01 05:02:00+00:00,12.249577,45.062554,12.32,103.2
200000010,2026-03-01 05:02:00+00:00,12.417831,45.973127,9.74,54.4
200000011,2026-03-01 05:02:00+00:00,13.562451,45.389085,14.36,98.3
200000012,2026-03-01 05:02:00+00:00,12.574836,43.842002,12.46,281.8
200000013,2026-03-01 05:02:00+00:00,12.256732,44.37947,12.34,269.4
200000014,2026-03-01 05:02:00+00:00,13.076214,46.29611,11.26,91.4
200000015,2026-03-01 05:02:00+00:00,12.715416,45.718424,15.67,96.6
200000016,2026-03-01 05:02:00+00:00,12.649173,46.147617,10.12,69.9
200000017,2026-03-01 05:02:00+00:00,12.445977,46.588891,11.32,114.8
200000018,2026-03-01 05:02:00+00:00,12.304337,43.767001,8.92,253.1
200000019,2026-03-01 05:02:00+00:00,13.049739,46.905184,13.83,95.6
200000020,2026-03-01 05:02:00+00:00,12.68219,45.391431,13.37,89.0
200000021,2026-03-01 05:02:00+00:00,11.918412,43.58368,13.74,257.2
200000022,2026-03-01 05:02:00+00:00,12.555689,43.912335,15.17,232.0
200000023,2026-03-01 05:02:00+00:00,13.706017,45.938576,15.02,46.1
200000024,2026-03-01 05:02:00+00:00,12.753928,44.431161,12.33,293.0
200000025,2026-03-01 05:02:00+00:00,12.820216,44.73501,10.31,17.7
200000026,2026-03-01 05:02:00+00:00,12.084165,43.452251,13.84,266.1
200000027,2026-03-01 05:02:00+00:00,13.522605,45.090609,11.37,73.2
200000028,2026-03-01 05:02:00+00:00,13.227778,46.202185,14.22,66.2
200000029,2026-03-01 05:02:00+00:00,12.231685,46.286076,15.43,98.3
200000030,2026-03-01 05:02:00+00:00,12.147804,46.208816,11.64,91.3
200000031,2026-03-01 05:02:00+00:00,12.764617,46.997157,13.35,78.8
200000032,2026-03-01 05:02:00+00:00,12.72837,43.737788,10.52,276.7
200000033,2026-03-01 05:02:00+00:00,13.044024,43.749846,11.33,280.3
200000034,2026-03-01 05:02:00+00:00,12.296753,43.23691,11.93,269.8
200000035,2026-03-01 05:02:00+00:00,13.050105,46.36147,10.27,40.8
200000036,2026-03-01 05:02:00+00:00,13.31187,44.959657,9.96,45.4
200000037,2026-03-01 05:02:00+00:00,12.468818,44.402866,15.6,257.7
200000038,2026-03-01 05:02:00+00:00,13.050043,45.172438,16.38,298.9
200000039,2026-03-01 05:02:00+00:00,12.712543,45.734938,16.0,116.4
200000040,2026-03-01 05:02:00+00:00,13.036587,45.494051,11.31,196.0
200000001,2026-03-01 05:04:00+00:00,12.703771,43.230433,9.92,251.4
200000002,2026-03-01 05:04:00+00:00,12.687722,44.620867,14.11,264.6
200000003,2026-03-01 05:04:00+00:00,13.049121,45.814031,12.31,87.3
200000004,2026-03-01 05:04:00+00:00,12.463604,45.12366,9.74,276.8
200000005,2026-03-01 05:04:00+00:00,12.678956,47.102928,14.08,61.6
200000006,2026-03-01 05:04:00+00:00,12.996721,45.381767,10.06,107.7
200000007,2026-03-01 05:04:00+00:00,13.160132,44.100871,13.66,282.9
200000008,2026-03-01 05:04:00+00:00,12.838199,44.513277,15.4,257.1
200000009,2026-03-01 05:04:00+00:00,12.248152,45.069384,12.26,101.1
200000010,2026-03-01 05:04:00+00:00,12.421016,45.97753,9.65,52.0
200000011,2026-03-01 05:04:00+00:00,13.561036,45.397154,14.45,98.7
200000012,2026-03-01 05:04:00+00:00,12.57666,43.835236,12.36,286.2
200000013,2026-03-01 05:04:00+00:00,12.256741,44.372487,12.14,264.8
200000014,2026-03-01 05:04:00+00:00,13.075597,46.30251,11.4,95.5
200000015,2026-03-01 05:04:00+00:00,12.714502,45.727336,15.73,97.1
200000016,2026-03-01 05:04:00+00:00,12.651099,46.15297,9.91,68.2
200000017,2026-03-01 05:04:00+00:00,12.443454,46.59486,11.26,111.8
200000018,2026-03-01 05:04:00+00:00,12.302724,43.762047,9.45,249.7
200000019,2026-03-01 05:04:00+00:00,13.048379,46.912883,13.71,98.5
200000020,2026-03-01 05:04:00+00:00,12.682285,45.398905,13.11,90.0
200000021,2026-03-01 05:04:00+00:00,11.916856,43.576186,13.63,258.9
200000022,2026-03-01 05:04:00+00:00,12.550647,43.905415,15.08,232.2
200000023,2026-03-01 05:04:00+00:00,13.712259,45.944308,15.36,45.9
200000024,2026-03-01 05:04:00+00:00,12.756362,44.424649,12.08,292.9
200000025,2026-03-01 05:04:00+00:00,12.825566,44.737038,10.13,19.0
200000026,2026-03-01 05:04:00+00:00,12.083978,43.444297,13.76,266.7
200000027,2026-03-01 05:04:00+00:00,13.524149,45.096924,11.23,75.9
200000028,2026-03-01 05:04:00+00:00,13.230912,46.20958,14.23,67.2
200000029,2026-03-01 05:04:00+00:00,12.23029,46.29481,15.56,98.1
200000030,2026-03-01 05:04:00+00:00,12.147582,46.215448,11.36,91.3
200000031,2026-03-01 05:04:00+00:00,12.766205,47.004413,13.05,79.9
200000032,2026-03-01 05:04:00+00:00,12.728911,43.731782,10.52,273.4
200000033,2026-03-01 05:04:00+00:00,13.045232,43.743338,11.78,280.8
200000034,2026-03-01 05:04:00+00:00,12.296368,43.230238,11.74,264.7
200000035,2026-03-01 05:04:00+00:00,13.054365,46.3655,10.29,48.1
200000036,2026-03-01 05:04:00+00:00,13.315474,44.964001,10.19,56.2
200000037,2026-03-01 05:04:00+00:00,12.466979,44.394237,15.5,258.7
200000038,2026-03-01 05:04:00+00:00,13.054731,45.164625,16.2,305.2
200000039,2026-03-01 05:04:00+00:00,12.707856,45.74275,15.99,122.8
200000040,2026-03-01 05:04:00+00:00,13.029982,45.491755,7.88,148.8
200000001,2026-03-01 05:06:00+00:00,12.701967,43.225061,9.67,249.5
200000002,2026-03-01 05:06:00+00:00,12.686591,44.612976,14.03,262.9
200000003,2026-03-01 05:06:00+00:00,13.049505,45.821045,12.15,84.0
200000004,2026-03-01 05:06:00+00:00,12.46417,45.118048,10.1,275.5
200000005,2026-03-01 05:06:00+00:00,12.682601,47.109964,13.7,63.7
200000006,2026-03-01 05:06:00+00:00,12.995083,45.387117,9.76,107.7
200000007,2026-03-01 05:06:00+00:00,13.162286,44.093372,13.42,286.4
200000008,2026-03-01 05:06:00+00:00,12.837193,44.504598,15.34,260.0
200000009,2026-03-01 05:06:00+00:00,12.246895,45.076248,12.44,100.1
200000010,2026-03-01 05:06:00+00:00,12.424329,45.981832,9.46,53.2
200000011,2026-03-01 05:06:00+00:00,13.559379,45.405174,14.41,103.9
200000012,2026-03-01 05:06:00+00:00,12.579047,43.828656,12.09,290.5
200000013,2026-03-01 05:06:00+00:00,12.256272,44.365521,12.19,267.7
200000014,2026-03-01 05:06:00+00:00,13.075032,46.308915,11.39,93.4
200000015,2026-03-01 05:06:00+00:00,12.71373,45.736262,15.67,94.8
200000016,2026-03-01 05:06:00+00:00,12.65322,46.158245,10.23,63.9
200000017,2026-03-01 05:06:00+00:00,12.440986,46.600853,11.3,110.6
200000018,2026-03-01 05:06:00+00:00,12.301263,43.757044,9.11,252.2
200000019,2026-03-01 05:06:00+00:00,13.047073,46.920592,13.55,96.3
200000020,2026-03-01 05:06:00+00:00,12.682249,45.40638,13.05,89.0
200000021,2026-03-01 05:06:00+00:00,11.915131,43.568731,13.36,257.6
200000022,2026-03-01 05:06:00+00:00,12.54532,43.898724,15.58,230.0
200000023,2026-03-01 05:06:00+00:00,13.718233,45.950334,15.14,42.2
200000024,2026-03-01 05:06:00+00:00,12.758827,44.418148,12.1,292.5
200000025,2026-03-01 05:06:00+00:00,12.830985,44.738864,10.45,19.5
200000026,2026-03-01 05:06:00+00:00,12.083563,43.436352,14.21,263.5
200000027,2026-03-01 05:06:00+00:00,13.525573,45.103268,11.57,77.7
200000028,2026-03-01 05:06:00+00:00,13.234253,46.216879,13.73,65.2
200000029,2026-03-01 05:06:00+00:00,12.22887,46.303539,15.45,101.8
200000030,2026-03-01 05:06:00+00:00,12.147262,46.222077,11.83,93.2
200000031,2026-03-01 05:06:00+00:00,12.767763,47.011676,12.95,79.5
200000032,2026-03-01 05:06:00+00:00,12.729223,43.72576,10.69,275.6
200000033,2026-03-01 05:06:00+00:00,13.046302,43.736805,11.92,282.5
200000034,2026-03-01 05:06:00+00:00,12.295813,43.223579,11.62,261.1
200000035,2026-03-01 05:06:00+00:00,13.058617,46.369541,10.37,43.6
200000036,2026-03-01 05:06:00+00:00,13.318846,44.968537,10.17,55.1
200000037,2026-03-01 05:06:00+00:00,12.465008,44.385639,16.04,255.8
200000038,2026-03-01 05:06:00+00:00,13.059418,45.156813,16.23,300.7
200000039,2026-03-01 05:06:00+00:00,12.703168,45.750563,15.91,122.9
200000040,2026-03-01 05:06:00+00:00,13.029131,45.498616,14.4,94.3
200000001,2026-03-01 05:08:00+00:00,12.700186,43.219681,9.99,249.2
200000002,2026-03-01 05:08:00+00:00,12.685778,44.605045,14.03,261.8
200000003,2026-03-01 05:08:00+00:00,13.049848,45.828062,12.19,88.5
200000004,2026-03-01 05:08:00+00:00,12.464633,45.112426,10.1,275.2
200000005,2026-03-01 05:08:00+00:00,12.686029,47.117113,14.01,60.8
200000006,2026-03-01 05:08:00+00:00,12.993421,45.392459,9.96,110.2
200000007,2026-03-01 05:08:00+00:00,13.164428,44.08587,13.62,284.3
200000008,2026-03-01 05:08:00+00:00,12.835963,44.495949,15.25,262.0
200000009,2026-03-01 05:08:00+00:00,12.24568,45.08312,11.84,99.4
200000010,2026-03-01 05:08:00+00:00,12.427496,45.986248,9.27,54.5
200000011,2026-03-01 05:08:00+00:00,13.557454,45.413131,14.65,103.4
200000012,2026-03-01 05:08:00+00:00,12.581355,43.822046,12.32,292.7
200000013,2026-03-01 05:08:00+00:00,12.255762,44.358558,12.14,260.8
200000014,2026-03-01 05:08:00+00:00,13.074165,46.315285,11.15,99.4
200000015,2026-03-01 05:08:00+00:00,12.712671,45.745156,15.81,95.1
200000016,2026-03-01 05:08:00+00:00,12.655506,46.163448,10.36,63.1
200000017,2026-03-01 05:08:00+00:00,12.438668,46.606908,11.51,109.2
200000018,2026-03-01 05:08:00+00:00,12.299728,43.752064,8.9,254.3
200000019,2026-03-01 05:08:00+00:00,13.046198,46.928365,13.77,92.6
200000020,2026-03-01 05:08:00+00:00,12.682096,45.413854,13.1,90.0
200000021,2026-03-01 05:08:00+00:00,11.913321,43.561296,13.65,257.1
200000022,2026-03-01 05:08:00+00:00,12.540025,43.892005,15.32,231.5
200000023,2026-03-01 05:08:00+00:00,13.724239,45.956328,15.16,43.2
200000024,2026-03-01 05:08:00+00:00,12.761247,44.411629,12.24,290.7
200000025,2026-03-01 05:08:00+00:00,12.836359,44.740823,10.19,18.8
200000026,2026-03-01 05:08:00+00:00,12.083204,43.428403,13.82,269.2
200000027,2026-03-01 05:08:00+00:00,13.526878,45.109639,11.31,78.3
200000028,2026-03-01 05:08:00+00:00,13.23741,46.224264,14.23,66.4
200000029,2026-03-01 05:08:00+00:00,12.227807,46.312321,15.67,97.5
200000030,2026-03-01 05:08:00+00:00,12.146876,46.228701,11.72,92.6
200000031,2026-03-01 05:08:00+00:00,12.769619,47.018865,12.85,73.3
200000032,2026-03-01 05:08:00+00:00,12.729324,43.71973,10.47,271.1
200000033,2026-03-01 05:08:00+00:00,13.047784,43.730357,11.54,280.2
200000034,2026-03-01 05:08:00+00:00,12.295128,43.216932,11.74,261.9
200000035,2026-03-01 05:08:00+00:00,13.062919,46.373525,10.29,39.6
200000036,2026-03-01 05:08:00+00:00,13.322201,44.973087,10.14,52.1
200000037,2026-03-01 05:08:00+00:00,12.46306,44.377035,15.58,255.9
200000038,2026-03-01 05:08:00+00:00,13.064106,45.149,15.94,300.5
200000039,2026-03-01 05:08:00+00:00,12.698481,45.758375,15.99,121.7
200000040,2026-03-01 05:08:00+00:00,13.027955,45.508091,17.75,96.8
200000001,2026-03-01 05:10:00+00:00,12.69839,43.214305,9.99,249.3
200000002,2026-03-01 05:10:00+00:00,12.684758,44.597138,13.96,264.0
200000003,2026-03-01 05:10:00+00:00,13.050251,45.835076,12.45,90.2
200000004,2026-03-01 05:10:00+00:00,12.465134,45.106808,9.85,280.2
200000005,2026-03-01 05:10:00+00:00,12.689695,47.124137,14.05,60.4
200000006,2026-03-01 05:10:00+00:00,12.991883,45.39784,9.87,108.5
200000007,2026-03-01 05:10:00+00:00,13.166485,44.078342,13.74,286.3
200000008,2026-03-01 05:10:00+00:00,12.834709,44.487304,15.38,261.8
200000009,2026-03-01 05:10:00+00:00,12.244669,45.090027,12.23,103.6
200000010,2026-03-01 05:10:00+00:00,12.430646,45.990677,9.73,52.4
200000011,2026-03-01 05:10:00+00:00,13.555662,45.42112,14.19,101.3
200000012,2026-03-01 05:10:00+00:00,12.583666,43.815438,12.46,285.5
200000013,2026-03-01 05:10:00+00:00,12.255138,44.351605,11.9,262.0
200000014,2026-03-01 05:10:00+00:00,13.073239,46.321646,11.08,96.6
200000015,2026-03-01 05:10:00+00:00,12.711988,45.754089,15.51,96.1
200000016,2026-03-01 05:10:00+00:00,12.657734,46.168677,10.15,64.8
200000017,2026-03-01 05:10:00+00:00,12.436312,46.612948,11.38,111.2
200000018,2026-03-01 05:10:00+00:00,12.298228,43.747072,9.21,251.9
200000019,2026-03-01 05:10:00+00:00,13.045468,46.936154,13.6,96.6
200000020,2026-03-01 05:10:00+00:00,12.682101,45.421329,13.22,92.5
200000021,2026-03-01 05:10:00+00:00,11.911302,43.553919,13.78,259.4
200000022,2026-03-01 05:10:00+00:00,12.53488,43.885166,15.26,234.2
200000023,2026-03-01 05:10:00+00:00,13.730256,45.962308,14.99,46.5
200000024,2026-03-01 05:10:00+00:00,12.763543,44.405064,12.21,287.2
200000025,2026-03-01 05:10:00+00:00,12.841675,44.742942,10.22,22.6
200000026,2026-03-01 05:10:00+00:00,12.082786,43.420458,14.1,269.2
200000027,2026-03-01 05:10:00+00:00,13.528297,45.115984,11.28,75.9
200000028,2026-03-01 05:10:00+00:00,13.240761,46.231559,14.24,64.4
200000029,2026-03-01 05:10:00+00:00,12.226616,46.321086,15.05,97.9
200000030,2026-03-01 05:10:00+00:00,12.146463,46.235324,11.66,95.0
200000031,2026-03-01 05:10:00+00:00,12.771907,47.025922,13.11,68.8
200000032,2026-03-01 05:10:00+00:00,12.729157,43.713701,10.62,266.9
200000033,2026-03-01 05:10:00+00:00,13.049235,43.723902,11.58,281.2
200000034,2026-03-01 05:10:00+00:00,12.294293,43.210303,11.89,261.7
200000035,2026-03-01 05:10:00+00:00,13.067101,46.377642,10.71,41.8
200000036,2026-03-01 05:10:00+00:00,13.325531,44.977656,9.95,52.9
200000037,2026-03-01 05:10:00+00:00,12.46068,44.368546,15.5,253.5
200000038,2026-03-01 05:10:00+00:00,13.068793,45.141188,16.14,303.4
200000039,2026-03-01 05:10:00+00:00,12.693793,45.766188,16.12,119.7
200000040,2026-03-01 05:10:00+00:00,13.026591,45.519082,10.99,100.2
200000001,2026-03-01 05:12:00+00:00,12.696586,43.208933,9.74,250.3
200000002,2026-03-01 05:12:00+00:00,12.683848,44.589218,14.24,264.5
200000003,2026-03-01 05:12:00+00:00,13.050403,45.8421,12.11,87.4
200000004,2026-03-01 05:12:00+00:00,12.46554,45.101182,10.19,274.7
200000005,2026-03-01 05:12:00+00:00,12.693388,47.131146,13.91,60.7
200000006,2026-03-01 05:12:00+00:00,12.990455,45.403253,10.06,103.8
200000007,2026-03-01 05:12:00+00:00,13.168561,44.07082,13.73,286.6
200000008,2026-03-01 05:12:00+00:00,12.833765,44.478617,15.35,264.9
200000009,2026-03-01 05:12:00+00:00,12.24369,45.096938,12.09,98.8
200000010,2026-03-01 05:12:00+00:00,12.433918,45.995013,9.57,51.9
200000011,2026-03-01 05:12:00+00:00,13.554016,45.429142,14.38,102.2
200000012,2026-03-01 05:12:00+00:00,12.585747,43.80875,12.38,290.1
200000013,2026-03-01 05:12:00+00:00,12.254284,44.344677,11.94,262.2
200000014,2026-03-01 05:12:00+00:00,13.072427,46.328023,11.1,96.9
200000015,2026-03-01 05:12:00+00:00,12.711681,45.763044,15.67,89.1
200000016,2026-03-01 05:12:00+00:00,12.660015,46.173882,9.95,60.6
200000017,2026-03-01 05:12:00+00:00,12.43409,46.619041,11.36,111.8
200000018,2026-03-01 05:12:00+00:00,12.296731,43.74208,9.2,252.0
200000019,2026-03-01 05:12:00+00:00,13.04492,46.943958,13.85,94.9
200000020,2026-03-01 05:12:00+00:00,12.682262,45.428802,13.2,89.7
200000021,2026-03-01 05:12:00+00:00,11.909343,43.546524,13.52,254.6
200000022,2026-03-01 05:12:00+00:00,12.529757,43.878309,15.08,232.5
200000023,2026-03-01 05:12:00+00:00,13.736126,45.968442,14.99,47.4
200000024,2026-03-01 05:12:00+00:00,12.765724,44.398457,12.34,289.8
200000025,2026-03-01 05:12:00+00:00,12.846942,44.745188,10.53,21.8
200000026,2026-03-01 05:12:00+00:00,12.082266,43.41252,14.16,267.7
200000027,2026-03-01 05:12:00+00:00,13.529867,45.122292,11.36,76.0
200000028,2026-03-01 05:12:00+00:00,13.244191,46.238815,14.16,65.4
200000029,2026-03-01 05:12:00+00:00,12.225484,46.329859,15.47,97.9
200000030,2026-03-01 05:12:00+00:00,12.146224,46.241956,11.43,94.1
200000031,2026-03-01 05:12:00+00:00,12.77417,47.032987,13.07,73.6
200000032,2026-03-01 05:12:00+00:00,12.728845,43.707679,10.7,265.4
200000033,2026-03-01 05:12:00+00:00,13.050608,43.717429,11.45,283.8
200000034,2026-03-01 05:12:00+00:00,12.293538,43.203665,11.51,260.3
200000035,2026-03-01 05:12:00+00:00,13.071359,46.381675,10.46,39.6
200000036,2026-03-01 05:12:00+00:00,13.329026,44.982094,9.93,49.0
200000037,2026-03-01 05:12:00+00:00,12.458222,44.36008,15.54,254.9
200000038,2026-03-01 05:12:00+00:00,13.073481,45.133375,15.87,300.7
200000039,2026-03-01 05:12:00+00:00,12.689106,45.774,16.13,121.5
200000040,2026-03-01 05:12:00+00:00,13.026431,45.520366,9.54,145.7
200000001,2026-03-01 05:14:00+00:00,12.69477,43.203565,9.69,255.5
200000002,2026-03-01 05:14:00+00:00,12.682991,44.581291,13.76,262.7
200000003,2026-03-01 05:14:00+00:00,13.050478,45.849125,12.31,91.8
200000004,2026-03-01 05:14:00+00:00,12.465959,45.095557,9.79,269.4
200000005,2026-03-01 05:14:00+00:00,12.697254,47.138057,13.74,62.1
200000006,2026-03-01 05:14:00+00:00,12.989076,45.40868,9.81,103.0
200000007,2026-03-01 05:14:00+00:00,13.170663,44.063306,13.52,284.9
200000008,2026-03-01 05:14:00+00:00,12.83276,44.469938,15.33,260.8
200000009,2026-03-01 05:14:00+00:00,12.242943,45.103879,12.16,95.0
200000010,2026-03-01 05:14:00+00:00,12.436971,45.999512,9.62,57.7
200000011,2026-03-01 05:14:00+00:00,13.552141,45.437111,14.03,104.6
200000012,2026-03-01 05:14:00+00:00,12.587923,43.802093,12.46,292.6
200000013,2026-03-01 05:14:00+00:00,12.253338,44.337762,12.12,261.6
200000014,2026-03-01 05:14:00+00:00,13.07183,46.334425,11.28,93.5
200000015,2026-03-01 05:14:00+00:00,12.711566,45.772004,15.44,89.7
200000016,2026-03-01 05:14:00+00:00,12.662448,46.179014,10.16,65.6
200000017,2026-03-01 05:14:00+00:00,12.431796,46.625105,11.57,111.3
200000018,2026-03-01 05:14:00+00:00,12.295323,43.737061,9.1,254.4
200000019,2026-03-01 05:14:00+00:00,13.044244,46.951752,13.57,93.3
200000020,2026-03-01 05:14:00+00:00,12.682487,45.436274,13.15,88.4
200000021,2026-03-01 05:14:00+00:00,11.907571,43.53908,13.6,256.4
200000022,2026-03-01 05:14:00+00:00,12.524801,43.871325,15.11,235.8
200000023,2026-03-01 05:14:00+00:00,13.741693,45.97487,15.11,47.4
200000024,2026-03-01 05:14:00+00:00,12.76802,44.391891,12.34,287.7
200000025,2026-03-01 05:14:00+00:00,12.852306,44.747174,10.18,16.6
200000026,2026-03-01 05:14:00+00:00,12.082109,43.404565,13.95,270.0
200000027,2026-03-01 05:14:00+00:00,13.531274,45.12864,11.42,76.6
200000028,2026-03-01 05:14:00+00:00,13.247661,46.24605,14.27,65.0
200000029,2026-03-01 05:14:00+00:00,12.224142,46.338602,15.69,101.2
200000030,2026-03-01 05:14:00+00:00,12.145994,46.248588,11.76,93.1
200000031,2026-03-01 05:14:00+00:00,12.776488,47.040034,12.95,70.1
200000032,2026-03-01 05:14:00+00:00,12.728283,43.701675,10.63,263.7
200000033,2026-03-01 05:14:00+00:00,13.052224,43.711015,11.65,282.9
200000034,2026-03-01 05:14:00+00:00,12.292626,43.197047,11.62,260.6
200000035,2026-03-01 05:14:00+00:00,13.075724,46.385587,10.19,42.1
200000036,2026-03-01 05:14:00+00:00,13.332629,44.986438,9.86,49.3
200000037,2026-03-01 05:14:00+00:00,12.455431,44.351723,15.56,252.1
200000038,2026-03-01 05:14:00+00:00,13.078168,45.125563,16.14,304.4
200000039,2026-03-01 05:14:00+00:00,12.684418,45.781813,16.1,120.1
200000040,2026-03-01 05:14:00+00:00,13.018041,45.52537,13.76,149.4
200000001,2026-03-01 05:16:00+00:00,12.692907,43.198214,9.77,246.3
200000002,2026-03-01 05:16:00+00:00,12.682015,44.573379,13.74,264.5
200000003,2026-03-01 05:16:00+00:00,13.050564,45.856151,12.62,89.4
200000004,2026-03-01 05:16:00+00:00,12.466052,45.089916,9.98,270.0
200000005,2026-03-01 05:16:00+00:00,12.701206,47.144916,14.15,58.1
200000006,2026-03-01 05:16:00+00:00,12.987701,45.414107,10.07,102.4
200000007,2026-03-01 05:16:00+00:00,13.172812,44.055805,13.65,286.0
200000008,2026-03-01 05:16:00+00:00,12.832013,44.461231,15.37,266.1
200000009,2026-03-01 05:16:00+00:00,12.242273,45.110829,12.43,95.2
200000010,2026-03-01 05:16:00+00:00,12.440012,46.00402,9.52,55.8
200000011,2026-03-01 05:16:00+00:00,13.549919,45.444985,14.19,107.7
200000012,2026-03-01 05:16:00+00:00,12.59018,43.795465,12.63,288.0
200000013,2026-03-01 05:16:00+00:00,12.251995,44.330916,12.43,255.4
200000014,2026-03-01 05:16:00+00:00,13.071414,46.340842,11.19,95.8
200000015,2026-03-01 05:16:00+00:00,12.711302,45.78096,15.6,92.3
200000016,2026-03-01 05:16:00+00:00,12.664759,46.184206,10.18,64.4
200000017,2026-03-01 05:16:00+00:00,12.429717,46.63125,11.61,107.2
200000018,2026-03-01 05:16:00+00:00,12.293865,43.732057,9.14,255.3
200000019,2026-03-01 05:16:00+00:00,13.043792,46.959563,13.68,92.6
200000020,2026-03-01 05:16:00+00:00,12.682801,45.443742,12.95,84.9
200000021,2026-03-01 05:16:00+00:00,11.905751,43.531648,13.61,256.7
200000022,2026-03-01 05:16:00+00:00,12.519996,43.864232,15.24,236.8
200000023,2026-03-01 05:16:00+00:00,13.747481,45.981086,15.2,42.5
200000024,2026-03-01 05:16:00+00:00,12.769776,44.385153,12.11,284.9
200000025,2026-03-01 05:16:00+00:00,12.857643,44.749238,10.02,23.8
200000026,2026-03-01 05:16:00+00:00,12.081896,43.396611,13.94,268.5
200000027,2026-03-01 05:16:00+00:00,13.532704,45.134983,11.41,77.0
200000028,2026-03-01 05:16:00+00:00,13.251166,46.253268,14.2,64.7
200000029,2026-03-01 05:16:00+00:00,12.222875,46.347355,15.47,100.4
200000030,2026-03-01 05:16:00+00:00,12.145719,46.255219,11.63,93.7
200000031,2026-03-01 05:16:00+00:00,12.77931,47.046885,13.15,64.7
200000032,2026-03-01 05:16:00+00:00,12.728139,43.695646,10.8,267.6
200000033,2026-03-01 05:16:00+00:00,13.053703,43.704566,11.75,280.4
200000034,2026-03-01 05:16:00+00:00,12.291485,43.190466,11.98,257.7
200000035,2026-03-01 05:16:00+00:00,13.080044,46.38955,10.33,40.2
200000036,2026-03-01 05:16:00+00:00,13.336213,44.9908,9.84,51.4
200000037,2026-03-01 05:16:00+00:00,12.452763,44.343325,15.67,249.2
200000038,2026-03-01 05:16:00+00:00,13.082856,45.11775,15.99,303.3
200000039,2026-03-01 05:16:00+00:00,12.679731,45.789625,16.0,123.5
200000040,2026-03-01 05:16:00+00:00,13.013202,45.528256,14.08,148.7
200000001,2026-03-01 05:18:00+00:00,12.691077,43.192852,9.91,248.3
200000002,2026-03-01 05:18:00+00:00,12.681353,44.565432,13.93,264.5
200000003,2026-03-01 05:18:00+00:00,13.050797,45.863173,12.68,86.0
200000004,2026-03-01 05:18:00+00:00,12.466065,45.084275,9.99,270.6
200000005,2026-03-01 05:18:00+00:00,12.70539,47.15163,13.9,60.6
200000006,2026-03-01 05:18:00+00:00,12.986295,45.419526,9.73,105.1
200000007,2026-03-01 05:18:00+00:00,13.174875,44.048279,13.85,285.6
200000008,2026-03-01 05:18:00+00:00,12.831019,44.452551,15.63,266.7
200000009,2026-03-01 05:18:00+00:00,12.241715,45.117789,12.44,98.8
200000010,2026-03-01 05:18:00+00:00,12.443094,46.008499,9.67,53.8
200000011,2026-03-01 05:18:00+00:00,13.547675,45.452852,14.17,107.4
200000012,2026-03-01 05:18:00+00:00,12.592485,43.788854,12.39,293.7
200000013,2026-03-01 05:18:00+00:00,12.250404,44.324126,12.3,258.7
200000014,2026-03-01 05:18:00+00:00,13.070759,46.347238,11.28,94.1
200000015,2026-03-01 05:18:00+00:00,12.711027,45.789916,15.6,92.6
200000016,2026-03-01 05:18:00+00:00,12.667081,46.189392,10.22,65.2
200000017,2026-03-01 05:18:00+00:00,12.427633,46.637394,11.39,111.6
200000018,2026-03-01 05:18:00+00:00,12.292459,43.727037,9.33,253.0
200000019,2026-03-01 05:18:00+00:00,13.043524,46.967383,13.84,91.8
200000020,2026-03-01 05:18:00+00:00,12.68329,45.4512,12.95,88.0
200000021,2026-03-01 05:18:00+00:00,11.903953,43.524211,13.23,254.4
200000022,2026-03-01 05:18:00+00:00,12.51566,43.856828,14.98,240.9
200000023,2026-03-01 05:18:00+00:00,13.753332,45.987239,14.95,46.4
200000024,2026-03-01 05:18:00+00:00,12.771489,44.378402,12.51,285.5
200000025,2026-03-01 05:18:00+00:00,12.862952,44.751376,10.4,22.7
200000026,2026-03-01 05:18:00+00:00,12.081664,43.388658,14.22,268.4
200000027,2026-03-01 05:18:00+00:00,13.53409,45.141336,11.39,77.8
200000028,2026-03-01 05:18:00+00:00,13.254542,46.260551,13.87,64.7
200000029,2026-03-01 05:18:00+00:00,12.221473,46.356087,15.3,98.4
200000030,2026-03-01 05:18:00+00:00,12.14541,46.261848,11.56,93.8
200000031,2026-03-01 05:18:00+00:00,12.782486,47.053571,13.07,65.3
200000032,2026-03-01 05:18:00+00:00,12.728126,43.689615,10.77,268.7
200000033,2026-03-01 05:18:00+00:00,13.054955,43.698066,11.51,286.5
200000034,2026-03-01 05:18:00+00:00,12.290124,43.18393,11.71,256.5
200000035,2026-03-01 05:18:00+00:00,13.084406,46.393465,10.44,39.5
200000036,2026-03-01 05:18:00+00:00,13.339557,44.995358,10.0,51.2
200000037,2026-03-01 05:18:00+00:00,12.44973,44.335057,15.55,249.2
200000038,2026-03-01 05:18:00+00:00,13.087543,45.109938,15.97,304.1
200000039,2026-03-01 05:18:00+00:00,12.675043,45.797438,16.04,120.4
200000040,2026-03-01 05:18:00+00:00,13.004331,45.533547,18.84,149.8
200000001,2026-03-01 05:20:00+00:00,12.68926,43.187484,9.86,252.3
200000002,2026-03-01 05:20:00+00:00,12.68054,44.557501,13.64,263.6
200000003,2026-03-01 05:20:00+00:00,13.051127,45.87019,12.3,86.8
200000004,2026-03-01 05:20:00+00:00,12.466052,45.078633,9.98,271.8
200000005,2026-03-01 05:20:00+00:00,12.709385,47.158463,13.93,59.0
200000006,2026-03-01 05:20:00+00:00,12.984916,45.424953,9.78,106.8
200000007,2026-03-01 05:20:00+00:00,13.177269,44.040857,13.59,290.8
200000008,2026-03-01 05:20:00+00:00,12.830259,44.443845,15.28,263.4
200000009,2026-03-01 05:20:00+00:00,12.240929,45.124726,12.35,96.0
200000010,2026-03-01 05:20:00+00:00,12.446045,46.01307,9.56,59.9
200000011,2026-03-01 05:20:00+00:00,13.54542,45.460716,14.44,109.9
200000012,2026-03-01 05:20:00+00:00,12.594607,43.782179,12.52,287.3
200000013,2026-03-01 05:20:00+00:00,12.248771,44.317347,12.25,253.8
200000014,2026-03-01 05:20:00+00:00,13.070032,46.353626,11.01,95.7
200000015,2026-03-01 05:20:00+00:00,12.710644,45.798868,15.93,93.1
200000016,2026-03-01 05:20:00+00:00,12.66949,46.194536,10.0,63.2
200000017,2026-03-01 05:20:00+00:00,12.425387,46.643478,11.24,108.3
200000018,2026-03-01 05:20:00+00:00,12.291046,43.72202,9.29,257.2
200000019,2026-03-01 05:20:00+00:00,13.043225,46.975202,13.78,86.5
200000020,2026-03-01 05:20:00+00:00,12.683707,45.458663,13.32,82.0
200000021,2026-03-01 05:20:00+00:00,11.901995,43.516817,13.38,250.5
200000022,2026-03-01 05:20:00+00:00,12.51131,43.849433,14.98,238.4
200000023,2026-03-01 05:20:00+00:00,13.759049,45.993526,14.98,47.7
200000024,2026-03-01 05:20:00+00:00,12.77296,44.371592,11.96,282.8
200000025,2026-03-01 05:20:00+00:00,12.868283,44.753457,10.25,21.3
200000026,2026-03-01 05:20:00+00:00,12.081825,43.380703,14.07,272.5
200000027,2026-03-01 05:20:00+00:00,13.53536,45.147715,11.51,77.7
200000028,2026-03-01 05:20:00+00:00,13.258085,46.26775,14.09,62.0
200000029,2026-03-01 05:20:00+00:00,12.220099,46.364824,15.53,103.1
200000030,2026-03-01 05:20:00+00:00,12.145137,46.268478,11.66,93.8
200000031,2026-03-01 05:20:00+00:00,12.78555,47.060311,13.05,66.9
200000032,2026-03-01 05:20:00+00:00,12.728057,43.683584,10.49,273.1
200000033,2026-03-01 05:20:00+00:00,13.056163,43.691559,11.43,281.6
200000034,2026-03-01 05:20:00+00:00,12.28886,43.177373,11.89,257.2
200000035,2026-03-01 05:20:00+00:00,13.08867,46.397492,10.68,44.7
200000036,2026-03-01 05:20:00+00:00,13.342955,44.999875,10.12,48.6
200000037,2026-03-01 05:20:00+00:00,12.446762,44.326765,15.72,252.1
200000038,2026-03-01 05:20:00+00:00,13.092231,45.102125,16.02,303.3
200000039,2026-03-01 05:20:00+00:00,12.670356,45.80525,16.26,121.7
200000040,2026-03-01 05:20:00+00:00,12.99519,45.538999,9.84,164.1
200000001,2026-03-01 05:22:00+00:00,12.687364,43.182146,10.06,251.6
200000002,2026-03-01 05:22:00+00:00,12.679657,44.549577,14.26,265.2
200000003,2026-03-01 05:22:00+00:00,13.051847,45.877177,12.37,84.6
200000004,2026-03-01 05:22:00+00:00,12.465965,45.072992,9.96,266.9
200000005,2026-03-01 05:22:00+00:00,12.713554,47.165187,13.75,57.6
200000006,2026-03-01 05:22:00+00:00,12.983557,45.430384,9.69,102.8
200000007,2026-03-01 05:22:00+00:00,13.179544,44.033396,13.72,285.7
200000008,2026-03-01 05:22:00+00:00,12.829014,44.435199,15.36,259.4
200000009,2026-03-01 05:22:00+00:00,12.239977,45.131641,12.37,96.1
200000010,2026-03-01 05:22:00+00:00,12.448813,46.01776,9.7,58.2
200000011,2026-03-01 05:22:00+00:00,13.542886,45.468489,14.33,105.6
200000012,2026-03-01 05:22:00+00:00,12.59686,43.77555,12.1,287.5
200000013,2026-03-01 05:22:00+00:00,12.247306,44.310527,12.24,257.5
200000014,2026-03-01 05:22:00+00:00,13.069441,46.360029,11.29,92.8
200000015,2026-03-01 05:22:00+00:00,12.710279,45.807821,15.71,90.1
200000016,2026-03-01 05:22:00+00:00,12.671921,46.19967,10.21,66.0
200000017,2026-03-01 05:22:00+00:00,12.423335,46.649632,11.48,105.6
200000018,2026-03-01 05:22:00+00:00,12.28965,43.716998,9.22,252.9
200000019,2026-03-01 05:22:00+00:00,13.043114,46.983025,13.92,87.7
200000020,2026-03-01 05:22:00+00:00,12.68431,45.466113,13.05,87.6
200000021,2026-03-01 05:22:00+00:00,11.900022,43.509426,13.57,259.0
200000022,2026-03-01 05:22:00+00:00,12.507218,43.841885,15.19,242.4
200000023,2026-03-01 05:22:00+00:00,13.764682,45.999891,15.26,46.8
200000024,2026-03-01 05:22:00+00:00,12.774556,44.364812,12.18,284.7
200000025,2026-03-01 05:22:00+00:00,12.873513,44.755791,10.27,24.3
200000026,2026-03-01 05:22:00+00:00,12.081939,43.372748,14.0,272.6
200000027,2026-03-01 05:22:00+00:00,13.536558,45.154108,11.51,77.9
200000028,2026-03-01 05:22:00+00:00,13.261658,46.274933,14.14,63.6
200000029,2026-03-01 05:22:00+00:00,12.218575,46.373535,15.68,100.7
200000030,2026-03-01 05:22:00+00:00,12.145012,46.275113,11.57,90.1
200000031,2026-03-01 05:22:00+00:00,12.788708,47.067006,12.99,67.6
200000032,2026-03-01 05:22:00+00:00,12.728214,43.677556,10.73,273.1
200000033,2026-03-01 05:22:00+00:00,13.057819,43.685155,11.45,286.4
200000034,2026-03-01 05:22:00+00:00,12.287555,43.170824,11.79,258.7
200000035,2026-03-01 05:22:00+00:00,13.092828,46.401635,10.5,43.4
200000036,2026-03-01 05:22:00+00:00,13.346321,45.004417,10.21,50.5
200000037,2026-03-01 05:22:00+00:00,12.443736,44.318495,15.28,246.9
200000038,2026-03-01 05:22:00+00:00,13.096918,45.094313,16.34,302.1
200000039,2026-03-01 05:22:00+00:00,12.665668,45.813063,15.89,121.0
200000040,2026-03-01 05:22:00+00:00,12.993424,45.535918,6.34,239.5
200000001,2026-03-01 05:24:00+00:00,12.685611,43.176756,9.91,251.3
200000002,2026-03-01 05:24:00+00:00,12.678993,44.541631,14.13,264.1
200000003,2026-03-01 05:24:00+00:00,13.052779,45.884137,12.29,80.2
200000004,2026-03-01 05:24:00+00:00,12.465734,45.067356,9.8,268.1
200000005,2026-03-01 05:24:00+00:00,12.717829,47.171841,14.06,56.8
200000006,2026-03-01 05:24:00+00:00,12.982156,45.435804,10.41,104.6
200000007,2026-03-01 05:24:00+00:00,13.182105,44.026033,13.65,288.2
200000008,2026-03-01 05:24:00+00:00,12.827832,44.426544,15.41,263.0
200000009,2026-03-01 05:24:00+00:00,12.238888,45.138535,12.12,98.5
200000010,2026-03-01 05:24:00+00:00,12.451642,46.022411,9.49,58.3
200000011,2026-03-01 05:24:00+00:00,13.540491,45.476309,14.65,105.3
200000012,2026-03-01 05:24:00+00:00,12.599421,43.769038,12.43,292.8
200000013,2026-03-01 05:24:00+00:00,12.24594,44.303686,12.29,261.1
200000014,2026-03-01 05:24:00+00:00,13.068726,46.366418,11.02,98.5
200000015,2026-03-01 05:24:00+00:00,12.709878,45.816772,16.01,92.4
200000016,2026-03-01 05:24:00+00:00,12.674153,46.204897,10.08,64.2
200000017,2026-03-01 05:24:00+00:00,12.421278,46.655785,11.19,111.6
200000018,2026-03-01 05:24:00+00:00,12.288176,43.711998,8.95,251.6
200000019,2026-03-01 05:24:00+00:00,13.043176,46.99085,13.62,90.3
200000020,2026-03-01 05:24:00+00:00,12.684917,45.473562,13.25,87.0
200000021,2026-03-01 05:24:00+00:00,11.898319,43.501966,13.33,257.8
200000022,2026-03-01 05:24:00+00:00,12.503224,43.834282,15.15,243.3
200000023,2026-03-01 05:24:00+00:00,13.770338,46.006236,15.03,46.2
200000024,2026-03-01 05:24:00+00:00,12.776259,44.358059,12.45,285.1
200000025,2026-03-01 05:24:00+00:00,12.878743,44.758125,10.18,22.0
200000026,2026-03-01 05:24:00+00:00,12.08222,43.364796,13.79,273.8
200000027,2026-03-01 05:24:00+00:00,13.537681,45.160516,11.53,77.5
200000028,2026-03-01 05:24:00+00:00,13.265132,46.282167,14.17,64.6
200000029,2026-03-01 05:24:00+00:00,12.217104,46.382255,15.66,99.0
200000030,2026-03-01 05:24:00+00:00,12.144582,46.281735,11.88,92.0
200000031,2026-03-01 05:24:00+00:00,12.791796,47.073736,12.95,65.0
200000032,2026-03-01 05:24:00+00:00,12.728399,43.671528,10.28,272.1
200000033,2026-03-01 05:24:00+00:00,13.059741,43.678831,11.44,288.7
200000034,2026-03-01 05:24:00+00:00,12.286235,43.164279,11.76,255.9
200000035,2026-03-01 05:24:00+00:00,13.096754,46.40601,10.57,48.8
200000036,2026-03-01 05:24:00+00:00,13.349755,45.008904,9.91,54.6
200000037,2026-03-01 05:24:00+00:00,12.440668,44.310241,15.59,249.6
200000038,2026-03-01 05:24:00+00:00,13.101606,45.0865,16.03,305.3
200000039,2026-03-01 05:24:00+00:00,12.660981,45.820875,15.72,120.6
200000040,2026-03-01 05:24:00+00:00,12.991577,45.532695,9.89,238.5
200000001,2026-03-01 05:26:00+00:00,12.683831,43.171375,10.11,250.4
200000002,2026-03-01 05:26:00+00:00,12.678548,44.533669,13.63,267.5
200000003,2026-03-01 05:26:00+00:00,13.053716,45.891097,12.17,84.3
200000004,2026-03-01 05:26:00+00:00,12.465377,45.061726,9.75,267.8
200000005,2026-03-01 05:26:00+00:00,12.722125,47.17848,13.87,59.2
200000006,2026-03-01 05:26:00+00:00,12.980859,45.441252,10.12,103.2
200000007,2026-03-01 05:26:00+00:00,13.184925,44.01877,13.53,289.8
200000008,2026-03-01 05:26:00+00:00,12.826945,44.417851,15.29,262.6
200000009,2026-03-01 05:26:00+00:00,12.237494,45.145371,12.18,104.9
200000010,2026-03-01 05:26:00+00:00,12.454373,46.027123,9.75,56.6
200000011,2026-03-01 05:26:00+00:00,13.538232,45.484171,14.27,109.0
200000012,2026-03-01 05:26:00+00:00,12.602206,43.762624,12.3,293.1
200000013,2026-03-01 05:26:00+00:00,12.244852,44.296793,12.44,262.4
200000014,2026-03-01 05:26:00+00:00,13.067763,46.372773,11.24,100.0
200000015,2026-03-01 05:26:00+00:00,12.709497,45.825724,15.49,90.4
200000016,2026-03-01 05:26:00+00:00,12.67624,46.210188,10.01,66.0
200000017,2026-03-01 05:26:00+00:00,12.41951,46.662032,11.05,106.2
200000018,2026-03-01 05:26:00+00:00,12.286516,43.707061,8.96,251.2
200000019,2026-03-01 05:26:00+00:00,13.04319,46.998674,13.4,90.4
200000020,2026-03-01 05:26:00+00:00,12.685461,45.481016,13.16,84.5
200000021,2026-03-01 05:26:00+00:00,11.896343,43.494576,13.28,252.5
200000022,2026-03-01 05:26:00+00:00,12.499186,43.826704,15.05,239.0
200000023,2026-03-01 05:26:00+00:00,13.775687,46.012858,14.78,51.2
200000024,2026-03-01 05:26:00+00:00,12.77808,44.351338,12.16,284.4
200000025,2026-03-01 05:26:00+00:00,12.884001,44.760392,10.29,23.4
200000026,2026-03-01 05:26:00+00:00,12.082576,43.356848,13.84,274.9
200000027,2026-03-01 05:26:00+00:00,13.538857,45.166914,11.37,77.7
200000028,2026-03-01 05:26:00+00:00,13.26859,46.289409,13.85,64.6
200000029,2026-03-01 05:26:00+00:00,12.215703,46.390987,15.25,99.0
200000030,2026-03-01 05:26:00+00:00,12.144213,46.288361,11.48,91.3
200000031,2026-03-01 05:26:00+00:00,12.79501,47.080403,13.06,63.8
200000032,2026-03-01 05:26:00+00:00,12.728712,43.665505,10.83,273.8
200000033,2026-03-01 05:26:00+00:00,13.061754,43.672536,11.52,287.9
200000034,2026-03-01 05:26:00+00:00,12.28508,43.157701,11.8,258.4
200000035,2026-03-01 05:26:00+00:00,13.100615,46.410445,10.45,47.7
200000036,2026-03-01 05:26:00+00:00,13.353222,45.013365,10.12,52.0
200000037,2026-03-01 05:26:00+00:00,12.437615,44.301982,15.37,249.8
200000038,2026-03-01 05:26:00+00:00,13.106293,45.078688,16.08,303.7
200000039,2026-03-01 05:26:00+00:00,12.656293,45.828688,16.39,120.3
200000040,2026-03-01 05:26:00+00:00,12.987871,45.526229,15.97,238.5
200000001,2026-03-01 05:28:00+00:00,12.682207,43.165943,10.01,253.0
200000002,2026-03-01 05:28:00+00:00,12.677952,44.525718,14.16,264.8
200000003,2026-03-01 05:28:00+00:00,13.054703,45.89805,12.44,80.3
200000004,2026-03-01 05:28:00+00:00,12.46503,45.056096,10.02,267.4
200000005,2026-03-01 05:28:00+00:00,12.72639,47.18514,13.82,60.9
200000006,2026-03-01 05:28:00+00:00,12.979506,45.446685,9.65,102.5
200000007,2026-03-01 05:28:00+00:00,13.18792,44.011582,13.58,298.7
200000008,2026-03-01 05:28:00+00:00,12.825809,44.409189,15.47,261.7
200000009,2026-03-01 05:28:00+00:00,12.235965,45.152177,12.1,101.8
200000010,2026-03-01 05:28:00+00:00,12.457175,46.031791,9.56,57.0
200000011,2026-03-01 05:28:00+00:00,13.536064,45.49206,14.36,105.1
200000012,2026-03-01 05:28:00+00:00,12.605051,43.756237,12.2,295.7
200000013,2026-03-01 05:28:00+00:00,12.243916,44.289877,12.25,262.0
200000014,2026-03-01 05:28:00+00:00,13.066806,46.379129,11.31,95.6
200000015,2026-03-01 05:28:00+00:00,12.709145,45.834677,15.52,94.5
200000016,2026-03-01 05:28:00+00:00,12.678319,46.215481,9.9,64.8
200000017,2026-03-01 05:28:00+00:00,12.417802,46.668296,11.37,103.2
200000018,2026-03-01 05:28:00+00:00,12.284892,43.702111,9.09,253.9
200000019,2026-03-01 05:28:00+00:00,13.043147,47.006499,13.7,90.8
200000020,2026-03-01 05:28:00+00:00,12.686138,45.488459,13.19,84.4
200000021,2026-03-01 05:28:00+00:00,11.894161,43.487247,13.48,253.3
200000022,2026-03-01 05:28:00+00:00,12.495021,43.819199,14.92,239.2
200000023,2026-03-01 05:28:00+00:00,13.781406,46.019143,14.97,46.3
200000024,2026-03-01 05:28:00+00:00,12.779892,44.344615,12.14,287.3
200000025,2026-03-01 05:28:00+00:00,12.88926,44.762657,10.36,24.1
200000026,2026-03-01 05:28:00+00:00,12.082843,43.348896,13.88,279.6
200000027,2026-03-01 05:28:00+00:00,13.540096,45.1733,11.35,79.5
200000028,2026-03-01 05:28:00+00:00,13.271926,46.296712,14.04,64.6
200000029,2026-03-01 05:28:00+00:00,12.214495,46.399749,15.54,98.7
200000030,2026-03-01 05:28:00+00:00,12.143949,46.294991,11.55,93.7
200000031,2026-03-01 05:28:00+00:00,12.798433,47.08696,12.71,59.5
200000032,2026-03-01 05:28:00+00:00,12.729006,43.659482,10.78,271.5
200000033,2026-03-01 05:28:00+00:00,13.063708,43.666221,11.69,292.2
200000034,2026-03-01 05:28:00+00:00,12.283849,43.151137,11.52,255.2
200000035,2026-03-01 05:28:00+00:00,13.104333,46.415007,10.42,47.6
200000036,2026-03-01 05:28:00+00:00,13.356542,45.017942,10.04,54.0
200000037,2026-03-01 05:28:00+00:00,12.434664,44.293684,15.71,244.4
200000038,2026-03-01 05:28:00+00:00,13.110981,45.070875,16.01,299.7
200000039,2026-03-01 05:28:00+00:00,12.651606,45.8365,16.36,121.0
200000040,2026-03-01 05:28:00+00:00,12.982489,45.516839,14.02,206.0
200000001,2026-03-01 05:30:00+00:00,12.680369,43.160584,9.89,252.3
200000002,2026-03-01 05:30:00+00:00,12.676896,44.517816,13.82,263.1
200000003,2026-03-01 05:30:00+00:00,13.055496,45.905028,12.21,84.1
200000004,2026-03-01 05:30:00+00:00,12.464897,45.050456,9.8,264.0
200000005,2026-03-01 05:30:00+00:00,12.730514,47.191893,14.04,58.3
200000006,2026-03-01 05:30:00+00:00,12.9783,45.452154,9.79,105.1
200000007,2026-03-01 05:30:00+00:00,13.191255,44.004553,13.85,299.2
200000008,2026-03-01 05:30:00+00:00,12.824718,44.400521,15.37,266.0
200000009,2026-03-01 05:30:00+00:00,12.234194,45.158921,12.26,106.4
200000010,2026-03-01 05:30:00+00:00,12.459992,46.03645,9.6,61.4
200000011,2026-03-01 05:30:00+00:00,13.53402,45.499984,14.44,101.1
200000012,2026-03-01 05:30:00+00:00,12.607887,43.749847,12.33,296.0
200000013,2026-03-01 05:30:00+00:00,12.242821,44.282985,12.22,261.7
200000014,2026-03-01 05:30:00+00:00,13.065869,46.385488,11.31,99.0
200000015,2026-03-01 05:30:00+00:00,12.708757,45.843629,15.7,93.2
200000016,2026-03-01 05:30:00+00:00,12.680312,46.220809,10.11,68.4
200000017,2026-03-01 05:30:00+00:00,12.416253,46.674603,11.26,102.8
200000018,2026-03-01 05:30:00+00:00,12.283429,43.697108,8.81,254.2
200000019,2026-03-01 05:30:00+00:00,13.043278,47.014322,13.8,85.0
200000020,2026-03-01 05:30:00+00:00,12.686803,45.495903,13.21,84.0
200000021,2026-03-01 05:30:00+00:00,11.891807,43.479974,13.7,251.2
200000022,2026-03-01 05:30:00+00:00,12.490698,43.811787,15.08,238.8
200000023,2026-03-01 05:30:00+00:00,13.78712,46.025431,15.26,44.7
200000024,2026-03-01 05:30:00+00:00,12.781816,44.337924,12.37,283.5
200000025,2026-03-01 05:30:00+00:00,12.894505,44.764956,10.34,22.4
200000026,2026-03-01 05:30:00+00:00,12.083334,43.340955,13.93,271.3
200000027,2026-03-01 05:30:00+00:00,13.541377,45.179677,11.49,78.2
200000028,2026-03-01 05:30:00+00:00,13.275264,46.304014,14.05,63.9
200000029,2026-03-01 05:30:00+00:00,12.213553,46.408545,15.72,96.1
200000030,2026-03-01 05:30:00+00:00,12.143249,46.301589,11.48,96.9
200000031,2026-03-01 05:30:00+00:00,12.8019,47.093493,12.86,62.0
200000032,2026-03-01 05:30:00+00:00,12.729198,43.653454,10.56,271.3
200000033,2026-03-01 05:30:00+00:00,13.065734,43.659931,11.63,288.3
200000034,2026-03-01 05:30:00+00:00,12.282525,43.144593,11.46,258.3
200000035,2026-03-01 05:30:00+00:00,13.108091,46.419534,10.44,51.6
200000036,2026-03-01 05:30:00+00:00,13.359902,45.022489,9.58,55.8
200000037,2026-03-01 05:30:00+00:00,12.431521,44.28546,15.43,251.0
200000038,2026-03-01 05:30:00+00:00,13.115668,45.063063,16.03,299.8
200000039,2026-03-01 05:30:00+00:00,12.646918,45.844313,16.22,121.2
200000040,2026-03-01 05:30:00+00:00,12.974096,45.518296,17.21,171.5
200000001,2026-03-01 05:32:00+00:00,12.678477,43.155243,9.93,251.9
200000002,2026-03-01 05:32:00+00:00,12.675605,44.509952,13.68,260.7
200000003,2026-03-01 05:32:00+00:00,13.056415,45.911991,12.5,84.2
200000004,2026-03-01 05:32:00+00:00,12.464562,45.044825,9.75,263.1
200000005,2026-03-01 05:32:00+00:00,12.734529,47.198715,14.04,58.6
200000006,2026-03-01 05:32:00+00:00,12.977209,45.457649,9.7,102.5
200000007,2026-03-01 05:32:00+00:00,13.194689,43.997574,13.87,296.3
200000008,2026-03-01 05:32:00+00:00,12.823671,44.391847,15.27,264.1
200000009,2026-03-01 05:32:00+00:00,12.23217,45.16559,12.25,109.9
200000010,2026-03-01 05:32:00+00:00,12.462869,46.04107,9.62,59.8
200000011,2026-03-01 05:32:00+00:00,13.532313,45.507992,14.39,103.1
200000012,2026-03-01 05:32:00+00:00,12.610869,43.743526,12.09,299.3
200000013,2026-03-01 05:32:00+00:00,12.242211,44.276031,12.37,263.6
200000014,2026-03-01 05:32:00+00:00,13.065304,46.391893,11.14,94.9
200000015,2026-03-01 05:32:00+00:00,12.708211,45.852571,15.85,93.0
200000016,2026-03-01 05:32:00+00:00,12.682383,46.226106,10.02,67.5
200000017,2026-03-01 05:32:00+00:00,12.414563,46.680871,11.52,104.6
200000018,2026-03-01 05:32:00+00:00,12.281926,43.692118,8.86,254.4
200000019,2026-03-01 05:32:00+00:00,13.043324,47.022147,13.6,89.9
200000020,2026-03-01 05:32:00+00:00,12.687506,45.503343,13.24,85.2
200000021,2026-03-01 05:32:00+00:00,11.889509,43.472683,13.53,251.1
200000022,2026-03-01 05:32:00+00:00,12.486494,43.804306,14.91,240.2
200000023,2026-03-01 05:32:00+00:00,13.792634,46.031909,15.13,49.1
200000024,2026-03-01 05:32:00+00:00,12.783726,44.331229,12.24,287.9
200000025,2026-03-01 05:32:00+00:00,12.899732,44.767297,10.45,22.5
200000026,2026-03-01 05:32:00+00:00,12.083919,43.333021,14.08,274.9
200000027,2026-03-01 05:32:00+00:00,13.542733,45.186037,11.51,79.2
200000028,2026-03-01 05:32:00+00:00,13.278558,46.311336,14.27,63.9
200000029,2026-03-01 05:32:00+00:00,12.212826,46.417363,15.33,94.4
200000030,2026-03-01 05:32:00+00:00,12.142362,46.308163,11.56,93.9
200000031,2026-03-01 05:32:00+00:00,12.805456,47.099975,13.08,60.8
200000032,2026-03-01 05:32:00+00:00,12.729451,43.647428,10.48,270.8
200000033,2026-03-01 05:32:00+00:00,13.067971,43.653716,11.58,289.7
200000034,2026-03-01 05:32:00+00:00,12.281326,43.138023,11.8,257.5
200000035,2026-03-01 05:32:00+00:00,13.111779,46.424123,10.28,46.7
200000036,2026-03-01 05:32:00+00:00,13.363131,45.027135,10.07,53.2
200000037,2026-03-01 05:32:00+00:00,12.42849,44.277192,15.55,250.0
200000038,2026-03-01 05:32:00+00:00,13.120356,45.05525,16.36,302.7
200000039,2026-03-01 05:32:00+00:00,12.642231,45.852125,15.98,124.4
200000040,2026-03-01 05:32:00+00:00,12.963519,45.520133,13.22,170.4
200000001,2026-03-01 05:34:00+00:00,12.676719,43.149856,9.83,250.8
200000002,2026-03-01 05:34:00+00:00,12.674313,44.502088,14.06,261.0
200000003,2026-03-01 05:34:00+00:00,13.057241,45.918965,12.24,84.5
200000004,2026-03-01 05:34:00+00:00,12.464188,45.039196,9.92,266.0
200000005,2026-03-01 05:34:00+00:00,12.738459,47.205589,13.8,61.5
200000006,2026-03-01 05:34:00+00:00,12.975974,45.463111,9.81,104.9
200000007,2026-03-01 05:34:00+00:00,13.198066,43.990567,13.76,296.2
200000008,2026-03-01 05:34:00+00:00,12.822847,44.383148,15.25,264.9
200000009,2026-03-01 05:34:00+00:00,12.230087,45.17224,12.28,106.0
200000010,2026-03-01 05:34:00+00:00,12.465793,46.04566,9.41,58.6
200000011,2026-03-01 05:34:00+00:00,13.530711,45.516023,14.3,102.5
200000012,2026-03-01 05:34:00+00:00,12.613828,43.737194,12.5,295.8
200000013,2026-03-01 05:34:00+00:00,12.241541,44.269082,12.27,263.1
200000014,2026-03-01 05:34:00+00:00,13.06465,46.398289,11.21,95.0
200000015,2026-03-01 05:34:00+00:00,12.707766,45.86152,15.8,91.0
200000016,2026-03-01 05:34:00+00:00,12.684209,46.231497,10.05,69.8
200000017,2026-03-01 05:34:00+00:00,12.413059,46.68719,11.09,105.9
200000018,2026-03-01 05:34:00+00:00,12.280507,43.687103,9.44,255.0
200000019,2026-03-01 05:34:00+00:00,13.043297,47.029971,13.64,92.4
200000020,2026-03-01 05:34:00+00:00,12.688253,45.510779,13.11,83.3
200000021,2026-03-01 05:34:00+00:00,11.887045,43.465448,13.54,248.6
200000022,2026-03-01 05:34:00+00:00,12.481972,43.79702,14.97,237.0
200000023,2026-03-01 05:34:00+00:00,13.79782,46.038666,14.86,49.9
200000024,2026-03-01 05:34:00+00:00,12.785706,44.324556,12.36,284.7
200000025,2026-03-01 05:34:00+00:00,12.904915,44.769738,10.18,24.7
200000026,2026-03-01 05:34:00+00:00,12.084511,43.325088,14.26,277.6
200000027,2026-03-01 05:34:00+00:00,13.543529,45.192497,11.27,85.0
200000028,2026-03-01 05:34:00+00:00,13.281953,46.318611,14.01,63.8
200000029,2026-03-01 05:34:00+00:00,12.211742,46.426142,15.49,99.8
200000030,2026-03-01 05:34:00+00:00,12.14153,46.314745,11.58,100.0
200000031,2026-03-01 05:34:00+00:00,12.808961,47.106486,13.06,62.5
200000032,2026-03-01 05:34:00+00:00,12.729659,43.641401,10.43,269.5
200000033,2026-03-01 05:34:00+00:00,13.070153,43.647481,11.55,289.5
200000034,2026-03-01 05:34:00+00:00,12.279998,43.13148,11.82,258.9
200000035,2026-03-01 05:34:00+00:00,13.115579,46.428613,10.55,48.0
200000036,2026-03-01 05:34:00+00:00,13.366351,45.031787,10.01,54.0
200000037,2026-03-01 05:34:00+00:00,12.425222,44.26902,15.47,248.5
200000038,2026-03-01 05:34:00+00:00,13.125043,45.047438,16.35,299.5
200000039,2026-03-01 05:34:00+00:00,12.637543,45.859938,16.06,118.8
200000040,2026-03-01 05:34:00+00:00,12.959844,45.520772,6.76,167.1
200000001,2026-03-01 05:36:00+00:00,12.674839,43.144511,9.93,251.6
200000002,2026-03-01 05:36:00+00:00,12.673071,44.494215,13.96,260.5
200000003,2026-03-01 05:36:00+00:00,13.057843,45.925964,12.29,83.6
200000004,2026-03-01 05:36:00+00:00,12.463954,45.03356,9.78,269.6
200000005,2026-03-01 05:36:00+00:00,12.74241,47.21245,14.07,58.3
200000006,2026-03-01 05:36:00+00:00,12.974729,45.468571,9.8,106.5
200000007,2026-03-01 05:36:00+00:00,13.20135,43.983512,13.54,292.7
200000008,2026-03-01 05:36:00+00:00,12.822207,44.374433,15.48,266.9
200000009,2026-03-01 05:36:00+00:00,12.227817,45.178826,12.43,108.0
200000010,2026-03-01 05:36:00+00:00,12.468563,46.050348,9.64,62.7
200000011,2026-03-01 05:36:00+00:00,13.529093,45.52405,14.24,98.4
200000012,2026-03-01 05:36:00+00:00,12.616372,43.730675,12.02,292.3
200000013,2026-03-01 05:36:00+00:00,12.240733,44.262149,12.42,263.1
200000014,2026-03-01 05:36:00+00:00,13.064104,46.404696,11.3,95.1
200000015,2026-03-01 05:36:00+00:00,12.707476,45.870476,15.9,93.5
200000016,2026-03-01 05:36:00+00:00,12.685853,46.236949,10.01,73.8
200000017,2026-03-01 05:36:00+00:00,12.411456,46.693482,11.53,103.7
200000018,2026-03-01 05:36:00+00:00,12.279183,43.68206,9.25,255.8
200000019,2026-03-01 05:36:00+00:00,13.043235,47.037795,13.75,88.4
200000020,2026-03-01 05:36:00+00:00,12.689127,45.518201,13.14,83.5
200000021,2026-03-01 05:36:00+00:00,11.884609,43.458204,13.43,250.1
200000022,2026-03-01 05:36:00+00:00,12.477482,43.789714,15.35,241.0
200000023,2026-03-01 05:36:00+00:00,13.802649,46.045699,15.42,50.6
200000024,2026-03-01 05:36:00+00:00,12.787442,44.317811,12.15,283.4
200000025,2026-03-01 05:36:00+00:00,12.910113,44.772147,10.33,25.9
200000026,2026-03-01 05:36:00+00:00,12.085093,43.317153,14.06,273.1
200000027,2026-03-01 05:36:00+00:00,13.544178,45.198974,11.16,83.7
200000028,2026-03-01 05:36:00+00:00,13.285294,46.325912,14.26,62.7
200000029,2026-03-01 05:36:00+00:00,12.210391,46.434882,15.59,96.4
200000030,2026-03-01 05:36:00+00:00,12.140645,46.321319,11.95,98.1
200000031,2026-03-01 05:36:00+00:00,12.81237,47.113051,13.21,64.4
200000032,2026-03-01 05:36:00+00:00,12.729852,43.635373,10.79,270.5
200000033,2026-03-01 05:36:00+00:00,13.072409,43.641273,11.62,288.5
200000034,2026-03-01 05:36:00+00:00,12.278715,43.124927,11.46,254.7
200000035,2026-03-01 05:36:00+00:00,13.119504,46.43299,10.44,48.6
200000036,2026-03-01 05:36:00+00:00,13.369595,45.036423,9.9,52.9
200000037,2026-03-01 05:36:00+00:00,12.421872,44.260883,15.64,246.8
200000038,2026-03-01 05:36:00+00:00,13.129731,45.039625,16.12,301.8
200000039,2026-03-01 05:36:00+00:00,12.632856,45.86775,16.13,122.1
200000040,2026-03-01 05:36:00+00:00,12.956131,45.521417,4.11,190.7
200000001,2026-03-01 05:38:00+00:00,12.672966,43.139165,9.94,255.7
200000002,2026-03-01 05:38:00+00:00,12.671857,44.486338,13.97,263.2
200000003,2026-03-01 05:38:00+00:00,13.058892,45.932907,12.27,84.4
200000004,2026-03-01 05:38:00+00:00,12.463769,45.027922,9.93,268.1
200000005,2026-03-01 05:38:00+00:00,12.74627,47.219366,14.12,58.3
200000006,2026-03-01 05:38:00+00:00,12.973404,45.474011,10.04,103.2
200000007,2026-03-01 05:38:00+00:00,13.204513,43.9764,13.84,292.7
200000008,2026-03-01 05:38:00+00:00,12.821797,44.365703,15.6,265.3
200000009,2026-03-01 05:38:00+00:00,12.225371,45.185345,12.22,111.1
200000010,2026-03-01 05:38:00+00:00,12.471191,46.055121,9.65,57.6
200000011,2026-03-01 05:38:00+00:00,13.527374,45.532055,14.36,102.1
200000012,2026-03-01 05:38:00+00:00,12.618628,43.724046,12.12,291.1
200000013,2026-03-01 05:38:00+00:00,12.239927,44.255216,12.32,266.2
200000014,2026-03-01 05:38:00+00:00,13.063519,46.411099,11.38,92.4
200000015,2026-03-01 05:38:00+00:00,12.707235,45.879433,16.06,90.5
200000016,2026-03-01 05:38:00+00:00,12.687548,46.242385,10.08,73.6
200000017,2026-03-01 05:38:00+00:00,12.409945,46.699799,11.41,102.1
200000018,2026-03-01 05:38:00+00:00,12.277903,43.677006,9.4,253.6
200000019,2026-03-01 05:38:00+00:00,13.04314,47.045619,13.3,92.8
200000020,2026-03-01 05:38:00+00:00,12.689958,45.525627,13.02,82.4
200000021,2026-03-01 05:38:00+00:00,11.882,43.451022,13.19,250.1
200000022,2026-03-01 05:38:00+00:00,12.472936,43.782445,15.18,234.9
200000023,2026-03-01 05:38:00+00:00,13.807432,46.052765,15.15,55.7
200000024,2026-03-01 05:38:00+00:00,12.789258,44.311089,11.87,287.8
200000025,2026-03-01 05:38:00+00:00,12.915402,44.774337,10.38,19.7
200000026,2026-03-01 05:38:00+00:00,12.085415,43.309204,14.04,269.9
200000027,2026-03-01 05:38:00+00:00,13.544837,45.20545,11.42,82.2
200000028,2026-03-01 05:38:00+00:00,13.288386,46.333327,14.07,65.2
200000029,2026-03-01 05:38:00+00:00,12.208942,46.443605,15.6,99.4
200000030,2026-03-01 05:38:00+00:00,12.139599,46.327868,11.75,100.0
200000031,2026-03-01 05:38:00+00:00,12.815676,47.119672,12.66,61.1
200000032,2026-03-01 05:38:00+00:00,12.730125,43.629349,10.48,271.0
200000033,2026-03-01 05:38:00+00:00,13.074681,43.635072,11.9,288.9
200000034,2026-03-01 05:38:00+00:00,12.277249,43.118415,12.0,260.6
200000035,2026-03-01 05:38:00+00:00,13.123454,46.437342,10.36,45.2
200000036,2026-03-01 05:38:00+00:00,13.372856,45.041045,10.17,54.6
200000037,2026-03-01 05:38:00+00:00,12.418565,44.252727,15.25,245.7
200000038,2026-03-01 05:38:00+00:00,13.134418,45.031813,16.08,298.3
200000039,2026-03-01 05:38:00+00:00,12.628168,45.875563,16.05,123.8
200000040,2026-03-01 05:38:00+00:00,12.955092,45.519954,7.62,236.7
200000001,2026-03-01 05:40:00+00:00,12.671248,43.133763,10.13,252.2
200000002,2026-03-01 05:40:00+00:00,12.670482,44.478488,13.88,259.6
200000003,2026-03-01 05:40:00+00:00,13.059945,45.93985,12.23,79.7
200000004,2026-03-01 05:40:00+00:00,12.46357,45.022284,10.0,269.7
200000005,2026-03-01 05:40:00+00:00,12.750166,47.22626,13.93,59.6
200000006,2026-03-01 05:40:00+00:00,12.972076,45.479451,9.9,106.8
200000007,2026-03-01 05:40:00+00:00,13.207826,43.96936,13.73,296.0
200000008,2026-03-01 05:40:00+00:00,12.821421,44.356972,15.04,267.3
200000009,2026-03-01 05:40:00+00:00,12.222798,45.191813,12.25,112.2
200000010,2026-03-01 05:40:00+00:00,12.473906,46.059844,9.42,55.2
200000011,2026-03-01 05:40:00+00:00,13.525528,45.540031,14.53,99.6
200000012,2026-03-01 05:40:00+00:00,12.621113,43.717503,12.5,294.4
200000013,2026-03-01 05:40:00+00:00,12.239308,44.248263,12.49,259.8
200000014,2026-03-01 05:40:00+00:00,13.062803,46.417488,11.19,98.4
200000015,2026-03-01 05:40:00+00:00,12.707042,45.888391,15.7,91.1
200000016,2026-03-01 05:40:00+00:00,12.689214,46.24783,9.92,69.4
200000017,2026-03-01 05:40:00+00:00,12.408688,46.706174,11.58,101.6
200000018,2026-03-01 05:40:00+00:00,12.276643,43.671946,9.06,255.3
200000019,2026-03-01 05:40:00+00:00,13.043209,47.053444,13.94,93.7
200000020,2026-03-01 05:40:00+00:00,12.690621,45.533072,13.38,80.8
200000021,2026-03-01 05:40:00+00:00,11.879354,43.443855,13.48,248.4
200000022,2026-03-01 05:40:00+00:00,12.46857,43.775061,15.43,235.3
200000023,2026-03-01 05:40:00+00:00,13.812422,46.059678,15.21,52.0
200000024,2026-03-01 05:40:00+00:00,12.791203,44.304405,12.12,282.0
200000025,2026-03-01 05:40:00+00:00,12.920631,44.776674,10.35,21.1
200000026,2026-03-01 05:40:00+00:00,12.085962,43.301267,13.99,275.6
200000027,2026-03-01 05:40:00+00:00,13.545761,45.211891,11.19,82.7
200000028,2026-03-01 05:40:00+00:00,13.291394,46.340779,14.15,63.9
200000029,2026-03-01 05:40:00+00:00,12.207532,46.452336,15.47,98.2
200000030,2026-03-01 05:40:00+00:00,12.138469,46.334403,11.81,102.4
200000031,2026-03-01 05:40:00+00:00,12.819162,47.126194,12.95,57.7
200000032,2026-03-01 05:40:00+00:00,12.730502,43.62333,10.51,274.7
200000033,2026-03-01 05:40:00+00:00,13.076856,43.628834,11.61,287.1
200000034,2026-03-01 05:40:00+00:00,12.275901,43.111875,11.71,257.1
200000035,2026-03-01 05:40:00+00:00,13.127394,46.441704,10.41,46.3
200000036,2026-03-01 05:40:00+00:00,13.376045,45.04572,9.99,52.5
200000037,2026-03-01 05:40:00+00:00,12.415029,44.244673,15.5,243.4
200000038,2026-03-01 05:40:00+00:00,13.139106,45.024,16.22,300.7
200000039,2026-03-01 05:40:00+00:00,12.623481,45.883375,16.16,122.0
200000040,2026-03-01 05:40:00+00:00,12.951226,45.514513,12.69,237.7
200000001,2026-03-01 05:42:00+00:00,12.669479,43.128379,9.99,251.6
200000002,2026-03-01 05:42:00+00:00,12.66918,44.470626,14.19,260.3
200000003,2026-03-01 05:42:00+00:00,13.061304,45.946736,12.42,76.5
200000004,2026-03-01 05:42:00+00:00,12.463306,45.016649,9.67,268.7
200000005,2026-03-01 05:42:00+00:00,12.754135,47.233111,14.06,57.2
200000006,2026-03-01 05:42:00+00:00,12.970646,45.484863,9.84,104.6
200000007,2026-03-01 05:42:00+00:00,13.210872,43.962193,13.81,293.3
200000008,2026-03-01 05:42:00+00:00,12.820736,44.348261,15.51,263.9
200000009,2026-03-01 05:42:00+00:00,12.220101,45.198227,12.43,111.1
200000010,2026-03-01 05:42:00+00:00,12.476394,46.064695,9.62,62.4
200000011,2026-03-01 05:42:00+00:00,13.523826,45.548039,14.36,103.1
200000012,2026-03-01 05:42:00+00:00,12.62382,43.711053,12.44,296.9
200000013,2026-03-01 05:42:00+00:00,12.238486,44.241331,12.45,262.1
200000014,2026-03-01 05:42:00+00:00,13.06207,46.423875,11.22,95.5
200000015,2026-03-01 05:42:00+00:00,12.706672,45.897343,15.87,91.8
200000016,2026-03-01 05:42:00+00:00,12.690752,46.253314,10.06,72.6
200000017,2026-03-01 05:42:00+00:00,12.407465,46.712555,11.59,99.6
200000018,2026-03-01 05:42:00+00:00,12.275472,43.666864,8.95,252.7
200000019,2026-03-01 05:42:00+00:00,13.043171,47.061268,13.56,89.4
200000020,2026-03-01 05:42:00+00:00,12.69145,45.540499,13.05,86.4
200000021,2026-03-01 05:42:00+00:00,11.876822,43.436645,13.44,248.1
200000022,2026-03-01 05:42:00+00:00,12.464192,43.767685,15.44,237.4
200000023,2026-03-01 05:42:00+00:00,13.817561,46.066474,15.12,51.4
200000024,2026-03-01 05:42:00+00:00,12.792791,44.297622,12.26,285.5
200000025,2026-03-01 05:42:00+00:00,12.925886,44.77895,10.4,21.0
200000026,2026-03-01 05:42:00+00:00,12.086598,43.293337,14.02,272.4
200000027,2026-03-01 05:42:00+00:00,13.546721,45.218328,11.43,77.6
200000028,2026-03-01 05:42:00+00:00,13.294289,46.348279,14.17,72.0
200000029,2026-03-01 05:42:00+00:00,12.206175,46.461075,15.5,100.4
200000030,2026-03-01 05:42:00+00:00,12.137267,46.340924,11.8,105.0
200000031,2026-03-01 05:42:00+00:00,12.82277,47.132646,13.16,60.7
200000032,2026-03-01 05:42:00+00:00,12.7309,43.617313,10.34,273.5
200000033,2026-03-01 05:42:00+00:00,13.078991,43.622581,11.42,286.8
200000034,2026-03-01 05:42:00+00:00,12.274714,43.105304,11.59,258.5
200000035,2026-03-01 05:42:00+00:00,13.131459,46.445943,10.49,44.9
200000036,2026-03-01 05:42:00+00:00,13.379183,45.050432,10.07,58.0
200000037,2026-03-01 05:42:00+00:00,12.411548,44.236594,15.37,246.2
200000038,2026-03-01 05:42:00+00:00,13.143793,45.016188,16.03,300.6
200000039,2026-03-01 05:42:00+00:00,12.618793,45.891188,16.2,116.3
200000040,2026-03-01 05:42:00+00:00,12.946916,45.508448,8.56,232.2
200000001,2026-03-01 05:44:00+00:00,12.667744,43.122984,10.26,250.3
200000002,2026-03-01 05:44:00+00:00,12.667878,44.462764,13.81,261.5
200000003,2026-03-01 05:44:00+00:00,13.062565,45.953642,12.23,84.6
200000004,2026-03-01 05:44:00+00:00,12.463044,45.011014,9.64,265.6
200000005,2026-03-01 05:44:00+00:00,12.757925,47.240068,13.88,61.4
200000006,2026-03-01 05:44:00+00:00,12.969457,45.490336,10.01,99.4
200000007,2026-03-01 05:44:00+00:00,13.213656,43.954915,13.52,293.7
200000008,2026-03-01 05:44:00+00:00,12.819916,44.339561,15.58,268.1
200000009,2026-03-01 05:44:00+00:00,12.217611,45.204729,12.55,108.2
200000010,2026-03-01 05:44:00+00:00,12.478908,46.069533,9.69,61.4
200000011,2026-03-01 05:44:00+00:00,13.522078,45.556038,14.61,104.2
200000012,2026-03-01 05:44:00+00:00,12.626505,43.704594,12.36,290.9
200000013,2026-03-01 05:44:00+00:00,12.237569,44.234413,12.4,264.4
200000014,2026-03-01 05:44:00+00:00,13.061202,46.430244,11.31,95.2
200000015,2026-03-01 05:44:00+00:00,12.706457,45.906301,15.6,90.4
200000016,2026-03-01 05:44:00+00:00,12.692154,46.258837,9.97,73.8
200000017,2026-03-01 05:44:00+00:00,12.406356,46.718958,11.49,101.4
200000018,2026-03-01 05:44:00+00:00,12.274111,43.661832,9.22,253.6
200000019,2026-03-01 05:44:00+00:00,13.043036,47.069092,13.84,87.5
200000020,2026-03-01 05:44:00+00:00,12.692263,45.547928,13.41,81.8
200000021,2026-03-01 05:44:00+00:00,11.873791,43.42964,13.74,244.4
200000022,2026-03-01 05:44:00+00:00,12.459259,43.760686,15.16,236.0
200000023,2026-03-01 05:44:00+00:00,13.822678,46.073288,14.99,60.0
200000024,2026-03-01 05:44:00+00:00,12.794616,44.290901,12.19,285.0
200000025,2026-03-01 05:44:00+00:00,12.931147,44.78121,10.39,22.2
200000026,2026-03-01 05:44:00+00:00,12.087101,43.285397,13.72,273.2
200000027,2026-03-01 05:44:00+00:00,13.547761,45.224751,11.55,78.3
200000028,2026-03-01 05:44:00+00:00,13.297211,46.355767,14.14,69.8
200000029,2026-03-01 05:44:00+00:00,12.205026,46.469845,15.57,97.3
200000030,2026-03-01 05:44:00+00:00,12.135888,46.347409,11.77,96.0
200000031,2026-03-01 05:44:00+00:00,12.826655,47.138928,13.09,61.9
200000032,2026-03-01 05:44:00+00:00,12.7315,43.611313,10.77,274.1
200000033,2026-03-01 05:44:00+00:00,13.080912,43.616256,11.74,284.4
200000034,2026-03-01 05:44:00+00:00,12.273622,43.098715,11.64,259.9
200000035,2026-03-01 05:44:00+00:00,13.135523,46.450183,10.28,45.7
200000036,2026-03-01 05:44:00+00:00,13.382428,45.055066,9.91,55.5
200000037,2026-03-01 05:44:00+00:00,12.407973,44.228558,15.69,247.6
200000038,2026-03-01 05:44:00+00:00,13.148481,45.008375,16.04,302.5
200000039,2026-03-01 05:44:00+00:00,12.614106,45.899,16.12,123.5
200000040,2026-03-01 05:44:00+00:00,12.945693,45.506728,5.0,284.4
200000001,2026-03-01 05:46:00+00:00,12.665939,43.117613,9.9,249.4
200000002,2026-03-01 05:46:00+00:00,12.666663,44.454887,14.19,264.2
200000003,2026-03-01 05:46:00+00:00,13.063565,45.960593,12.37,77.0
200000004,2026-03-01 05:46:00+00:00,12.462767,45.005379,10.06,266.9
200000005,2026-03-01 05:46:00+00:00,12.761659,47.247056,14.16,65.9
200000006,2026-03-01 05:46:00+00:00,12.968319,45.49582,9.73,102.9
200000007,2026-03-01 05:46:00+00:00,13.216721,43.947757,13.68,292.6
200000008,2026-03-01 05:46:00+00:00,12.819088,44.330863,15.14,263.1
200000009,2026-03-01 05:46:00+00:00,12.215379,45.211328,12.32,108.4
200000010,2026-03-01 05:46:00+00:00,12.481516,46.074318,9.47,63.4
200000011,2026-03-01 05:46:00+00:00,13.520187,45.564001,14.45,102.9
200000012,2026-03-01 05:46:00+00:00,12.629059,43.698079,12.25,291.7
200000013,2026-03-01 05:46:00+00:00,12.236838,44.227471,12.51,265.9
200000014,2026-03-01 05:46:00+00:00,13.060407,46.436623,11.26,98.6
200000015,2026-03-01 05:46:00+00:00,12.706212,45.915257,15.68,89.1
200000016,2026-03-01 05:46:00+00:00,12.693414,46.264396,9.99,78.8
200000017,2026-03-01 05:46:00+00:00,12.404729,46.725244,11.45,109.2
200000018,2026-03-01 05:46:00+00:00,12.272673,43.656822,9.23,254.1
200000019,2026-03-01 05:46:00+00:00,13.043045,47.076916,13.64,92.7
200000020,2026-03-01 05:46:00+00:00,12.693165,45.555345,13.12,80.6
200000021,2026-03-01 05:46:00+00:00,11.870588,43.422714,13.29,244.7
200000022,2026-03-01 05:46:00+00:00,12.454092,43.753866,15.09,234.2
200000023,2026-03-01 05:46:00+00:00,13.827711,46.080168,14.94,53.5
200000024,2026-03-01 05:46:00+00:00,12.796159,44.284108,12.34,283.0
200000025,2026-03-01 05:46:00+00:00,12.936403,44.783481,10.57,19.2
200000026,2026-03-01 05:46:00+00:00,12.08746,43.277448,13.83,271.5
200000027,2026-03-01 05:46:00+00:00,13.548719,45.231187,11.31,83.2
200000028,2026-03-01 05:46:00+00:00,13.299961,46.363324,13.95,69.8
200000029,2026-03-01 05:46:00+00:00,12.203559,46.478565,15.59,99.2
200000030,2026-03-01 05:46:00+00:00,12.134489,46.353889,11.68,106.2
200000031,2026-03-01 05:46:00+00:00,12.830419,47.145286,12.96,54.9
200000032,2026-03-01 05:46:00+00:00,12.73216,43.60532,10.71,276.7
200000033,2026-03-01 05:46:00+00:00,13.082935,43.609963,11.46,290.4
200000034,2026-03-01 05:46:00+00:00,12.272486,43.092134,11.71,258.2
200000035,2026-03-01 05:46:00+00:00,13.13969,46.454317,10.44,46.8
200000036,2026-03-01 05:46:00+00:00,13.385487,45.059832,10.02,59.3
200000037,2026-03-01 05:46:00+00:00,12.404479,44.220485,15.73,248.8
200000038,2026-03-01 05:46:00+00:00,13.153168,45.000563,16.31,296.8
200000039,2026-03-01 05:46:00+00:00,12.609418,45.906813,16.17,121.7
200000040,2026-03-01 05:46:00+00:00,12.948223,45.502991,6.75,302.9
200000001,2026-03-01 05:48:00+00:00,12.664027,43.11228,9.99,250.7
200000002,2026-03-01 05:48:00+00:00,12.665822,44.446959,14.14,261.1
200000003,2026-03-01 05:48:00+00:00,13.064991,45.967465,12.26,78.4
200000004,2026-03-01 05:48:00+00:00,12.462176,44.99977,10.01,263.7
200000005,2026-03-01 05:48:00+00:00,12.765195,47.254152,14.07,62.2
200000006,2026-03-01 05:48:00+00:00,12.967201,45.501309,9.86,100.9
200000007,2026-03-01 05:48:00+00:00,13.21997,43.940685,13.4,296.5
200000008,2026-03-01 05:48:00+00:00,12.818062,44.322187,15.09,262.4
200000009,2026-03-01 05:48:00+00:00,12.213189,45.217941,12.25,107.6
200000010,2026-03-01 05:48:00+00:00,12.483907,46.07922,9.58,62.5
200000011,2026-03-01 05:48:00+00:00,13.518021,45.571891,14.18,106.9
200000012,2026-03-01 05:48:00+00:00,12.631562,43.691543,12.46,288.3
200000013,2026-03-01 05:48:00+00:00,12.236,44.220542,12.28,262.7
200000014,2026-03-01 05:48:00+00:00,13.059422,46.442974,11.35,95.2
200000015,2026-03-01 05:48:00+00:00,12.706235,45.924218,15.83,91.5
200000016,2026-03-01 05:48:00+00:00,12.694576,46.269977,9.97,75.8
200000017,2026-03-01 05:48:00+00:00,12.403093,46.731528,11.36,102.7
200000018,2026-03-01 05:48:00+00:00,12.271456,43.651751,9.1,253.8
200000019,2026-03-01 05:48:00+00:00,13.04316,47.08474,13.94,91.6
200000020,2026-03-01 05:48:00+00:00,12.693812,45.562791,13.07,86.5
200000021,2026-03-01 05:48:00+00:00,11.86735,43.415806,13.72,243.7
200000022,2026-03-01 05:48:00+00:00,12.449274,43.746783,15.1,230.9
200000023,2026-03-01 05:48:00+00:00,13.832964,46.086871,14.96,54.5
200000024,2026-03-01 05:48:00+00:00,12.797793,44.277336,12.26,280.7
200000025,2026-03-01 05:48:00+00:00,12.941671,44.785724,10.28,21.2
200000026,2026-03-01 05:48:00+00:00,12.087646,43.269494,13.8,271.9
200000027,2026-03-01 05:48:00+00:00,13.549268,45.237674,11.37,82.0
200000028,2026-03-01 05:48:00+00:00,13.30258,46.37093,14.29,70.7
200000029,2026-03-01 05:48:00+00:00,12.20204,46.487276,15.52,99.3
200000030,2026-03-01 05:48:00+00:00,12.133282,46.360409,11.71,101.5
200000031,2026-03-01 05:48:00+00:00,12.834273,47.151587,13.15,59.2
200000032,2026-03-01 05:48:00+00:00,12.732943,43.599343,10.22,278.8
200000033,2026-03-01 05:48:00+00:00,13.085193,43.603756,11.7,292.9
200000034,2026-03-01 05:48:00+00:00,12.271331,43.085556,11.51,260.1
200000035,2026-03-01 05:48:00+00:00,13.143771,46.458541,10.43,47.6
200000036,2026-03-01 05:48:00+00:00,13.388519,45.064617,9.85,58.0
200000037,2026-03-01 05:48:00+00:00,12.401253,44.212296,15.79,249.5
200000038,2026-03-01 05:48:00+00:00,13.157856,44.99275,16.0,302.0
200000039,2026-03-01 05:48:00+00:00,12.604731,45.914625,15.86,121.8
200000040,2026-03-01 05:48:00+00:00,12.949937,45.500457,11.94,304.4
200000001,2026-03-01 05:50:00+00:00,12.661886,43.107041,9.92,248.0
200000002,2026-03-01 05:50:00+00:00,12.66489,44.439042,14.03,258.3
200000003,2026-03-01 05:50:00+00:00,13.066199,45.97438,12.43,81.1
200000004,2026-03-01 05:50:00+00:00,12.461483,44.994174,10.12,258.2
200000005,2026-03-01 05:50:00+00:00,12.768921,47.261145,14.16,60.6
200000006,2026-03-01 05:50:00+00:00,12.966321,45.506843,9.71,100.2
200000007,2026-03-01 05:50:00+00:00,13.223294,43.93365,13.47,293.2
200000008,2026-03-01 05:50:00+00:00,12.816577,44.313581,15.45,258.2
200000009,2026-03-01 05:50:00+00:00,12.211005,45.224557,12.27,110.4
200000010,2026-03-01 05:50:00+00:00,12.486164,46.084189,9.61,62.6
200000011,2026-03-01 05:50:00+00:00,13.516118,45.579851,14.5,102.8
200000012,2026-03-01 05:50:00+00:00,12.633849,43.684925,12.45,289.3
200000013,2026-03-01 05:50:00+00:00,12.234981,44.213638,12.3,259.6
200000014,2026-03-01 05:50:00+00:00,13.058319,46.449305,11.49,103.8
200000015,2026-03-01 05:50:00+00:00,12.705898,45.933171,15.47,93.1
200000016,2026-03-01 05:50:00+00:00,12.695689,46.275568,10.04,77.8
200000017,2026-03-01 05:50:00+00:00,12.401254,46.737752,11.58,106.0
200000018,2026-03-01 05:50:00+00:00,12.270161,43.646701,9.2,252.4
200000019,2026-03-01 05:50:00+00:00,13.043198,47.092564,13.59,86.7
200000020,2026-03-01 05:50:00+00:00,12.69451,45.570233,13.1,86.7
200000021,2026-03-01 05:50:00+00:00,11.864066,43.40892,13.5,241.7
200000022,2026-03-01 05:50:00+00:00,12.444365,43.739767,15.05,234.1
200000023,2026-03-01 05:50:00+00:00,13.838268,46.093533,15.09,50.8
200000024,2026-03-01 05:50:00+00:00,12.799439,44.270567,12.18,287.0
200000025,2026-03-01 05:50:00+00:00,12.94691,44.788038,10.25,20.6
200000026,2026-03-01 05:50:00+00:00,12.08789,43.261541,14.04,269.4
200000027,2026-03-01 05:50:00+00:00,13.550032,45.244139,11.24,86.8
200000028,2026-03-01 05:50:00+00:00,13.30513,46.378561,14.03,74.5
200000029,2026-03-01 05:50:00+00:00,12.201078,46.49607,15.55,97.3
200000030,2026-03-01 05:50:00+00:00,12.131808,46.366871,11.81,104.3
200000031,2026-03-01 05:50:00+00:00,12.837924,47.158014,13.09,56.3
200000032,2026-03-01 05:50:00+00:00,12.733705,43.593363,10.76,276.1
200000033,2026-03-01 05:50:00+00:00,13.087622,43.597618,11.65,289.5
200000034,2026-03-01 05:50:00+00:00,12.27022,43.078971,11.99,261.8
200000035,2026-03-01 05:50:00+00:00,13.14789,46.462725,10.36,44.8
200000036,2026-03-01 05:50:00+00:00,13.391557,45.069397,9.92,56.5
200000037,2026-03-01 05:50:00+00:00,12.398042,44.2041,15.69,247.7
200000038,2026-03-01 05:50:00+00:00,13.162543,44.984938,16.39,301.0
200000039,2026-03-01 05:50:00+00:00,12.600043,45.922438,16.15,120.3
200000040,2026-03-01 05:50:00+00:00,12.955607,45.492077,17.29,303.4
200000001,2026-03-01 05:52:00+00:00,12.659887,43.101742,10.12,245.8
200000002,2026-03-01 05:52:00+00:00,12.663517,44.431192,14.04,261.1
200000003,2026-03-01 05:52:00+00:00,13.067278,45.981319,12.17,79.1
200000004,2026-03-01 05:52:00+00:00,12.460512,44.988621,9.87,260.9
200000005,2026-03-01 05:52:00+00:00,12.772619,47.268154,14.05,65.0
200000006,2026-03-01 05:52:00+00:00,12.965266,45.512345,9.96,99.7
200000007,2026-03-01 05:52:00+00:00,13.226783,43.926699,13.96,295.5
200000008,2026-03-01 05:52:00+00:00,12.815024,44.304988,15.22,257.4
200000009,2026-03-01 05:52:00+00:00,12.20866,45.231114,12.14,109.7
200000010,2026-03-01 05:52:00+00:00,12.488585,46.089076,9.83,64.7
200000011,2026-03-01 05:52:00+00:00,13.5144,45.587856,14.44,104.6
200000012,2026-03-01 05:52:00+00:00,12.636094,43.678291,12.26,288.6
200000013,2026-03-01 05:52:00+00:00,12.233949,44.206736,12.29,258.4
200000014,2026-03-01 05:52:00+00:00,13.057299,46.45565,11.17,103.0
200000015,2026-03-01 05:52:00+00:00,12.705582,45.942126,15.7,91.1
200000016,2026-03-01 05:52:00+00:00,12.697028,46.281108,10.02,77.7
200000017,2026-03-01 05:52:00+00:00,12.399393,46.74397,11.19,110.6
200000018,2026-03-01 05:52:00+00:00,12.268787,43.641672,9.22,252.8
200000019,2026-03-01 05:52:00+00:00,13.042769,47.100376,13.4,96.9
200000020,2026-03-01 05:52:00+00:00,12.695046,45.577688,12.98,85.6
200000021,2026-03-01 05:52:00+00:00,11.860693,43.40208,13.37,243.4
200000022,2026-03-01 05:52:00+00:00,12.439353,43.732827,15.11,234.2
200000023,2026-03-01 05:52:00+00:00,13.843832,46.099965,15.19,47.1
200000024,2026-03-01 05:52:00+00:00,12.801096,44.263801,12.29,286.2
200000025,2026-03-01 05:52:00+00:00,12.952143,44.790365,10.27,25.4
200000026,2026-03-01 05:52:00+00:00,12.087991,43.253585,14.08,271.0
200000027,2026-03-01 05:52:00+00:00,13.550902,45.250588,11.27,82.1
200000028,2026-03-01 05:52:00+00:00,13.307364,46.386296,13.9,74.8
200000029,2026-03-01 05:52:00+00:00,12.200182,46.50487,15.59,97.6
200000030,2026-03-01 05:52:00+00:00,12.130414,46.373353,11.46,103.2
200000031,2026-03-01 05:52:00+00:00,12.84156,47.164451,13.12,57.5
200000032,2026-03-01 05:52:00+00:00,12.734582,43.587399,10.52,280.0
200000033,2026-03-01 05:52:00+00:00,13.089833,43.591393,11.67,290.4
200000034,2026-03-01 05:52:00+00:00,12.269392,43.072342,11.73,259.3
200000035,2026-03-01 05:52:00+00:00,13.152095,46.466818,10.61,44.5
200000036,2026-03-01 05:52:00+00:00,13.394757,45.074065,10.23,53.8
200000037,2026-03-01 05:52:00+00:00,12.394537,44.196033,15.43,244.4
200000038,2026-03-01 05:52:00+00:00,13.167231,44.977125,15.99,300.2
200000039,2026-03-01 05:52:00+00:00,12.595356,45.93025,15.84,121.5
200000040,2026-03-01 05:52:00+00:00,12.961037,45.484052,10.8,324.0
200000001,2026-03-01 05:54:00+00:00,12.658076,43.096373,9.74,250.6
200000002,2026-03-01 05:54:00+00:00,12.661921,44.423387,14.02,261.1
200000003,2026-03-01 05:54:00+00:00,13.068087,45.988296,12.39,84.6
200000004,2026-03-01 05:54:00+00:00,12.459724,44.983037,10.22,264.5
200000005,2026-03-01 05:54:00+00:00,12.776369,47.275134,13.86,56.3
200000006,2026-03-01 05:54:00+00:00,12.964271,45.517858,9.82,98.6
200000007,2026-03-01 05:54:00+00:00,13.230407,43.919822,13.64,298.4
200000008,2026-03-01 05:54:00+00:00,12.813424,44.296403,15.48,257.6
200000009,2026-03-01 05:54:00+00:00,12.206365,45.23769,12.21,110.3
200000010,2026-03-01 05:54:00+00:00,12.490836,46.094048,9.82,65.8
200000011,2026-03-01 05:54:00+00:00,13.512748,45.595876,14.23,105.1
200000012,2026-03-01 05:54:00+00:00,12.638631,43.671769,12.26,291.9
200000013,2026-03-01 05:54:00+00:00,12.232643,44.199883,12.32,256.5
200000014,2026-03-01 05:54:00+00:00,13.056038,46.461949,11.11,100.1
200000015,2026-03-01 05:54:00+00:00,12.705133,45.951074,15.56,91.5
200000016,2026-03-01 05:54:00+00:00,12.698159,46.286695,10.21,81.3
200000017,2026-03-01 05:54:00+00:00,12.397189,46.750069,11.44,110.1
200000018,2026-03-01 05:54:00+00:00,12.267265,43.636689,9.13,257.8
200000019,2026-03-01 05:54:00+00:00,13.042205,47.10818,13.79,92.6
200000020,2026-03-01 05:54:00+00:00,12.695409,45.585154,13.19,85.9
200000021,2026-03-01 05:54:00+00:00,11.857109,43.395353,13.54,243.3
200000022,2026-03-01 05:54:00+00:00,12.434538,43.725743,15.13,230.0
200000023,2026-03-01 05:54:00+00:00,13.849521,46.10628,14.87,46.7
200000024,2026-03-01 05:54:00+00:00,12.802623,44.257004,12.19,285.2
200000025,2026-03-01 05:54:00+00:00,12.957335,44.792788,10.09,23.5
200000026,2026-03-01 05:54:00+00:00,12.08797,43.245628,14.07,267.2
200000027,2026-03-01 05:54:00+00:00,13.551837,45.257029,11.44,80.1
200000028,2026-03-01 05:54:00+00:00,13.309524,46.394053,13.9,74.1
200000029,2026-03-01 05:54:00+00:00,12.199014,46.513638,15.65,99.7
200000030,2026-03-01 05:54:00+00:00,12.129182,46.379868,11.71,103.3
200000031,2026-03-01 05:54:00+00:00,12.845176,47.170899,12.93,62.1
200000032,2026-03-01 05:54:00+00:00,12.735515,43.581444,10.6,283.8
200000033,2026-03-01 05:54:00+00:00,13.091904,43.585117,11.58,287.7
200000034,2026-03-01 05:54:00+00:00,12.268483,43.065724,11.59,263.7
200000035,2026-03-01 05:54:00+00:00,13.156413,46.470785,10.12,39.9
200000036,2026-03-01 05:54:00+00:00,13.397917,45.078761,10.0,55.4
200000037,2026-03-01 05:54:00+00:00,12.390856,44.188048,15.42,245.8
200000038,2026-03-01 05:54:00+00:00,13.171918,44.969313,16.29,299.7
200000039,2026-03-01 05:54:00+00:00,12.590668,45.938063,15.91,121.1
200000040,2026-03-01 05:54:00+00:00,12.965782,45.485696,13.28,20.3
200000001,2026-03-01 05:56:00+00:00,12.656331,43.090981,9.72,252.4
200000002,2026-03-01 05:56:00+00:00,12.660624,44.415524,13.86,261.0
200000003,2026-03-01 05:56:00+00:00,13.068829,45.995281,12.45,82.9
200000004,2026-03-01 05:56:00+00:00,12.459054,44.977438,10.07,260.9
200000005,2026-03-01 05:56:00+00:00,12.780265,47.282029,13.88,59.4
200000006,2026-03-01 05:56:00+00:00,12.963137,45.523344,10.11,101.8
200000007,2026-03-01 05:56:00+00:00,13.233999,43.912927,13.71,295.0
200000008,2026-03-01 05:56:00+00:00,12.81174,44.287836,15.35,259.7
200000009,2026-03-01 05:56:00+00:00,12.204111,45.244281,11.94,109.4
200000010,2026-03-01 05:56:00+00:00,12.493136,46.098996,9.71,64.5
200000011,2026-03-01 05:56:00+00:00,13.511152,45.603907,14.39,96.5
200000012,2026-03-01 05:56:00+00:00,12.641065,43.665205,12.3,291.7
200000013,2026-03-01 05:56:00+00:00,12.231399,44.193018,12.48,260.3
200000014,2026-03-01 05:56:00+00:00,13.054758,46.468244,11.56,98.5
200000015,2026-03-01 05:56:00+00:00,12.705185,45.960034,15.75,90.2
200000016,2026-03-01 05:56:00+00:00,12.699339,46.292273,10.13,77.3
200000017,2026-03-01 05:56:00+00:00,12.395079,46.756202,11.55,111.2
200000018,2026-03-01 05:56:00+00:00,12.265626,43.631744,9.34,252.0
200000019,2026-03-01 05:56:00+00:00,13.041713,47.115988,13.85,91.8
200000020,2026-03-01 05:56:00+00:00,12.695734,45.592622,13.26,92.7
200000021,2026-03-01 05:56:00+00:00,11.853873,43.388444,13.44,246.0
200000022,2026-03-01 05:56:00+00:00,12.42969,43.718682,15.24,234.4
200000023,2026-03-01 05:56:00+00:00,13.855371,46.112438,15.21,47.5
200000024,2026-03-01 05:56:00+00:00,12.804179,44.250213,12.18,282.3
200000025,2026-03-01 05:56:00+00:00,12.962424,44.795431,10.43,24.9
200000026,2026-03-01 05:56:00+00:00,12.087858,43.237673,14.0,270.2
200000027,2026-03-01 05:56:00+00:00,13.553071,45.263415,11.44,80.5
200000028,2026-03-01 05:56:00+00:00,13.311697,46.401806,13.93,72.8
200000029,2026-03-01 05:56:00+00:00,12.197935,46.522417,15.72,97.1
200000030,2026-03-01 05:56:00+00:00,12.128015,46.386396,11.68,96.8
200000031,2026-03-01 05:56:00+00:00,12.84885,47.177313,13.06,63.1
200000032,2026-03-01 05:56:00+00:00,12.736398,43.575481,10.63,278.2
200000033,2026-03-01 05:56:00+00:00,13.094185,43.578918,11.49,291.9
200000034,2026-03-01 05:56:00+00:00,12.26748,43.05912,11.83,259.6
200000035,2026-03-01 05:56:00+00:00,13.16081,46.47466,10.49,45.6
200000036,2026-03-01 05:56:00+00:00,13.400906,45.083575,9.64,59.4
200000037,2026-03-01 05:56:00+00:00,12.387332,44.179989,15.25,249.5
200000038,2026-03-01 05:56:00+00:00,13.176606,44.9615,15.91,303.1
200000039,2026-03-01 05:56:00+00:00,12.585981,45.945875,15.91,120.3
200000040,2026-03-01 05:56:00+00:00,12.975013,45.488895,15.0,18.7
200000001,2026-03-01 05:58:00+00:00,12.654557,43.085599,10.09,247.3
200000002,2026-03-01 05:58:00+00:00,12.659326,44.407661,14.14,261.6
200000003,2026-03-01 05:58:00+00:00,13.069353,46.002287,12.35,88.1
200000004,2026-03-01 05:58:00+00:00,12.458272,44.971854,10.25,262.8
200000005,2026-03-01 05:58:00+00:00,12.78426,47.288864,13.83,58.2
200000006,2026-03-01 05:58:00+00:00,12.962018,45.528832,9.7,104.4
200000007,2026-03-01 05:58:00+00:00,13.237331,43.905895,13.6,297.6
200000008,2026-03-01 05:58:00+00:00,12.810137,44.279253,15.28,261.1
200000009,2026-03-01 05:58:00+00:00,12.201753,45.250833,12.21,108.3
200000010,2026-03-01 05:58:00+00:00,12.495289,46.104014,9.57,65.7
200000011,2026-03-01 05:58:00+00:00,13.509477,45.611922,14.36,100.6
200000012,2026-03-01 05:58:00+00:00,12.643364,43.658591,12.09,286.7
200000013,2026-03-01 05:58:00+00:00,12.230218,44.186142,12.21,261.9
200000014,2026-03-01 05:58:00+00:00,13.053292,46.474497,11.32,105.4
200000015,2026-03-01 05:58:00+00:00,12.705394,45.968992,15.63,89.3
200000016,2026-03-01 05:58:00+00:00,12.700483,46.297858,10.08,75.4
200000017,2026-03-01 05:58:00+00:00,12.392833,46.762285,11.35,112.6
200000018,2026-03-01 05:58:00+00:00,12.263836,43.626855,9.27,247.1
200000019,2026-03-01 05:58:00+00:00,13.041242,47.123797,13.81,94.4
200000020,2026-03-01 05:58:00+00:00,12.696072,45.600089,13.12,89.5
200000021,2026-03-01 05:58:00+00:00,11.850538,43.381584,13.39,244.9
200000022,2026-03-01 05:58:00+00:00,12.425003,43.711509,15.27,234.3
200000023,2026-03-01 05:58:00+00:00,13.861043,46.11877,14.94,49.3
200000024,2026-03-01 05:58:00+00:00,12.805791,44.243435,12.47,281.3
200000025,2026-03-01 05:58:00+00:00,12.967466,44.798167,10.13,25.3
200000026,2026-03-01 05:58:00+00:00,12.08792,43.229716,14.24,268.6
200000027,2026-03-01 05:58:00+00:00,13.554229,45.269817,11.5,80.0
200000028,2026-03-01 05:58:00+00:00,13.313972,46.409528,13.85,75.8
200000029,2026-03-01 05:58:00+00:00,12.196659,46.531168,15.41,95.6
200000030,2026-03-01 05:58:00+00:00,12.127064,46.39296,11.55,99.7
200000031,2026-03-01 05:58:00+00:00,12.852434,47.18378,12.9,58.0
200000032,2026-03-01 05:58:00+00:00,12.737236,43.569512,10.57,277.4
200000033,2026-03-01 05:58:00+00:00,13.096609,43.572777,11.54,291.9
200000034,2026-03-01 05:58:00+00:00,12.266619,43.052496,11.77,259.7
200000035,2026-03-01 05:58:00+00:00,13.165227,46.47851,10.37,43.2
200000036,2026-03-01 05:58:00+00:00,13.403784,45.088459,9.65,62.4
200000037,2026-03-01 05:58:00+00:00,12.383847,44.171913,15.63,245.7
200000038,2026-03-01 05:58:00+00:00,13.181293,44.953688,16.18,296.6
200000039,2026-03-01 05:58:00+00:00,12.581293,45.953688,16.1,120.3
200000040,2026-03-01 05:58:00+00:00,12.981617,45.491184,12.41,17.7
